Copyright 1986-2022 Xilinx, Inc. All Rights Reserved. Copyright 2022-2024 Advanced Micro Devices, Inc. All Rights Reserved.
------------------------------------------------------------------------------------------------------------------------------------------------------------------------------------------------------------------------------------------------------------------------------------
| Tool Version : Vivado v.2024.2 (win64) Build 5239630 Fri Nov 08 22:35:27 MST 2024
| Date         : Mon Sep  7 04:17:41 2026
| Host         : LAPTOP-T2KVGKLT running 64-bit major release  (build 9200)
| Command      : report_timing_summary -max_paths 10 -report_unconstrained -warn_on_violation -file design_1_wrapper_timing_summary_postroute_physopted.rpt -pb design_1_wrapper_timing_summary_postroute_physopted.pb -rpx design_1_wrapper_timing_summary_postroute_physopted.rpx
| Design       : design_1_wrapper
| Device       : 7z020-clg400
| Speed File   : -1  PRODUCTION 1.12 2019-11-22
| Design State : Physopt postRoute
------------------------------------------------------------------------------------------------------------------------------------------------------------------------------------------------------------------------------------------------------------------------------------

Timing Summary Report

------------------------------------------------------------------------------------------------
| Timer Settings
| --------------
------------------------------------------------------------------------------------------------

  Enable Multi Corner Analysis               :  Yes
  Enable Pessimism Removal                   :  Yes
  Pessimism Removal Resolution               :  Nearest Common Node
  Enable Input Delay Default Clock           :  No
  Enable Preset / Clear Arcs                 :  No
  Disable Flight Delays                      :  No
  Ignore I/O Paths                           :  No
  Timing Early Launch at Borrowing Latches   :  No
  Borrow Time for Max Delay Exceptions       :  Yes
  Merge Timing Exceptions                    :  Yes
  Inter-SLR Compensation                     :  Conservative

  Corner  Analyze    Analyze    
  Name    Max Paths  Min Paths  
  ------  ---------  ---------  
  Slow    Yes        Yes        
  Fast    Yes        Yes        


------------------------------------------------------------------------------------------------
| Report Methodology
| ------------------
------------------------------------------------------------------------------------------------

Rule     Severity  Description                   Violations  
-------  --------  ----------------------------  ----------  
LUTAR-1  Warning   LUT drives async reset alert  3           

Note: This report is based on the most recent report_methodology run and may not be up-to-date. Run report_methodology on the current design for the latest report.



check_timing report

Table of Contents
-----------------
1. checking no_clock (0)
2. checking constant_clock (0)
3. checking pulse_width_clock (0)
4. checking unconstrained_internal_endpoints (0)
5. checking no_input_delay (0)
6. checking no_output_delay (0)
7. checking multiple_clock (0)
8. checking generated_clocks (0)
9. checking loops (0)
10. checking partial_input_delay (0)
11. checking partial_output_delay (0)
12. checking latch_loops (0)

1. checking no_clock (0)
------------------------
 There are 0 register/latch pins with no clock.


2. checking constant_clock (0)
------------------------------
 There are 0 register/latch pins with constant_clock.


3. checking pulse_width_clock (0)
---------------------------------
 There are 0 register/latch pins which need pulse_width check


4. checking unconstrained_internal_endpoints (0)
------------------------------------------------
 There are 0 pins that are not constrained for maximum delay.

 There are 0 pins that are not constrained for maximum delay due to constant clock.


5. checking no_input_delay (0)
------------------------------
 There are 0 input ports with no input delay specified.

 There are 0 input ports with no input delay but user has a false path constraint.


6. checking no_output_delay (0)
-------------------------------
 There are 0 ports with no output delay specified.

 There are 0 ports with no output delay but user has a false path constraint

 There are 0 ports with no output delay but with a timing clock defined on it or propagating through it


7. checking multiple_clock (0)
------------------------------
 There are 0 register/latch pins with multiple clocks.


8. checking generated_clocks (0)
--------------------------------
 There are 0 generated clocks that are not connected to a clock source.


9. checking loops (0)
---------------------
 There are 0 combinational loops in the design.


10. checking partial_input_delay (0)
------------------------------------
 There are 0 input ports with partial input delay specified.


11. checking partial_output_delay (0)
-------------------------------------
 There are 0 ports with partial output delay specified.


12. checking latch_loops (0)
----------------------------
 There are 0 combinational latch loops in the design through latch input



------------------------------------------------------------------------------------------------
| Design Timing Summary
| ---------------------
------------------------------------------------------------------------------------------------

    WNS(ns)      TNS(ns)  TNS Failing Endpoints  TNS Total Endpoints      WHS(ns)      THS(ns)  THS Failing Endpoints  THS Total Endpoints     WPWS(ns)     TPWS(ns)  TPWS Failing Endpoints  TPWS Total Endpoints  
    -------      -------  ---------------------  -------------------      -------      -------  ---------------------  -------------------     --------     --------  ----------------------  --------------------  
      4.857        0.000                      0                30349        0.018        0.000                      0                30349       15.250        0.000                       0                  9548  


All user specified timing constraints are met.


------------------------------------------------------------------------------------------------
| Clock Summary
| -------------
------------------------------------------------------------------------------------------------

Clock       Waveform(ns)       Period(ns)      Frequency(MHz)
-----       ------------       ----------      --------------
clk_fpga_0  {0.000 16.500}     33.000          30.303          


------------------------------------------------------------------------------------------------
| Intra Clock Table
| -----------------
------------------------------------------------------------------------------------------------

Clock             WNS(ns)      TNS(ns)  TNS Failing Endpoints  TNS Total Endpoints      WHS(ns)      THS(ns)  THS Failing Endpoints  THS Total Endpoints     WPWS(ns)     TPWS(ns)  TPWS Failing Endpoints  TPWS Total Endpoints  
-----             -------      -------  ---------------------  -------------------      -------      -------  ---------------------  -------------------     --------     --------  ----------------------  --------------------  
clk_fpga_0          4.857        0.000                      0                25836        0.018        0.000                      0                25836       15.250        0.000                       0                  9548  


------------------------------------------------------------------------------------------------
| Inter Clock Table
| -----------------
------------------------------------------------------------------------------------------------

From Clock    To Clock          WNS(ns)      TNS(ns)  TNS Failing Endpoints  TNS Total Endpoints      WHS(ns)      THS(ns)  THS Failing Endpoints  THS Total Endpoints  
----------    --------          -------      -------  ---------------------  -------------------      -------      -------  ---------------------  -------------------  


------------------------------------------------------------------------------------------------
| Other Path Groups Table
| -----------------------
------------------------------------------------------------------------------------------------

Path Group         From Clock         To Clock               WNS(ns)      TNS(ns)  TNS Failing Endpoints  TNS Total Endpoints      WHS(ns)      THS(ns)  THS Failing Endpoints  THS Total Endpoints  
----------         ----------         --------               -------      -------  ---------------------  -------------------      -------      -------  ---------------------  -------------------  
**async_default**  clk_fpga_0         clk_fpga_0              20.697        0.000                      0                 4513        0.562        0.000                      0                 4513  


------------------------------------------------------------------------------------------------
| User Ignored Path Table
| -----------------------
------------------------------------------------------------------------------------------------

Path Group    From Clock    To Clock    
----------    ----------    --------    
(none)                      clk_fpga_0    
(none)        clk_fpga_0    clk_fpga_0    


------------------------------------------------------------------------------------------------
| Unconstrained Path Table
| ------------------------
------------------------------------------------------------------------------------------------

Path Group    From Clock    To Clock    
----------    ----------    --------    


------------------------------------------------------------------------------------------------
| Timing Details
| --------------
------------------------------------------------------------------------------------------------


---------------------------------------------------------------------------------------------------
From Clock:  clk_fpga_0
  To Clock:  clk_fpga_0

Setup :            0  Failing Endpoints,  Worst Slack        4.857ns,  Total Violation        0.000ns
Hold  :            0  Failing Endpoints,  Worst Slack        0.018ns,  Total Violation        0.000ns
PW    :            0  Failing Endpoints,  Worst Slack       15.250ns,  Total Violation        0.000ns
---------------------------------------------------------------------------------------------------


Max Delay Paths
--------------------------------------------------------------------------------------
Slack (MET) :             4.857ns  (required time - arrival time)
  Source:                 design_1_i/ldpc_encoder_0/inst/ldpc_encoder_core/csr_decoder/val_rom_gen[1].set_rom_gen[1].val_rom/douta_o_reg/CLKARDCLK
                            (rising edge-triggered cell RAMB18E1 clocked by clk_fpga_0  {rise@0.000ns fall@16.500ns period=33.000ns})
  Destination:            design_1_i/ldpc_encoder_0/inst/ldpc_encoder_core/p_norm_qdly_reg[2][7]/D
                            (rising edge-triggered cell FDCE clocked by clk_fpga_0  {rise@0.000ns fall@16.500ns period=33.000ns})
  Path Group:             clk_fpga_0
  Path Type:              Setup (Max at Slow Process Corner)
  Requirement:            33.000ns  (clk_fpga_0 rise@33.000ns - clk_fpga_0 rise@0.000ns)
  Data Path Delay:        27.639ns  (logic 13.602ns (49.214%)  route 14.037ns (50.786%))
  Logic Levels:           39  (CARRY4=20 LUT2=1 LUT3=7 LUT4=1 LUT5=6 LUT6=3 MUXF7=1)
  Clock Path Skew:        -0.089ns (DCD - SCD + CPR)
    Destination Clock Delay (DCD):    2.802ns = ( 35.802 - 33.000 ) 
    Source Clock Delay      (SCD):    3.121ns
    Clock Pessimism Removal (CPR):    0.230ns
  Clock Uncertainty:      0.496ns  ((TSJ^2 + TIJ^2)^1/2 + DJ) / 2 + PE
    Total System Jitter     (TSJ):    0.071ns
    Total Input Jitter      (TIJ):    0.990ns
    Discrete Jitter          (DJ):    0.000ns
    Phase Error              (PE):    0.000ns

    Location             Delay type                Incr(ns)  Path(ns)    Netlist Resource(s)
  -------------------------------------------------------------------    -------------------
                         (clock clk_fpga_0 rise edge)
                                                      0.000     0.000 r  
    PS7_X0Y0             PS7                          0.000     0.000 r  design_1_i/processing_system7_0/inst/PS7_i/FCLKCLK[0]
                         net (fo=1, routed)           1.193     1.193    design_1_i/processing_system7_0/inst/FCLK_CLK_unbuffered[0]
    BUFGCTRL_X0Y16       BUFG (Prop_bufg_I_O)         0.101     1.294 r  design_1_i/processing_system7_0/inst/buffer_fclk_clk_0.FCLK_CLK_0_BUFG/O
                         net (fo=9550, routed)        1.827     3.121    design_1_i/ldpc_encoder_0/inst/ldpc_encoder_core/csr_decoder/val_rom_gen[1].set_rom_gen[1].val_rom/clk_i
    RAMB18_X5Y8          RAMB18E1                                     r  design_1_i/ldpc_encoder_0/inst/ldpc_encoder_core/csr_decoder/val_rom_gen[1].set_rom_gen[1].val_rom/douta_o_reg/CLKARDCLK
  -------------------------------------------------------------------    -------------------
    RAMB18_X5Y8          RAMB18E1 (Prop_ramb18e1_CLKARDCLK_DOADO[8])
                                                      2.454     5.575 r  design_1_i/ldpc_encoder_0/inst/ldpc_encoder_core/csr_decoder/val_rom_gen[1].set_rom_gen[1].val_rom/douta_o_reg/DOADO[8]
                         net (fo=1, routed)           1.471     7.047    design_1_i/ldpc_encoder_0/inst/ldpc_encoder_core/csr_decoder/zc_decoder/val_rom_gen[1].val_held_q_reg[0][8]_4[8]
    SLICE_X106Y26        LUT6 (Prop_lut6_I3_O)        0.124     7.171 r  design_1_i/ldpc_encoder_0/inst/ldpc_encoder_core/csr_decoder/zc_decoder/val_rom_gen[1].val_held_q[0][8]_i_2/O
                         net (fo=1, routed)           0.000     7.171    design_1_i/ldpc_encoder_0/inst/ldpc_encoder_core/csr_decoder/zc_decoder/val_rom_gen[1].val_held_q[0][8]_i_2_n_0
    SLICE_X106Y26        MUXF7 (Prop_muxf7_I0_O)      0.212     7.383 r  design_1_i/ldpc_encoder_0/inst/ldpc_encoder_core/csr_decoder/zc_decoder/val_rom_gen[1].val_held_q_reg[0][8]_i_1/O
                         net (fo=2, routed)           0.920     8.303    design_1_i/ldpc_encoder_0/inst/ldpc_encoder_core/csr_decoder/zc_decoder/i_ls_o_reg[2]_0[8]
    SLICE_X111Y12        LUT4 (Prop_lut4_I0_O)        0.299     8.602 r  design_1_i/ldpc_encoder_0/inst/ldpc_encoder_core/csr_decoder/zc_decoder/mem_q[0][permutation][2][8]_i_1/O
                         net (fo=2, routed)           0.464     9.066    design_1_i/ldpc_encoder_0/inst/ldpc_encoder_core/csr_decoder/ldpc_io_reg/i_fifo/mem_q_reg[0][permutation][2][8]_0[8]
    SLICE_X109Y11        LUT5 (Prop_lut5_I4_O)        0.124     9.190 r  design_1_i/ldpc_encoder_0/inst/ldpc_encoder_core/csr_decoder/ldpc_io_reg/i_fifo/p_norm_qdly[2][8]_i_16/O
                         net (fo=3, routed)           1.287    10.477    design_1_i/ldpc_encoder_0/inst/ldpc_encoder_core/csr_decoder/ldpc_io_reg/i_fifo/permutation_q[2]_101[8]
    SLICE_X97Y6          LUT2 (Prop_lut2_I1_O)        0.150    10.627 f  design_1_i/ldpc_encoder_0/inst/ldpc_encoder_core/csr_decoder/ldpc_io_reg/i_fifo/p_norm_qdly[2][8]_i_119/O
                         net (fo=5, routed)           0.630    11.257    design_1_i/ldpc_encoder_0/inst/ldpc_encoder_core/csr_decoder/ldpc_io_reg/i_fifo/p_norm_qdly[2][8]_i_119_n_0
    SLICE_X101Y9         LUT5 (Prop_lut5_I0_O)        0.326    11.583 r  design_1_i/ldpc_encoder_0/inst/ldpc_encoder_core/csr_decoder/ldpc_io_reg/i_fifo/p_norm_qdly[2][8]_i_118/O
                         net (fo=16, routed)          1.187    12.769    design_1_i/ldpc_encoder_0/inst/ldpc_encoder_core/csr_decoder/ldpc_io_reg/i_fifo/p_norm_qdly[2][8]_i_118_n_0
    SLICE_X98Y15         LUT5 (Prop_lut5_I4_O)        0.150    12.919 r  design_1_i/ldpc_encoder_0/inst/ldpc_encoder_core/csr_decoder/ldpc_io_reg/i_fifo/p_norm_qdly[2][8]_i_104/O
                         net (fo=1, routed)           0.523    13.442    design_1_i/ldpc_encoder_0/inst/ldpc_encoder_core/csr_decoder/ldpc_io_reg/i_fifo/p_norm_qdly[2][8]_i_104_n_0
    SLICE_X99Y16         CARRY4 (Prop_carry4_DI[1]_CO[3])
                                                      0.711    14.153 r  design_1_i/ldpc_encoder_0/inst/ldpc_encoder_core/csr_decoder/ldpc_io_reg/i_fifo/p_norm_qdly_reg[2][8]_i_86/CO[3]
                         net (fo=1, routed)           0.000    14.153    design_1_i/ldpc_encoder_0/inst/ldpc_encoder_core/csr_decoder/ldpc_io_reg/i_fifo/p_norm_qdly_reg[2][8]_i_86_n_0
    SLICE_X99Y17         CARRY4 (Prop_carry4_CI_CO[1])
                                                      0.157    14.310 r  design_1_i/ldpc_encoder_0/inst/ldpc_encoder_core/csr_decoder/ldpc_io_reg/i_fifo/p_norm_qdly_reg[2][8]_i_85/CO[1]
                         net (fo=12, routed)          0.662    14.972    design_1_i/ldpc_encoder_0/inst/ldpc_encoder_core/csr_decoder/ldpc_io_reg/i_fifo/p_norm_qdly_reg[2][8]_i_85_n_2
    SLICE_X101Y15        LUT3 (Prop_lut3_I0_O)        0.329    15.301 r  design_1_i/ldpc_encoder_0/inst/ldpc_encoder_core/csr_decoder/ldpc_io_reg/i_fifo/p_norm_qdly[2][8]_i_97/O
                         net (fo=1, routed)           0.000    15.301    design_1_i/ldpc_encoder_0/inst/ldpc_encoder_core/csr_decoder/ldpc_io_reg/i_fifo/p_norm_qdly[2][8]_i_97_n_0
    SLICE_X101Y15        CARRY4 (Prop_carry4_S[1]_CO[3])
                                                      0.550    15.851 r  design_1_i/ldpc_encoder_0/inst/ldpc_encoder_core/csr_decoder/ldpc_io_reg/i_fifo/p_norm_qdly_reg[2][8]_i_77/CO[3]
                         net (fo=1, routed)           0.000    15.851    design_1_i/ldpc_encoder_0/inst/ldpc_encoder_core/csr_decoder/ldpc_io_reg/i_fifo/p_norm_qdly_reg[2][8]_i_77_n_0
    SLICE_X101Y16        CARRY4 (Prop_carry4_CI_CO[3])
                                                      0.114    15.965 r  design_1_i/ldpc_encoder_0/inst/ldpc_encoder_core/csr_decoder/ldpc_io_reg/i_fifo/p_norm_qdly_reg[2][8]_i_73/CO[3]
                         net (fo=1, routed)           0.000    15.965    design_1_i/ldpc_encoder_0/inst/ldpc_encoder_core/csr_decoder/ldpc_io_reg/i_fifo/p_norm_qdly_reg[2][8]_i_73_n_0
    SLICE_X101Y17        CARRY4 (Prop_carry4_CI_CO[2])
                                                      0.228    16.193 r  design_1_i/ldpc_encoder_0/inst/ldpc_encoder_core/csr_decoder/ldpc_io_reg/i_fifo/p_norm_qdly_reg[2][8]_i_72/CO[2]
                         net (fo=12, routed)          0.628    16.821    design_1_i/ldpc_encoder_0/inst/ldpc_encoder_core/csr_decoder/ldpc_io_reg/i_fifo/p_norm_qdly_reg[2][8]_i_72_n_1
    SLICE_X100Y17        LUT3 (Prop_lut3_I0_O)        0.313    17.134 r  design_1_i/ldpc_encoder_0/inst/ldpc_encoder_core/csr_decoder/ldpc_io_reg/i_fifo/p_norm_qdly[2][8]_i_80/O
                         net (fo=1, routed)           0.000    17.134    design_1_i/ldpc_encoder_0/inst/ldpc_encoder_core/csr_decoder/ldpc_io_reg/i_fifo/p_norm_qdly[2][8]_i_80_n_0
    SLICE_X100Y17        CARRY4 (Prop_carry4_S[1]_CO[3])
                                                      0.533    17.667 r  design_1_i/ldpc_encoder_0/inst/ldpc_encoder_core/csr_decoder/ldpc_io_reg/i_fifo/p_norm_qdly_reg[2][8]_i_60/CO[3]
                         net (fo=1, routed)           0.000    17.667    design_1_i/ldpc_encoder_0/inst/ldpc_encoder_core/csr_decoder/ldpc_io_reg/i_fifo/p_norm_qdly_reg[2][8]_i_60_n_0
    SLICE_X100Y18        CARRY4 (Prop_carry4_CI_CO[2])
                                                      0.229    17.896 r  design_1_i/ldpc_encoder_0/inst/ldpc_encoder_core/csr_decoder/ldpc_io_reg/i_fifo/p_norm_qdly_reg[2][8]_i_59/CO[2]
                         net (fo=12, routed)          0.671    18.568    design_1_i/ldpc_encoder_0/inst/ldpc_encoder_core/csr_decoder/ldpc_io_reg/i_fifo/p_norm_qdly_reg[2][8]_i_59_n_1
    SLICE_X100Y13        LUT3 (Prop_lut3_I0_O)        0.310    18.878 r  design_1_i/ldpc_encoder_0/inst/ldpc_encoder_core/csr_decoder/ldpc_io_reg/i_fifo/p_norm_qdly[2][8]_i_71/O
                         net (fo=1, routed)           0.000    18.878    design_1_i/ldpc_encoder_0/inst/ldpc_encoder_core/csr_decoder/ldpc_io_reg/i_fifo/p_norm_qdly[2][8]_i_71_n_0
    SLICE_X100Y13        CARRY4 (Prop_carry4_S[1]_CO[3])
                                                      0.533    19.411 r  design_1_i/ldpc_encoder_0/inst/ldpc_encoder_core/csr_decoder/ldpc_io_reg/i_fifo/p_norm_qdly_reg[2][8]_i_51/CO[3]
                         net (fo=1, routed)           0.000    19.411    design_1_i/ldpc_encoder_0/inst/ldpc_encoder_core/csr_decoder/ldpc_io_reg/i_fifo/p_norm_qdly_reg[2][8]_i_51_n_0
    SLICE_X100Y14        CARRY4 (Prop_carry4_CI_CO[3])
                                                      0.117    19.528 r  design_1_i/ldpc_encoder_0/inst/ldpc_encoder_core/csr_decoder/ldpc_io_reg/i_fifo/p_norm_qdly_reg[2][8]_i_47/CO[3]
                         net (fo=1, routed)           0.000    19.528    design_1_i/ldpc_encoder_0/inst/ldpc_encoder_core/csr_decoder/ldpc_io_reg/i_fifo/p_norm_qdly_reg[2][8]_i_47_n_0
    SLICE_X100Y15        CARRY4 (Prop_carry4_CI_CO[2])
                                                      0.229    19.757 r  design_1_i/ldpc_encoder_0/inst/ldpc_encoder_core/csr_decoder/ldpc_io_reg/i_fifo/p_norm_qdly_reg[2][8]_i_46/CO[2]
                         net (fo=12, routed)          0.628    20.384    design_1_i/ldpc_encoder_0/inst/ldpc_encoder_core/csr_decoder/ldpc_io_reg/i_fifo/p_norm_qdly_reg[2][8]_i_46_n_1
    SLICE_X101Y12        LUT3 (Prop_lut3_I0_O)        0.310    20.694 r  design_1_i/ldpc_encoder_0/inst/ldpc_encoder_core/csr_decoder/ldpc_io_reg/i_fifo/p_norm_qdly[2][8]_i_58/O
                         net (fo=1, routed)           0.000    20.694    design_1_i/ldpc_encoder_0/inst/ldpc_encoder_core/csr_decoder/ldpc_io_reg/i_fifo/p_norm_qdly[2][8]_i_58_n_0
    SLICE_X101Y12        CARRY4 (Prop_carry4_S[1]_CO[3])
                                                      0.550    21.244 r  design_1_i/ldpc_encoder_0/inst/ldpc_encoder_core/csr_decoder/ldpc_io_reg/i_fifo/p_norm_qdly_reg[2][8]_i_38/CO[3]
                         net (fo=1, routed)           0.000    21.244    design_1_i/ldpc_encoder_0/inst/ldpc_encoder_core/csr_decoder/ldpc_io_reg/i_fifo/p_norm_qdly_reg[2][8]_i_38_n_0
    SLICE_X101Y13        CARRY4 (Prop_carry4_CI_CO[3])
                                                      0.114    21.358 r  design_1_i/ldpc_encoder_0/inst/ldpc_encoder_core/csr_decoder/ldpc_io_reg/i_fifo/p_norm_qdly_reg[2][8]_i_34/CO[3]
                         net (fo=1, routed)           0.000    21.358    design_1_i/ldpc_encoder_0/inst/ldpc_encoder_core/csr_decoder/ldpc_io_reg/i_fifo/p_norm_qdly_reg[2][8]_i_34_n_0
    SLICE_X101Y14        CARRY4 (Prop_carry4_CI_CO[2])
                                                      0.228    21.586 r  design_1_i/ldpc_encoder_0/inst/ldpc_encoder_core/csr_decoder/ldpc_io_reg/i_fifo/p_norm_qdly_reg[2][8]_i_33/CO[2]
                         net (fo=12, routed)          0.669    22.255    design_1_i/ldpc_encoder_0/inst/ldpc_encoder_core/csr_decoder/ldpc_io_reg/i_fifo/p_norm_qdly_reg[2][8]_i_33_n_1
    SLICE_X96Y11         LUT3 (Prop_lut3_I0_O)        0.313    22.568 r  design_1_i/ldpc_encoder_0/inst/ldpc_encoder_core/csr_decoder/ldpc_io_reg/i_fifo/p_norm_qdly[2][8]_i_45/O
                         net (fo=1, routed)           0.000    22.568    design_1_i/ldpc_encoder_0/inst/ldpc_encoder_core/csr_decoder/ldpc_io_reg/i_fifo/p_norm_qdly[2][8]_i_45_n_0
    SLICE_X96Y11         CARRY4 (Prop_carry4_S[1]_CO[3])
                                                      0.533    23.101 r  design_1_i/ldpc_encoder_0/inst/ldpc_encoder_core/csr_decoder/ldpc_io_reg/i_fifo/p_norm_qdly_reg[2][8]_i_24/CO[3]
                         net (fo=1, routed)           0.000    23.101    design_1_i/ldpc_encoder_0/inst/ldpc_encoder_core/csr_decoder/ldpc_io_reg/i_fifo/p_norm_qdly_reg[2][8]_i_24_n_0
    SLICE_X96Y12         CARRY4 (Prop_carry4_CI_CO[3])
                                                      0.117    23.218 r  design_1_i/ldpc_encoder_0/inst/ldpc_encoder_core/csr_decoder/ldpc_io_reg/i_fifo/p_norm_qdly_reg[2][8]_i_20/CO[3]
                         net (fo=1, routed)           0.000    23.218    design_1_i/ldpc_encoder_0/inst/ldpc_encoder_core/csr_decoder/ldpc_io_reg/i_fifo/p_norm_qdly_reg[2][8]_i_20_n_0
    SLICE_X96Y13         CARRY4 (Prop_carry4_CI_CO[2])
                                                      0.229    23.447 r  design_1_i/ldpc_encoder_0/inst/ldpc_encoder_core/csr_decoder/ldpc_io_reg/i_fifo/p_norm_qdly_reg[2][8]_i_19/CO[2]
                         net (fo=12, routed)          0.887    24.334    design_1_i/ldpc_encoder_0/inst/ldpc_encoder_core/csr_decoder/ldpc_io_reg/i_fifo/p_norm_qdly_reg[2][8]_i_19_n_1
    SLICE_X100Y10        LUT3 (Prop_lut3_I0_O)        0.310    24.644 r  design_1_i/ldpc_encoder_0/inst/ldpc_encoder_core/csr_decoder/ldpc_io_reg/i_fifo/p_norm_qdly[2][6]_i_9/O
                         net (fo=1, routed)           0.000    24.644    design_1_i/ldpc_encoder_0/inst/ldpc_encoder_core/csr_decoder/ldpc_io_reg/i_fifo/p_norm_qdly[2][6]_i_9_n_0
    SLICE_X100Y10        CARRY4 (Prop_carry4_S[3]_CO[3])
                                                      0.376    25.020 r  design_1_i/ldpc_encoder_0/inst/ldpc_encoder_core/csr_decoder/ldpc_io_reg/i_fifo/p_norm_qdly_reg[2][6]_i_4/CO[3]
                         net (fo=1, routed)           0.000    25.020    design_1_i/ldpc_encoder_0/inst/ldpc_encoder_core/csr_decoder/ldpc_io_reg/i_fifo/p_norm_qdly_reg[2][6]_i_4_n_0
    SLICE_X100Y11        CARRY4 (Prop_carry4_CI_CO[3])
                                                      0.117    25.137 r  design_1_i/ldpc_encoder_0/inst/ldpc_encoder_core/csr_decoder/ldpc_io_reg/i_fifo/p_norm_qdly_reg[2][8]_i_10/CO[3]
                         net (fo=1, routed)           0.000    25.137    design_1_i/ldpc_encoder_0/inst/ldpc_encoder_core/csr_decoder/ldpc_io_reg/i_fifo/p_norm_qdly_reg[2][8]_i_10_n_0
    SLICE_X100Y12        CARRY4 (Prop_carry4_CI_CO[2])
                                                      0.229    25.366 r  design_1_i/ldpc_encoder_0/inst/ldpc_encoder_core/csr_decoder/ldpc_io_reg/i_fifo/p_norm_qdly_reg[2][8]_i_9/CO[2]
                         net (fo=12, routed)          0.622    25.989    design_1_i/ldpc_encoder_0/inst/ldpc_encoder_core/csr_decoder/ldpc_io_reg/i_fifo/p_norm_qdly_reg[2][8]_i_9_n_1
    SLICE_X99Y10         LUT3 (Prop_lut3_I0_O)        0.310    26.299 r  design_1_i/ldpc_encoder_0/inst/ldpc_encoder_core/csr_decoder/ldpc_io_reg/i_fifo/p_norm_qdly[2][2]_i_7/O
                         net (fo=1, routed)           0.000    26.299    design_1_i/ldpc_encoder_0/inst/ldpc_encoder_core/csr_decoder/ldpc_io_reg/i_fifo/p_norm_qdly[2][2]_i_7_n_0
    SLICE_X99Y10         CARRY4 (Prop_carry4_S[1]_O[3])
                                                      0.640    26.939 r  design_1_i/ldpc_encoder_0/inst/ldpc_encoder_core/csr_decoder/ldpc_io_reg/i_fifo/p_norm_qdly_reg[2][2]_i_2/O[3]
                         net (fo=2, routed)           0.976    27.915    design_1_i/ldpc_encoder_0/inst/ldpc_encoder_core/csr_decoder/ldpc_io_reg/i_fifo/p_norm_qdly_reg[2][2]_i_2_n_4
    SLICE_X94Y6          LUT6 (Prop_lut6_I5_O)        0.306    28.221 f  design_1_i/ldpc_encoder_0/inst/ldpc_encoder_core/csr_decoder/ldpc_io_reg/i_fifo/p_norm_qdly[2][3]_i_2/O
                         net (fo=4, routed)           0.738    28.959    design_1_i/ldpc_encoder_0/inst/ldpc_encoder_core/csr_decoder/ldpc_io_reg/i_fifo/p_norm_qdly[2][3]_i_2_n_0
    SLICE_X95Y9          LUT5 (Prop_lut5_I4_O)        0.153    29.112 f  design_1_i/ldpc_encoder_0/inst/ldpc_encoder_core/csr_decoder/ldpc_io_reg/i_fifo/p_norm_qdly[2][8]_i_8/O
                         net (fo=2, routed)           0.599    29.711    design_1_i/ldpc_encoder_0/inst/ldpc_encoder_core/csr_decoder/ldpc_io_reg/i_fifo/p_norm_qdly[2][8]_i_8_n_0
    SLICE_X96Y9          LUT5 (Prop_lut5_I2_O)        0.327    30.038 r  design_1_i/ldpc_encoder_0/inst/ldpc_encoder_core/csr_decoder/ldpc_io_reg/i_fifo/p_norm_qdly[2][6]_i_3/O
                         net (fo=2, routed)           0.313    30.350    design_1_i/ldpc_encoder_0/inst/ldpc_encoder_core/csr_decoder/ldpc_io_reg/i_fifo/p_norm_qdly[2][6]_i_3_n_0
    SLICE_X96Y8          LUT6 (Prop_lut6_I3_O)        0.124    30.474 r  design_1_i/ldpc_encoder_0/inst/ldpc_encoder_core/csr_decoder/ldpc_io_reg/i_fifo/p_norm_qdly[2][7]_i_2/O
                         net (fo=1, routed)           0.162    30.636    design_1_i/ldpc_encoder_0/inst/ldpc_encoder_core/csr_decoder/ldpc_io_reg/i_fifo/p_norm_qdly[2][7]_i_2_n_0
    SLICE_X96Y8          LUT5 (Prop_lut5_I4_O)        0.124    30.760 r  design_1_i/ldpc_encoder_0/inst/ldpc_encoder_core/csr_decoder/ldpc_io_reg/i_fifo/p_norm_qdly[2][7]_i_1/O
                         net (fo=1, routed)           0.000    30.760    design_1_i/ldpc_encoder_0/inst/ldpc_encoder_core/p_norm_q[2]_121[7]
    SLICE_X96Y8          FDCE                                         r  design_1_i/ldpc_encoder_0/inst/ldpc_encoder_core/p_norm_qdly_reg[2][7]/D
  -------------------------------------------------------------------    -------------------

                         (clock clk_fpga_0 rise edge)
                                                     33.000    33.000 r  
    PS7_X0Y0             PS7                          0.000    33.000 r  design_1_i/processing_system7_0/inst/PS7_i/FCLKCLK[0]
                         net (fo=1, routed)           1.088    34.088    design_1_i/processing_system7_0/inst/FCLK_CLK_unbuffered[0]
    BUFGCTRL_X0Y16       BUFG (Prop_bufg_I_O)         0.091    34.179 r  design_1_i/processing_system7_0/inst/buffer_fclk_clk_0.FCLK_CLK_0_BUFG/O
                         net (fo=9550, routed)        1.623    35.803    design_1_i/ldpc_encoder_0/inst/ldpc_encoder_core/clk_i
    SLICE_X96Y8          FDCE                                         r  design_1_i/ldpc_encoder_0/inst/ldpc_encoder_core/p_norm_qdly_reg[2][7]/C
                         clock pessimism              0.230    36.032    
                         clock uncertainty           -0.496    35.536    
    SLICE_X96Y8          FDCE (Setup_fdce_C_D)        0.081    35.617    design_1_i/ldpc_encoder_0/inst/ldpc_encoder_core/p_norm_qdly_reg[2][7]
  -------------------------------------------------------------------
                         required time                         35.617    
                         arrival time                         -30.760    
  -------------------------------------------------------------------
                         slack                                  4.857    

Slack (MET) :             5.135ns  (required time - arrival time)
  Source:                 design_1_i/ldpc_encoder_0/inst/ldpc_encoder_core/csr_decoder/val_rom_gen[1].set_rom_gen[1].val_rom/douta_o_reg/CLKARDCLK
                            (rising edge-triggered cell RAMB18E1 clocked by clk_fpga_0  {rise@0.000ns fall@16.500ns period=33.000ns})
  Destination:            design_1_i/ldpc_encoder_0/inst/ldpc_encoder_core/p_norm_qdly_reg[2][6]/D
                            (rising edge-triggered cell FDCE clocked by clk_fpga_0  {rise@0.000ns fall@16.500ns period=33.000ns})
  Path Group:             clk_fpga_0
  Path Type:              Setup (Max at Slow Process Corner)
  Requirement:            33.000ns  (clk_fpga_0 rise@33.000ns - clk_fpga_0 rise@0.000ns)
  Data Path Delay:        27.357ns  (logic 13.478ns (49.268%)  route 13.879ns (50.732%))
  Logic Levels:           38  (CARRY4=20 LUT2=1 LUT3=7 LUT4=1 LUT5=5 LUT6=3 MUXF7=1)
  Clock Path Skew:        -0.089ns (DCD - SCD + CPR)
    Destination Clock Delay (DCD):    2.802ns = ( 35.802 - 33.000 ) 
    Source Clock Delay      (SCD):    3.121ns
    Clock Pessimism Removal (CPR):    0.230ns
  Clock Uncertainty:      0.496ns  ((TSJ^2 + TIJ^2)^1/2 + DJ) / 2 + PE
    Total System Jitter     (TSJ):    0.071ns
    Total Input Jitter      (TIJ):    0.990ns
    Discrete Jitter          (DJ):    0.000ns
    Phase Error              (PE):    0.000ns

    Location             Delay type                Incr(ns)  Path(ns)    Netlist Resource(s)
  -------------------------------------------------------------------    -------------------
                         (clock clk_fpga_0 rise edge)
                                                      0.000     0.000 r  
    PS7_X0Y0             PS7                          0.000     0.000 r  design_1_i/processing_system7_0/inst/PS7_i/FCLKCLK[0]
                         net (fo=1, routed)           1.193     1.193    design_1_i/processing_system7_0/inst/FCLK_CLK_unbuffered[0]
    BUFGCTRL_X0Y16       BUFG (Prop_bufg_I_O)         0.101     1.294 r  design_1_i/processing_system7_0/inst/buffer_fclk_clk_0.FCLK_CLK_0_BUFG/O
                         net (fo=9550, routed)        1.827     3.121    design_1_i/ldpc_encoder_0/inst/ldpc_encoder_core/csr_decoder/val_rom_gen[1].set_rom_gen[1].val_rom/clk_i
    RAMB18_X5Y8          RAMB18E1                                     r  design_1_i/ldpc_encoder_0/inst/ldpc_encoder_core/csr_decoder/val_rom_gen[1].set_rom_gen[1].val_rom/douta_o_reg/CLKARDCLK
  -------------------------------------------------------------------    -------------------
    RAMB18_X5Y8          RAMB18E1 (Prop_ramb18e1_CLKARDCLK_DOADO[8])
                                                      2.454     5.575 r  design_1_i/ldpc_encoder_0/inst/ldpc_encoder_core/csr_decoder/val_rom_gen[1].set_rom_gen[1].val_rom/douta_o_reg/DOADO[8]
                         net (fo=1, routed)           1.471     7.047    design_1_i/ldpc_encoder_0/inst/ldpc_encoder_core/csr_decoder/zc_decoder/val_rom_gen[1].val_held_q_reg[0][8]_4[8]
    SLICE_X106Y26        LUT6 (Prop_lut6_I3_O)        0.124     7.171 r  design_1_i/ldpc_encoder_0/inst/ldpc_encoder_core/csr_decoder/zc_decoder/val_rom_gen[1].val_held_q[0][8]_i_2/O
                         net (fo=1, routed)           0.000     7.171    design_1_i/ldpc_encoder_0/inst/ldpc_encoder_core/csr_decoder/zc_decoder/val_rom_gen[1].val_held_q[0][8]_i_2_n_0
    SLICE_X106Y26        MUXF7 (Prop_muxf7_I0_O)      0.212     7.383 r  design_1_i/ldpc_encoder_0/inst/ldpc_encoder_core/csr_decoder/zc_decoder/val_rom_gen[1].val_held_q_reg[0][8]_i_1/O
                         net (fo=2, routed)           0.920     8.303    design_1_i/ldpc_encoder_0/inst/ldpc_encoder_core/csr_decoder/zc_decoder/i_ls_o_reg[2]_0[8]
    SLICE_X111Y12        LUT4 (Prop_lut4_I0_O)        0.299     8.602 r  design_1_i/ldpc_encoder_0/inst/ldpc_encoder_core/csr_decoder/zc_decoder/mem_q[0][permutation][2][8]_i_1/O
                         net (fo=2, routed)           0.464     9.066    design_1_i/ldpc_encoder_0/inst/ldpc_encoder_core/csr_decoder/ldpc_io_reg/i_fifo/mem_q_reg[0][permutation][2][8]_0[8]
    SLICE_X109Y11        LUT5 (Prop_lut5_I4_O)        0.124     9.190 r  design_1_i/ldpc_encoder_0/inst/ldpc_encoder_core/csr_decoder/ldpc_io_reg/i_fifo/p_norm_qdly[2][8]_i_16/O
                         net (fo=3, routed)           1.287    10.477    design_1_i/ldpc_encoder_0/inst/ldpc_encoder_core/csr_decoder/ldpc_io_reg/i_fifo/permutation_q[2]_101[8]
    SLICE_X97Y6          LUT2 (Prop_lut2_I1_O)        0.150    10.627 f  design_1_i/ldpc_encoder_0/inst/ldpc_encoder_core/csr_decoder/ldpc_io_reg/i_fifo/p_norm_qdly[2][8]_i_119/O
                         net (fo=5, routed)           0.630    11.257    design_1_i/ldpc_encoder_0/inst/ldpc_encoder_core/csr_decoder/ldpc_io_reg/i_fifo/p_norm_qdly[2][8]_i_119_n_0
    SLICE_X101Y9         LUT5 (Prop_lut5_I0_O)        0.326    11.583 r  design_1_i/ldpc_encoder_0/inst/ldpc_encoder_core/csr_decoder/ldpc_io_reg/i_fifo/p_norm_qdly[2][8]_i_118/O
                         net (fo=16, routed)          1.187    12.769    design_1_i/ldpc_encoder_0/inst/ldpc_encoder_core/csr_decoder/ldpc_io_reg/i_fifo/p_norm_qdly[2][8]_i_118_n_0
    SLICE_X98Y15         LUT5 (Prop_lut5_I4_O)        0.150    12.919 r  design_1_i/ldpc_encoder_0/inst/ldpc_encoder_core/csr_decoder/ldpc_io_reg/i_fifo/p_norm_qdly[2][8]_i_104/O
                         net (fo=1, routed)           0.523    13.442    design_1_i/ldpc_encoder_0/inst/ldpc_encoder_core/csr_decoder/ldpc_io_reg/i_fifo/p_norm_qdly[2][8]_i_104_n_0
    SLICE_X99Y16         CARRY4 (Prop_carry4_DI[1]_CO[3])
                                                      0.711    14.153 r  design_1_i/ldpc_encoder_0/inst/ldpc_encoder_core/csr_decoder/ldpc_io_reg/i_fifo/p_norm_qdly_reg[2][8]_i_86/CO[3]
                         net (fo=1, routed)           0.000    14.153    design_1_i/ldpc_encoder_0/inst/ldpc_encoder_core/csr_decoder/ldpc_io_reg/i_fifo/p_norm_qdly_reg[2][8]_i_86_n_0
    SLICE_X99Y17         CARRY4 (Prop_carry4_CI_CO[1])
                                                      0.157    14.310 r  design_1_i/ldpc_encoder_0/inst/ldpc_encoder_core/csr_decoder/ldpc_io_reg/i_fifo/p_norm_qdly_reg[2][8]_i_85/CO[1]
                         net (fo=12, routed)          0.662    14.972    design_1_i/ldpc_encoder_0/inst/ldpc_encoder_core/csr_decoder/ldpc_io_reg/i_fifo/p_norm_qdly_reg[2][8]_i_85_n_2
    SLICE_X101Y15        LUT3 (Prop_lut3_I0_O)        0.329    15.301 r  design_1_i/ldpc_encoder_0/inst/ldpc_encoder_core/csr_decoder/ldpc_io_reg/i_fifo/p_norm_qdly[2][8]_i_97/O
                         net (fo=1, routed)           0.000    15.301    design_1_i/ldpc_encoder_0/inst/ldpc_encoder_core/csr_decoder/ldpc_io_reg/i_fifo/p_norm_qdly[2][8]_i_97_n_0
    SLICE_X101Y15        CARRY4 (Prop_carry4_S[1]_CO[3])
                                                      0.550    15.851 r  design_1_i/ldpc_encoder_0/inst/ldpc_encoder_core/csr_decoder/ldpc_io_reg/i_fifo/p_norm_qdly_reg[2][8]_i_77/CO[3]
                         net (fo=1, routed)           0.000    15.851    design_1_i/ldpc_encoder_0/inst/ldpc_encoder_core/csr_decoder/ldpc_io_reg/i_fifo/p_norm_qdly_reg[2][8]_i_77_n_0
    SLICE_X101Y16        CARRY4 (Prop_carry4_CI_CO[3])
                                                      0.114    15.965 r  design_1_i/ldpc_encoder_0/inst/ldpc_encoder_core/csr_decoder/ldpc_io_reg/i_fifo/p_norm_qdly_reg[2][8]_i_73/CO[3]
                         net (fo=1, routed)           0.000    15.965    design_1_i/ldpc_encoder_0/inst/ldpc_encoder_core/csr_decoder/ldpc_io_reg/i_fifo/p_norm_qdly_reg[2][8]_i_73_n_0
    SLICE_X101Y17        CARRY4 (Prop_carry4_CI_CO[2])
                                                      0.228    16.193 r  design_1_i/ldpc_encoder_0/inst/ldpc_encoder_core/csr_decoder/ldpc_io_reg/i_fifo/p_norm_qdly_reg[2][8]_i_72/CO[2]
                         net (fo=12, routed)          0.628    16.821    design_1_i/ldpc_encoder_0/inst/ldpc_encoder_core/csr_decoder/ldpc_io_reg/i_fifo/p_norm_qdly_reg[2][8]_i_72_n_1
    SLICE_X100Y17        LUT3 (Prop_lut3_I0_O)        0.313    17.134 r  design_1_i/ldpc_encoder_0/inst/ldpc_encoder_core/csr_decoder/ldpc_io_reg/i_fifo/p_norm_qdly[2][8]_i_80/O
                         net (fo=1, routed)           0.000    17.134    design_1_i/ldpc_encoder_0/inst/ldpc_encoder_core/csr_decoder/ldpc_io_reg/i_fifo/p_norm_qdly[2][8]_i_80_n_0
    SLICE_X100Y17        CARRY4 (Prop_carry4_S[1]_CO[3])
                                                      0.533    17.667 r  design_1_i/ldpc_encoder_0/inst/ldpc_encoder_core/csr_decoder/ldpc_io_reg/i_fifo/p_norm_qdly_reg[2][8]_i_60/CO[3]
                         net (fo=1, routed)           0.000    17.667    design_1_i/ldpc_encoder_0/inst/ldpc_encoder_core/csr_decoder/ldpc_io_reg/i_fifo/p_norm_qdly_reg[2][8]_i_60_n_0
    SLICE_X100Y18        CARRY4 (Prop_carry4_CI_CO[2])
                                                      0.229    17.896 r  design_1_i/ldpc_encoder_0/inst/ldpc_encoder_core/csr_decoder/ldpc_io_reg/i_fifo/p_norm_qdly_reg[2][8]_i_59/CO[2]
                         net (fo=12, routed)          0.671    18.568    design_1_i/ldpc_encoder_0/inst/ldpc_encoder_core/csr_decoder/ldpc_io_reg/i_fifo/p_norm_qdly_reg[2][8]_i_59_n_1
    SLICE_X100Y13        LUT3 (Prop_lut3_I0_O)        0.310    18.878 r  design_1_i/ldpc_encoder_0/inst/ldpc_encoder_core/csr_decoder/ldpc_io_reg/i_fifo/p_norm_qdly[2][8]_i_71/O
                         net (fo=1, routed)           0.000    18.878    design_1_i/ldpc_encoder_0/inst/ldpc_encoder_core/csr_decoder/ldpc_io_reg/i_fifo/p_norm_qdly[2][8]_i_71_n_0
    SLICE_X100Y13        CARRY4 (Prop_carry4_S[1]_CO[3])
                                                      0.533    19.411 r  design_1_i/ldpc_encoder_0/inst/ldpc_encoder_core/csr_decoder/ldpc_io_reg/i_fifo/p_norm_qdly_reg[2][8]_i_51/CO[3]
                         net (fo=1, routed)           0.000    19.411    design_1_i/ldpc_encoder_0/inst/ldpc_encoder_core/csr_decoder/ldpc_io_reg/i_fifo/p_norm_qdly_reg[2][8]_i_51_n_0
    SLICE_X100Y14        CARRY4 (Prop_carry4_CI_CO[3])
                                                      0.117    19.528 r  design_1_i/ldpc_encoder_0/inst/ldpc_encoder_core/csr_decoder/ldpc_io_reg/i_fifo/p_norm_qdly_reg[2][8]_i_47/CO[3]
                         net (fo=1, routed)           0.000    19.528    design_1_i/ldpc_encoder_0/inst/ldpc_encoder_core/csr_decoder/ldpc_io_reg/i_fifo/p_norm_qdly_reg[2][8]_i_47_n_0
    SLICE_X100Y15        CARRY4 (Prop_carry4_CI_CO[2])
                                                      0.229    19.757 r  design_1_i/ldpc_encoder_0/inst/ldpc_encoder_core/csr_decoder/ldpc_io_reg/i_fifo/p_norm_qdly_reg[2][8]_i_46/CO[2]
                         net (fo=12, routed)          0.628    20.384    design_1_i/ldpc_encoder_0/inst/ldpc_encoder_core/csr_decoder/ldpc_io_reg/i_fifo/p_norm_qdly_reg[2][8]_i_46_n_1
    SLICE_X101Y12        LUT3 (Prop_lut3_I0_O)        0.310    20.694 r  design_1_i/ldpc_encoder_0/inst/ldpc_encoder_core/csr_decoder/ldpc_io_reg/i_fifo/p_norm_qdly[2][8]_i_58/O
                         net (fo=1, routed)           0.000    20.694    design_1_i/ldpc_encoder_0/inst/ldpc_encoder_core/csr_decoder/ldpc_io_reg/i_fifo/p_norm_qdly[2][8]_i_58_n_0
    SLICE_X101Y12        CARRY4 (Prop_carry4_S[1]_CO[3])
                                                      0.550    21.244 r  design_1_i/ldpc_encoder_0/inst/ldpc_encoder_core/csr_decoder/ldpc_io_reg/i_fifo/p_norm_qdly_reg[2][8]_i_38/CO[3]
                         net (fo=1, routed)           0.000    21.244    design_1_i/ldpc_encoder_0/inst/ldpc_encoder_core/csr_decoder/ldpc_io_reg/i_fifo/p_norm_qdly_reg[2][8]_i_38_n_0
    SLICE_X101Y13        CARRY4 (Prop_carry4_CI_CO[3])
                                                      0.114    21.358 r  design_1_i/ldpc_encoder_0/inst/ldpc_encoder_core/csr_decoder/ldpc_io_reg/i_fifo/p_norm_qdly_reg[2][8]_i_34/CO[3]
                         net (fo=1, routed)           0.000    21.358    design_1_i/ldpc_encoder_0/inst/ldpc_encoder_core/csr_decoder/ldpc_io_reg/i_fifo/p_norm_qdly_reg[2][8]_i_34_n_0
    SLICE_X101Y14        CARRY4 (Prop_carry4_CI_CO[2])
                                                      0.228    21.586 r  design_1_i/ldpc_encoder_0/inst/ldpc_encoder_core/csr_decoder/ldpc_io_reg/i_fifo/p_norm_qdly_reg[2][8]_i_33/CO[2]
                         net (fo=12, routed)          0.669    22.255    design_1_i/ldpc_encoder_0/inst/ldpc_encoder_core/csr_decoder/ldpc_io_reg/i_fifo/p_norm_qdly_reg[2][8]_i_33_n_1
    SLICE_X96Y11         LUT3 (Prop_lut3_I0_O)        0.313    22.568 r  design_1_i/ldpc_encoder_0/inst/ldpc_encoder_core/csr_decoder/ldpc_io_reg/i_fifo/p_norm_qdly[2][8]_i_45/O
                         net (fo=1, routed)           0.000    22.568    design_1_i/ldpc_encoder_0/inst/ldpc_encoder_core/csr_decoder/ldpc_io_reg/i_fifo/p_norm_qdly[2][8]_i_45_n_0
    SLICE_X96Y11         CARRY4 (Prop_carry4_S[1]_CO[3])
                                                      0.533    23.101 r  design_1_i/ldpc_encoder_0/inst/ldpc_encoder_core/csr_decoder/ldpc_io_reg/i_fifo/p_norm_qdly_reg[2][8]_i_24/CO[3]
                         net (fo=1, routed)           0.000    23.101    design_1_i/ldpc_encoder_0/inst/ldpc_encoder_core/csr_decoder/ldpc_io_reg/i_fifo/p_norm_qdly_reg[2][8]_i_24_n_0
    SLICE_X96Y12         CARRY4 (Prop_carry4_CI_CO[3])
                                                      0.117    23.218 r  design_1_i/ldpc_encoder_0/inst/ldpc_encoder_core/csr_decoder/ldpc_io_reg/i_fifo/p_norm_qdly_reg[2][8]_i_20/CO[3]
                         net (fo=1, routed)           0.000    23.218    design_1_i/ldpc_encoder_0/inst/ldpc_encoder_core/csr_decoder/ldpc_io_reg/i_fifo/p_norm_qdly_reg[2][8]_i_20_n_0
    SLICE_X96Y13         CARRY4 (Prop_carry4_CI_CO[2])
                                                      0.229    23.447 r  design_1_i/ldpc_encoder_0/inst/ldpc_encoder_core/csr_decoder/ldpc_io_reg/i_fifo/p_norm_qdly_reg[2][8]_i_19/CO[2]
                         net (fo=12, routed)          0.887    24.334    design_1_i/ldpc_encoder_0/inst/ldpc_encoder_core/csr_decoder/ldpc_io_reg/i_fifo/p_norm_qdly_reg[2][8]_i_19_n_1
    SLICE_X100Y10        LUT3 (Prop_lut3_I0_O)        0.310    24.644 r  design_1_i/ldpc_encoder_0/inst/ldpc_encoder_core/csr_decoder/ldpc_io_reg/i_fifo/p_norm_qdly[2][6]_i_9/O
                         net (fo=1, routed)           0.000    24.644    design_1_i/ldpc_encoder_0/inst/ldpc_encoder_core/csr_decoder/ldpc_io_reg/i_fifo/p_norm_qdly[2][6]_i_9_n_0
    SLICE_X100Y10        CARRY4 (Prop_carry4_S[3]_CO[3])
                                                      0.376    25.020 r  design_1_i/ldpc_encoder_0/inst/ldpc_encoder_core/csr_decoder/ldpc_io_reg/i_fifo/p_norm_qdly_reg[2][6]_i_4/CO[3]
                         net (fo=1, routed)           0.000    25.020    design_1_i/ldpc_encoder_0/inst/ldpc_encoder_core/csr_decoder/ldpc_io_reg/i_fifo/p_norm_qdly_reg[2][6]_i_4_n_0
    SLICE_X100Y11        CARRY4 (Prop_carry4_CI_CO[3])
                                                      0.117    25.137 r  design_1_i/ldpc_encoder_0/inst/ldpc_encoder_core/csr_decoder/ldpc_io_reg/i_fifo/p_norm_qdly_reg[2][8]_i_10/CO[3]
                         net (fo=1, routed)           0.000    25.137    design_1_i/ldpc_encoder_0/inst/ldpc_encoder_core/csr_decoder/ldpc_io_reg/i_fifo/p_norm_qdly_reg[2][8]_i_10_n_0
    SLICE_X100Y12        CARRY4 (Prop_carry4_CI_CO[2])
                                                      0.229    25.366 r  design_1_i/ldpc_encoder_0/inst/ldpc_encoder_core/csr_decoder/ldpc_io_reg/i_fifo/p_norm_qdly_reg[2][8]_i_9/CO[2]
                         net (fo=12, routed)          0.622    25.989    design_1_i/ldpc_encoder_0/inst/ldpc_encoder_core/csr_decoder/ldpc_io_reg/i_fifo/p_norm_qdly_reg[2][8]_i_9_n_1
    SLICE_X99Y10         LUT3 (Prop_lut3_I0_O)        0.310    26.299 r  design_1_i/ldpc_encoder_0/inst/ldpc_encoder_core/csr_decoder/ldpc_io_reg/i_fifo/p_norm_qdly[2][2]_i_7/O
                         net (fo=1, routed)           0.000    26.299    design_1_i/ldpc_encoder_0/inst/ldpc_encoder_core/csr_decoder/ldpc_io_reg/i_fifo/p_norm_qdly[2][2]_i_7_n_0
    SLICE_X99Y10         CARRY4 (Prop_carry4_S[1]_O[3])
                                                      0.640    26.939 r  design_1_i/ldpc_encoder_0/inst/ldpc_encoder_core/csr_decoder/ldpc_io_reg/i_fifo/p_norm_qdly_reg[2][2]_i_2/O[3]
                         net (fo=2, routed)           0.976    27.915    design_1_i/ldpc_encoder_0/inst/ldpc_encoder_core/csr_decoder/ldpc_io_reg/i_fifo/p_norm_qdly_reg[2][2]_i_2_n_4
    SLICE_X94Y6          LUT6 (Prop_lut6_I5_O)        0.306    28.221 f  design_1_i/ldpc_encoder_0/inst/ldpc_encoder_core/csr_decoder/ldpc_io_reg/i_fifo/p_norm_qdly[2][3]_i_2/O
                         net (fo=4, routed)           0.738    28.959    design_1_i/ldpc_encoder_0/inst/ldpc_encoder_core/csr_decoder/ldpc_io_reg/i_fifo/p_norm_qdly[2][3]_i_2_n_0
    SLICE_X95Y9          LUT5 (Prop_lut5_I4_O)        0.153    29.112 f  design_1_i/ldpc_encoder_0/inst/ldpc_encoder_core/csr_decoder/ldpc_io_reg/i_fifo/p_norm_qdly[2][8]_i_8/O
                         net (fo=2, routed)           0.599    29.711    design_1_i/ldpc_encoder_0/inst/ldpc_encoder_core/csr_decoder/ldpc_io_reg/i_fifo/p_norm_qdly[2][8]_i_8_n_0
    SLICE_X96Y9          LUT5 (Prop_lut5_I2_O)        0.327    30.038 r  design_1_i/ldpc_encoder_0/inst/ldpc_encoder_core/csr_decoder/ldpc_io_reg/i_fifo/p_norm_qdly[2][6]_i_3/O
                         net (fo=2, routed)           0.317    30.354    design_1_i/ldpc_encoder_0/inst/ldpc_encoder_core/csr_decoder/ldpc_io_reg/i_fifo/p_norm_qdly[2][6]_i_3_n_0
    SLICE_X96Y8          LUT6 (Prop_lut6_I5_O)        0.124    30.478 r  design_1_i/ldpc_encoder_0/inst/ldpc_encoder_core/csr_decoder/ldpc_io_reg/i_fifo/p_norm_qdly[2][6]_i_1/O
                         net (fo=1, routed)           0.000    30.478    design_1_i/ldpc_encoder_0/inst/ldpc_encoder_core/p_norm_q[2]_121[6]
    SLICE_X96Y8          FDCE                                         r  design_1_i/ldpc_encoder_0/inst/ldpc_encoder_core/p_norm_qdly_reg[2][6]/D
  -------------------------------------------------------------------    -------------------

                         (clock clk_fpga_0 rise edge)
                                                     33.000    33.000 r  
    PS7_X0Y0             PS7                          0.000    33.000 r  design_1_i/processing_system7_0/inst/PS7_i/FCLKCLK[0]
                         net (fo=1, routed)           1.088    34.088    design_1_i/processing_system7_0/inst/FCLK_CLK_unbuffered[0]
    BUFGCTRL_X0Y16       BUFG (Prop_bufg_I_O)         0.091    34.179 r  design_1_i/processing_system7_0/inst/buffer_fclk_clk_0.FCLK_CLK_0_BUFG/O
                         net (fo=9550, routed)        1.623    35.803    design_1_i/ldpc_encoder_0/inst/ldpc_encoder_core/clk_i
    SLICE_X96Y8          FDCE                                         r  design_1_i/ldpc_encoder_0/inst/ldpc_encoder_core/p_norm_qdly_reg[2][6]/C
                         clock pessimism              0.230    36.032    
                         clock uncertainty           -0.496    35.536    
    SLICE_X96Y8          FDCE (Setup_fdce_C_D)        0.077    35.613    design_1_i/ldpc_encoder_0/inst/ldpc_encoder_core/p_norm_qdly_reg[2][6]
  -------------------------------------------------------------------
                         required time                         35.613    
                         arrival time                         -30.478    
  -------------------------------------------------------------------
                         slack                                  5.135    

Slack (MET) :             5.242ns  (required time - arrival time)
  Source:                 design_1_i/ldpc_encoder_0/inst/ldpc_encoder_core/csr_decoder/val_rom_gen[1].set_rom_gen[1].val_rom/douta_o_reg/CLKARDCLK
                            (rising edge-triggered cell RAMB18E1 clocked by clk_fpga_0  {rise@0.000ns fall@16.500ns period=33.000ns})
  Destination:            design_1_i/ldpc_encoder_0/inst/ldpc_encoder_core/p_norm_qdly_reg[2][8]/D
                            (rising edge-triggered cell FDCE clocked by clk_fpga_0  {rise@0.000ns fall@16.500ns period=33.000ns})
  Path Group:             clk_fpga_0
  Path Type:              Setup (Max at Slow Process Corner)
  Requirement:            33.000ns  (clk_fpga_0 rise@33.000ns - clk_fpga_0 rise@0.000ns)
  Data Path Delay:        27.253ns  (logic 13.478ns (49.456%)  route 13.775ns (50.544%))
  Logic Levels:           38  (CARRY4=20 LUT2=1 LUT3=7 LUT4=1 LUT5=4 LUT6=4 MUXF7=1)
  Clock Path Skew:        -0.090ns (DCD - SCD + CPR)
    Destination Clock Delay (DCD):    2.801ns = ( 35.801 - 33.000 ) 
    Source Clock Delay      (SCD):    3.121ns
    Clock Pessimism Removal (CPR):    0.230ns
  Clock Uncertainty:      0.496ns  ((TSJ^2 + TIJ^2)^1/2 + DJ) / 2 + PE
    Total System Jitter     (TSJ):    0.071ns
    Total Input Jitter      (TIJ):    0.990ns
    Discrete Jitter          (DJ):    0.000ns
    Phase Error              (PE):    0.000ns

    Location             Delay type                Incr(ns)  Path(ns)    Netlist Resource(s)
  -------------------------------------------------------------------    -------------------
                         (clock clk_fpga_0 rise edge)
                                                      0.000     0.000 r  
    PS7_X0Y0             PS7                          0.000     0.000 r  design_1_i/processing_system7_0/inst/PS7_i/FCLKCLK[0]
                         net (fo=1, routed)           1.193     1.193    design_1_i/processing_system7_0/inst/FCLK_CLK_unbuffered[0]
    BUFGCTRL_X0Y16       BUFG (Prop_bufg_I_O)         0.101     1.294 r  design_1_i/processing_system7_0/inst/buffer_fclk_clk_0.FCLK_CLK_0_BUFG/O
                         net (fo=9550, routed)        1.827     3.121    design_1_i/ldpc_encoder_0/inst/ldpc_encoder_core/csr_decoder/val_rom_gen[1].set_rom_gen[1].val_rom/clk_i
    RAMB18_X5Y8          RAMB18E1                                     r  design_1_i/ldpc_encoder_0/inst/ldpc_encoder_core/csr_decoder/val_rom_gen[1].set_rom_gen[1].val_rom/douta_o_reg/CLKARDCLK
  -------------------------------------------------------------------    -------------------
    RAMB18_X5Y8          RAMB18E1 (Prop_ramb18e1_CLKARDCLK_DOADO[8])
                                                      2.454     5.575 r  design_1_i/ldpc_encoder_0/inst/ldpc_encoder_core/csr_decoder/val_rom_gen[1].set_rom_gen[1].val_rom/douta_o_reg/DOADO[8]
                         net (fo=1, routed)           1.471     7.047    design_1_i/ldpc_encoder_0/inst/ldpc_encoder_core/csr_decoder/zc_decoder/val_rom_gen[1].val_held_q_reg[0][8]_4[8]
    SLICE_X106Y26        LUT6 (Prop_lut6_I3_O)        0.124     7.171 r  design_1_i/ldpc_encoder_0/inst/ldpc_encoder_core/csr_decoder/zc_decoder/val_rom_gen[1].val_held_q[0][8]_i_2/O
                         net (fo=1, routed)           0.000     7.171    design_1_i/ldpc_encoder_0/inst/ldpc_encoder_core/csr_decoder/zc_decoder/val_rom_gen[1].val_held_q[0][8]_i_2_n_0
    SLICE_X106Y26        MUXF7 (Prop_muxf7_I0_O)      0.212     7.383 r  design_1_i/ldpc_encoder_0/inst/ldpc_encoder_core/csr_decoder/zc_decoder/val_rom_gen[1].val_held_q_reg[0][8]_i_1/O
                         net (fo=2, routed)           0.920     8.303    design_1_i/ldpc_encoder_0/inst/ldpc_encoder_core/csr_decoder/zc_decoder/i_ls_o_reg[2]_0[8]
    SLICE_X111Y12        LUT4 (Prop_lut4_I0_O)        0.299     8.602 r  design_1_i/ldpc_encoder_0/inst/ldpc_encoder_core/csr_decoder/zc_decoder/mem_q[0][permutation][2][8]_i_1/O
                         net (fo=2, routed)           0.464     9.066    design_1_i/ldpc_encoder_0/inst/ldpc_encoder_core/csr_decoder/ldpc_io_reg/i_fifo/mem_q_reg[0][permutation][2][8]_0[8]
    SLICE_X109Y11        LUT5 (Prop_lut5_I4_O)        0.124     9.190 r  design_1_i/ldpc_encoder_0/inst/ldpc_encoder_core/csr_decoder/ldpc_io_reg/i_fifo/p_norm_qdly[2][8]_i_16/O
                         net (fo=3, routed)           1.287    10.477    design_1_i/ldpc_encoder_0/inst/ldpc_encoder_core/csr_decoder/ldpc_io_reg/i_fifo/permutation_q[2]_101[8]
    SLICE_X97Y6          LUT2 (Prop_lut2_I1_O)        0.150    10.627 f  design_1_i/ldpc_encoder_0/inst/ldpc_encoder_core/csr_decoder/ldpc_io_reg/i_fifo/p_norm_qdly[2][8]_i_119/O
                         net (fo=5, routed)           0.630    11.257    design_1_i/ldpc_encoder_0/inst/ldpc_encoder_core/csr_decoder/ldpc_io_reg/i_fifo/p_norm_qdly[2][8]_i_119_n_0
    SLICE_X101Y9         LUT5 (Prop_lut5_I0_O)        0.326    11.583 r  design_1_i/ldpc_encoder_0/inst/ldpc_encoder_core/csr_decoder/ldpc_io_reg/i_fifo/p_norm_qdly[2][8]_i_118/O
                         net (fo=16, routed)          1.187    12.769    design_1_i/ldpc_encoder_0/inst/ldpc_encoder_core/csr_decoder/ldpc_io_reg/i_fifo/p_norm_qdly[2][8]_i_118_n_0
    SLICE_X98Y15         LUT5 (Prop_lut5_I4_O)        0.150    12.919 r  design_1_i/ldpc_encoder_0/inst/ldpc_encoder_core/csr_decoder/ldpc_io_reg/i_fifo/p_norm_qdly[2][8]_i_104/O
                         net (fo=1, routed)           0.523    13.442    design_1_i/ldpc_encoder_0/inst/ldpc_encoder_core/csr_decoder/ldpc_io_reg/i_fifo/p_norm_qdly[2][8]_i_104_n_0
    SLICE_X99Y16         CARRY4 (Prop_carry4_DI[1]_CO[3])
                                                      0.711    14.153 r  design_1_i/ldpc_encoder_0/inst/ldpc_encoder_core/csr_decoder/ldpc_io_reg/i_fifo/p_norm_qdly_reg[2][8]_i_86/CO[3]
                         net (fo=1, routed)           0.000    14.153    design_1_i/ldpc_encoder_0/inst/ldpc_encoder_core/csr_decoder/ldpc_io_reg/i_fifo/p_norm_qdly_reg[2][8]_i_86_n_0
    SLICE_X99Y17         CARRY4 (Prop_carry4_CI_CO[1])
                                                      0.157    14.310 r  design_1_i/ldpc_encoder_0/inst/ldpc_encoder_core/csr_decoder/ldpc_io_reg/i_fifo/p_norm_qdly_reg[2][8]_i_85/CO[1]
                         net (fo=12, routed)          0.662    14.972    design_1_i/ldpc_encoder_0/inst/ldpc_encoder_core/csr_decoder/ldpc_io_reg/i_fifo/p_norm_qdly_reg[2][8]_i_85_n_2
    SLICE_X101Y15        LUT3 (Prop_lut3_I0_O)        0.329    15.301 r  design_1_i/ldpc_encoder_0/inst/ldpc_encoder_core/csr_decoder/ldpc_io_reg/i_fifo/p_norm_qdly[2][8]_i_97/O
                         net (fo=1, routed)           0.000    15.301    design_1_i/ldpc_encoder_0/inst/ldpc_encoder_core/csr_decoder/ldpc_io_reg/i_fifo/p_norm_qdly[2][8]_i_97_n_0
    SLICE_X101Y15        CARRY4 (Prop_carry4_S[1]_CO[3])
                                                      0.550    15.851 r  design_1_i/ldpc_encoder_0/inst/ldpc_encoder_core/csr_decoder/ldpc_io_reg/i_fifo/p_norm_qdly_reg[2][8]_i_77/CO[3]
                         net (fo=1, routed)           0.000    15.851    design_1_i/ldpc_encoder_0/inst/ldpc_encoder_core/csr_decoder/ldpc_io_reg/i_fifo/p_norm_qdly_reg[2][8]_i_77_n_0
    SLICE_X101Y16        CARRY4 (Prop_carry4_CI_CO[3])
                                                      0.114    15.965 r  design_1_i/ldpc_encoder_0/inst/ldpc_encoder_core/csr_decoder/ldpc_io_reg/i_fifo/p_norm_qdly_reg[2][8]_i_73/CO[3]
                         net (fo=1, routed)           0.000    15.965    design_1_i/ldpc_encoder_0/inst/ldpc_encoder_core/csr_decoder/ldpc_io_reg/i_fifo/p_norm_qdly_reg[2][8]_i_73_n_0
    SLICE_X101Y17        CARRY4 (Prop_carry4_CI_CO[2])
                                                      0.228    16.193 r  design_1_i/ldpc_encoder_0/inst/ldpc_encoder_core/csr_decoder/ldpc_io_reg/i_fifo/p_norm_qdly_reg[2][8]_i_72/CO[2]
                         net (fo=12, routed)          0.628    16.821    design_1_i/ldpc_encoder_0/inst/ldpc_encoder_core/csr_decoder/ldpc_io_reg/i_fifo/p_norm_qdly_reg[2][8]_i_72_n_1
    SLICE_X100Y17        LUT3 (Prop_lut3_I0_O)        0.313    17.134 r  design_1_i/ldpc_encoder_0/inst/ldpc_encoder_core/csr_decoder/ldpc_io_reg/i_fifo/p_norm_qdly[2][8]_i_80/O
                         net (fo=1, routed)           0.000    17.134    design_1_i/ldpc_encoder_0/inst/ldpc_encoder_core/csr_decoder/ldpc_io_reg/i_fifo/p_norm_qdly[2][8]_i_80_n_0
    SLICE_X100Y17        CARRY4 (Prop_carry4_S[1]_CO[3])
                                                      0.533    17.667 r  design_1_i/ldpc_encoder_0/inst/ldpc_encoder_core/csr_decoder/ldpc_io_reg/i_fifo/p_norm_qdly_reg[2][8]_i_60/CO[3]
                         net (fo=1, routed)           0.000    17.667    design_1_i/ldpc_encoder_0/inst/ldpc_encoder_core/csr_decoder/ldpc_io_reg/i_fifo/p_norm_qdly_reg[2][8]_i_60_n_0
    SLICE_X100Y18        CARRY4 (Prop_carry4_CI_CO[2])
                                                      0.229    17.896 r  design_1_i/ldpc_encoder_0/inst/ldpc_encoder_core/csr_decoder/ldpc_io_reg/i_fifo/p_norm_qdly_reg[2][8]_i_59/CO[2]
                         net (fo=12, routed)          0.671    18.568    design_1_i/ldpc_encoder_0/inst/ldpc_encoder_core/csr_decoder/ldpc_io_reg/i_fifo/p_norm_qdly_reg[2][8]_i_59_n_1
    SLICE_X100Y13        LUT3 (Prop_lut3_I0_O)        0.310    18.878 r  design_1_i/ldpc_encoder_0/inst/ldpc_encoder_core/csr_decoder/ldpc_io_reg/i_fifo/p_norm_qdly[2][8]_i_71/O
                         net (fo=1, routed)           0.000    18.878    design_1_i/ldpc_encoder_0/inst/ldpc_encoder_core/csr_decoder/ldpc_io_reg/i_fifo/p_norm_qdly[2][8]_i_71_n_0
    SLICE_X100Y13        CARRY4 (Prop_carry4_S[1]_CO[3])
                                                      0.533    19.411 r  design_1_i/ldpc_encoder_0/inst/ldpc_encoder_core/csr_decoder/ldpc_io_reg/i_fifo/p_norm_qdly_reg[2][8]_i_51/CO[3]
                         net (fo=1, routed)           0.000    19.411    design_1_i/ldpc_encoder_0/inst/ldpc_encoder_core/csr_decoder/ldpc_io_reg/i_fifo/p_norm_qdly_reg[2][8]_i_51_n_0
    SLICE_X100Y14        CARRY4 (Prop_carry4_CI_CO[3])
                                                      0.117    19.528 r  design_1_i/ldpc_encoder_0/inst/ldpc_encoder_core/csr_decoder/ldpc_io_reg/i_fifo/p_norm_qdly_reg[2][8]_i_47/CO[3]
                         net (fo=1, routed)           0.000    19.528    design_1_i/ldpc_encoder_0/inst/ldpc_encoder_core/csr_decoder/ldpc_io_reg/i_fifo/p_norm_qdly_reg[2][8]_i_47_n_0
    SLICE_X100Y15        CARRY4 (Prop_carry4_CI_CO[2])
                                                      0.229    19.757 r  design_1_i/ldpc_encoder_0/inst/ldpc_encoder_core/csr_decoder/ldpc_io_reg/i_fifo/p_norm_qdly_reg[2][8]_i_46/CO[2]
                         net (fo=12, routed)          0.628    20.384    design_1_i/ldpc_encoder_0/inst/ldpc_encoder_core/csr_decoder/ldpc_io_reg/i_fifo/p_norm_qdly_reg[2][8]_i_46_n_1
    SLICE_X101Y12        LUT3 (Prop_lut3_I0_O)        0.310    20.694 r  design_1_i/ldpc_encoder_0/inst/ldpc_encoder_core/csr_decoder/ldpc_io_reg/i_fifo/p_norm_qdly[2][8]_i_58/O
                         net (fo=1, routed)           0.000    20.694    design_1_i/ldpc_encoder_0/inst/ldpc_encoder_core/csr_decoder/ldpc_io_reg/i_fifo/p_norm_qdly[2][8]_i_58_n_0
    SLICE_X101Y12        CARRY4 (Prop_carry4_S[1]_CO[3])
                                                      0.550    21.244 r  design_1_i/ldpc_encoder_0/inst/ldpc_encoder_core/csr_decoder/ldpc_io_reg/i_fifo/p_norm_qdly_reg[2][8]_i_38/CO[3]
                         net (fo=1, routed)           0.000    21.244    design_1_i/ldpc_encoder_0/inst/ldpc_encoder_core/csr_decoder/ldpc_io_reg/i_fifo/p_norm_qdly_reg[2][8]_i_38_n_0
    SLICE_X101Y13        CARRY4 (Prop_carry4_CI_CO[3])
                                                      0.114    21.358 r  design_1_i/ldpc_encoder_0/inst/ldpc_encoder_core/csr_decoder/ldpc_io_reg/i_fifo/p_norm_qdly_reg[2][8]_i_34/CO[3]
                         net (fo=1, routed)           0.000    21.358    design_1_i/ldpc_encoder_0/inst/ldpc_encoder_core/csr_decoder/ldpc_io_reg/i_fifo/p_norm_qdly_reg[2][8]_i_34_n_0
    SLICE_X101Y14        CARRY4 (Prop_carry4_CI_CO[2])
                                                      0.228    21.586 r  design_1_i/ldpc_encoder_0/inst/ldpc_encoder_core/csr_decoder/ldpc_io_reg/i_fifo/p_norm_qdly_reg[2][8]_i_33/CO[2]
                         net (fo=12, routed)          0.669    22.255    design_1_i/ldpc_encoder_0/inst/ldpc_encoder_core/csr_decoder/ldpc_io_reg/i_fifo/p_norm_qdly_reg[2][8]_i_33_n_1
    SLICE_X96Y11         LUT3 (Prop_lut3_I0_O)        0.313    22.568 r  design_1_i/ldpc_encoder_0/inst/ldpc_encoder_core/csr_decoder/ldpc_io_reg/i_fifo/p_norm_qdly[2][8]_i_45/O
                         net (fo=1, routed)           0.000    22.568    design_1_i/ldpc_encoder_0/inst/ldpc_encoder_core/csr_decoder/ldpc_io_reg/i_fifo/p_norm_qdly[2][8]_i_45_n_0
    SLICE_X96Y11         CARRY4 (Prop_carry4_S[1]_CO[3])
                                                      0.533    23.101 r  design_1_i/ldpc_encoder_0/inst/ldpc_encoder_core/csr_decoder/ldpc_io_reg/i_fifo/p_norm_qdly_reg[2][8]_i_24/CO[3]
                         net (fo=1, routed)           0.000    23.101    design_1_i/ldpc_encoder_0/inst/ldpc_encoder_core/csr_decoder/ldpc_io_reg/i_fifo/p_norm_qdly_reg[2][8]_i_24_n_0
    SLICE_X96Y12         CARRY4 (Prop_carry4_CI_CO[3])
                                                      0.117    23.218 r  design_1_i/ldpc_encoder_0/inst/ldpc_encoder_core/csr_decoder/ldpc_io_reg/i_fifo/p_norm_qdly_reg[2][8]_i_20/CO[3]
                         net (fo=1, routed)           0.000    23.218    design_1_i/ldpc_encoder_0/inst/ldpc_encoder_core/csr_decoder/ldpc_io_reg/i_fifo/p_norm_qdly_reg[2][8]_i_20_n_0
    SLICE_X96Y13         CARRY4 (Prop_carry4_CI_CO[2])
                                                      0.229    23.447 r  design_1_i/ldpc_encoder_0/inst/ldpc_encoder_core/csr_decoder/ldpc_io_reg/i_fifo/p_norm_qdly_reg[2][8]_i_19/CO[2]
                         net (fo=12, routed)          0.887    24.334    design_1_i/ldpc_encoder_0/inst/ldpc_encoder_core/csr_decoder/ldpc_io_reg/i_fifo/p_norm_qdly_reg[2][8]_i_19_n_1
    SLICE_X100Y10        LUT3 (Prop_lut3_I0_O)        0.310    24.644 r  design_1_i/ldpc_encoder_0/inst/ldpc_encoder_core/csr_decoder/ldpc_io_reg/i_fifo/p_norm_qdly[2][6]_i_9/O
                         net (fo=1, routed)           0.000    24.644    design_1_i/ldpc_encoder_0/inst/ldpc_encoder_core/csr_decoder/ldpc_io_reg/i_fifo/p_norm_qdly[2][6]_i_9_n_0
    SLICE_X100Y10        CARRY4 (Prop_carry4_S[3]_CO[3])
                                                      0.376    25.020 r  design_1_i/ldpc_encoder_0/inst/ldpc_encoder_core/csr_decoder/ldpc_io_reg/i_fifo/p_norm_qdly_reg[2][6]_i_4/CO[3]
                         net (fo=1, routed)           0.000    25.020    design_1_i/ldpc_encoder_0/inst/ldpc_encoder_core/csr_decoder/ldpc_io_reg/i_fifo/p_norm_qdly_reg[2][6]_i_4_n_0
    SLICE_X100Y11        CARRY4 (Prop_carry4_CI_CO[3])
                                                      0.117    25.137 r  design_1_i/ldpc_encoder_0/inst/ldpc_encoder_core/csr_decoder/ldpc_io_reg/i_fifo/p_norm_qdly_reg[2][8]_i_10/CO[3]
                         net (fo=1, routed)           0.000    25.137    design_1_i/ldpc_encoder_0/inst/ldpc_encoder_core/csr_decoder/ldpc_io_reg/i_fifo/p_norm_qdly_reg[2][8]_i_10_n_0
    SLICE_X100Y12        CARRY4 (Prop_carry4_CI_CO[2])
                                                      0.229    25.366 r  design_1_i/ldpc_encoder_0/inst/ldpc_encoder_core/csr_decoder/ldpc_io_reg/i_fifo/p_norm_qdly_reg[2][8]_i_9/CO[2]
                         net (fo=12, routed)          0.622    25.989    design_1_i/ldpc_encoder_0/inst/ldpc_encoder_core/csr_decoder/ldpc_io_reg/i_fifo/p_norm_qdly_reg[2][8]_i_9_n_1
    SLICE_X99Y10         LUT3 (Prop_lut3_I0_O)        0.310    26.299 r  design_1_i/ldpc_encoder_0/inst/ldpc_encoder_core/csr_decoder/ldpc_io_reg/i_fifo/p_norm_qdly[2][2]_i_7/O
                         net (fo=1, routed)           0.000    26.299    design_1_i/ldpc_encoder_0/inst/ldpc_encoder_core/csr_decoder/ldpc_io_reg/i_fifo/p_norm_qdly[2][2]_i_7_n_0
    SLICE_X99Y10         CARRY4 (Prop_carry4_S[1]_O[3])
                                                      0.640    26.939 r  design_1_i/ldpc_encoder_0/inst/ldpc_encoder_core/csr_decoder/ldpc_io_reg/i_fifo/p_norm_qdly_reg[2][2]_i_2/O[3]
                         net (fo=2, routed)           0.976    27.915    design_1_i/ldpc_encoder_0/inst/ldpc_encoder_core/csr_decoder/ldpc_io_reg/i_fifo/p_norm_qdly_reg[2][2]_i_2_n_4
    SLICE_X94Y6          LUT6 (Prop_lut6_I5_O)        0.306    28.221 f  design_1_i/ldpc_encoder_0/inst/ldpc_encoder_core/csr_decoder/ldpc_io_reg/i_fifo/p_norm_qdly[2][3]_i_2/O
                         net (fo=4, routed)           0.738    28.959    design_1_i/ldpc_encoder_0/inst/ldpc_encoder_core/csr_decoder/ldpc_io_reg/i_fifo/p_norm_qdly[2][3]_i_2_n_0
    SLICE_X95Y9          LUT5 (Prop_lut5_I4_O)        0.153    29.112 f  design_1_i/ldpc_encoder_0/inst/ldpc_encoder_core/csr_decoder/ldpc_io_reg/i_fifo/p_norm_qdly[2][8]_i_8/O
                         net (fo=2, routed)           0.318    29.430    design_1_i/ldpc_encoder_0/inst/ldpc_encoder_core/csr_decoder/ldpc_io_reg/i_fifo/p_norm_qdly[2][8]_i_8_n_0
    SLICE_X96Y9          LUT6 (Prop_lut6_I3_O)        0.327    29.757 r  design_1_i/ldpc_encoder_0/inst/ldpc_encoder_core/csr_decoder/ldpc_io_reg/i_fifo/p_norm_qdly[2][8]_i_2/O
                         net (fo=1, routed)           0.493    30.250    design_1_i/ldpc_encoder_0/inst/ldpc_encoder_core/csr_decoder/ldpc_io_reg/i_fifo/p_norm_qdly[2][8]_i_2_n_0
    SLICE_X96Y9          LUT6 (Prop_lut6_I0_O)        0.124    30.374 r  design_1_i/ldpc_encoder_0/inst/ldpc_encoder_core/csr_decoder/ldpc_io_reg/i_fifo/p_norm_qdly[2][8]_i_1/O
                         net (fo=1, routed)           0.000    30.374    design_1_i/ldpc_encoder_0/inst/ldpc_encoder_core/p_norm_q[2]_121[8]
    SLICE_X96Y9          FDCE                                         r  design_1_i/ldpc_encoder_0/inst/ldpc_encoder_core/p_norm_qdly_reg[2][8]/D
  -------------------------------------------------------------------    -------------------

                         (clock clk_fpga_0 rise edge)
                                                     33.000    33.000 r  
    PS7_X0Y0             PS7                          0.000    33.000 r  design_1_i/processing_system7_0/inst/PS7_i/FCLKCLK[0]
                         net (fo=1, routed)           1.088    34.088    design_1_i/processing_system7_0/inst/FCLK_CLK_unbuffered[0]
    BUFGCTRL_X0Y16       BUFG (Prop_bufg_I_O)         0.091    34.179 r  design_1_i/processing_system7_0/inst/buffer_fclk_clk_0.FCLK_CLK_0_BUFG/O
                         net (fo=9550, routed)        1.622    35.801    design_1_i/ldpc_encoder_0/inst/ldpc_encoder_core/clk_i
    SLICE_X96Y9          FDCE                                         r  design_1_i/ldpc_encoder_0/inst/ldpc_encoder_core/p_norm_qdly_reg[2][8]/C
                         clock pessimism              0.230    36.031    
                         clock uncertainty           -0.496    35.535    
    SLICE_X96Y9          FDCE (Setup_fdce_C_D)        0.081    35.616    design_1_i/ldpc_encoder_0/inst/ldpc_encoder_core/p_norm_qdly_reg[2][8]
  -------------------------------------------------------------------
                         required time                         35.616    
                         arrival time                         -30.374    
  -------------------------------------------------------------------
                         slack                                  5.242    

Slack (MET) :             5.582ns  (required time - arrival time)
  Source:                 design_1_i/ldpc_encoder_0/inst/ldpc_encoder_core/csr_decoder/zc_decoder/i_ls_o_reg[0]/C
                            (rising edge-triggered cell FDCE clocked by clk_fpga_0  {rise@0.000ns fall@16.500ns period=33.000ns})
  Destination:            design_1_i/ldpc_encoder_0/inst/ldpc_encoder_core/p_norm_qdly_reg[3][8]/D
                            (rising edge-triggered cell FDCE clocked by clk_fpga_0  {rise@0.000ns fall@16.500ns period=33.000ns})
  Path Group:             clk_fpga_0
  Path Type:              Setup (Max at Slow Process Corner)
  Requirement:            33.000ns  (clk_fpga_0 rise@33.000ns - clk_fpga_0 rise@0.000ns)
  Data Path Delay:        26.889ns  (logic 11.554ns (42.969%)  route 15.335ns (57.031%))
  Logic Levels:           40  (CARRY4=22 LUT2=1 LUT3=7 LUT4=1 LUT5=5 LUT6=3 MUXF7=1)
  Clock Path Skew:        -0.110ns (DCD - SCD + CPR)
    Destination Clock Delay (DCD):    2.803ns = ( 35.804 - 33.000 ) 
    Source Clock Delay      (SCD):    3.042ns
    Clock Pessimism Removal (CPR):    0.129ns
  Clock Uncertainty:      0.496ns  ((TSJ^2 + TIJ^2)^1/2 + DJ) / 2 + PE
    Total System Jitter     (TSJ):    0.071ns
    Total Input Jitter      (TIJ):    0.990ns
    Discrete Jitter          (DJ):    0.000ns
    Phase Error              (PE):    0.000ns

    Location             Delay type                Incr(ns)  Path(ns)    Netlist Resource(s)
  -------------------------------------------------------------------    -------------------
                         (clock clk_fpga_0 rise edge)
                                                      0.000     0.000 r  
    PS7_X0Y0             PS7                          0.000     0.000 r  design_1_i/processing_system7_0/inst/PS7_i/FCLKCLK[0]
                         net (fo=1, routed)           1.193     1.193    design_1_i/processing_system7_0/inst/FCLK_CLK_unbuffered[0]
    BUFGCTRL_X0Y16       BUFG (Prop_bufg_I_O)         0.101     1.294 r  design_1_i/processing_system7_0/inst/buffer_fclk_clk_0.FCLK_CLK_0_BUFG/O
                         net (fo=9550, routed)        1.748     3.042    design_1_i/ldpc_encoder_0/inst/ldpc_encoder_core/csr_decoder/zc_decoder/clk_i
    SLICE_X13Y32         FDCE                                         r  design_1_i/ldpc_encoder_0/inst/ldpc_encoder_core/csr_decoder/zc_decoder/i_ls_o_reg[0]/C
  -------------------------------------------------------------------    -------------------
    SLICE_X13Y32         FDCE (Prop_fdce_C_Q)         0.456     3.498 r  design_1_i/ldpc_encoder_0/inst/ldpc_encoder_core/csr_decoder/zc_decoder/i_ls_o_reg[0]/Q
                         net (fo=80, routed)          3.666     7.164    design_1_i/ldpc_encoder_0/inst/ldpc_encoder_core/csr_decoder/zc_decoder/i_ls_o[0]
    SLICE_X106Y27        LUT6 (Prop_lut6_I4_O)        0.124     7.288 r  design_1_i/ldpc_encoder_0/inst/ldpc_encoder_core/csr_decoder/zc_decoder/val_rom_gen[1].val_held_q[1][8]_i_3/O
                         net (fo=1, routed)           0.000     7.288    design_1_i/ldpc_encoder_0/inst/ldpc_encoder_core/csr_decoder/zc_decoder/val_rom_gen[1].val_held_q[1][8]_i_3_n_0
    SLICE_X106Y27        MUXF7 (Prop_muxf7_I0_O)      0.238     7.526 r  design_1_i/ldpc_encoder_0/inst/ldpc_encoder_core/csr_decoder/zc_decoder/val_rom_gen[1].val_held_q_reg[1][8]_i_2/O
                         net (fo=2, routed)           1.032     8.558    design_1_i/ldpc_encoder_0/inst/ldpc_encoder_core/csr_decoder/zc_decoder/D[8]
    SLICE_X109Y11        LUT4 (Prop_lut4_I0_O)        0.298     8.856 r  design_1_i/ldpc_encoder_0/inst/ldpc_encoder_core/csr_decoder/zc_decoder/mem_q[0][permutation][3][8]_i_1/O
                         net (fo=2, routed)           0.407     9.263    design_1_i/ldpc_encoder_0/inst/ldpc_encoder_core/csr_decoder/ldpc_io_reg/i_fifo/mem_q_reg[0][permutation][3][8]_0[8]
    SLICE_X109Y11        LUT5 (Prop_lut5_I4_O)        0.124     9.387 r  design_1_i/ldpc_encoder_0/inst/ldpc_encoder_core/csr_decoder/ldpc_io_reg/i_fifo/p_norm_qdly[3][8]_i_14/O
                         net (fo=3, routed)           1.337    10.725    design_1_i/ldpc_encoder_0/inst/ldpc_encoder_core/csr_decoder/ldpc_io_reg/i_fifo/permutation_q[3]_102[8]
    SLICE_X98Y3          LUT2 (Prop_lut2_I1_O)        0.148    10.873 f  design_1_i/ldpc_encoder_0/inst/ldpc_encoder_core/csr_decoder/ldpc_io_reg/i_fifo/p_norm_qdly[3][8]_i_118/O
                         net (fo=5, routed)           0.668    11.541    design_1_i/ldpc_encoder_0/inst/ldpc_encoder_core/csr_decoder/ldpc_io_reg/i_fifo/p_norm_qdly[3][8]_i_118_n_0
    SLICE_X101Y10        LUT5 (Prop_lut5_I0_O)        0.328    11.869 r  design_1_i/ldpc_encoder_0/inst/ldpc_encoder_core/csr_decoder/ldpc_io_reg/i_fifo/p_norm_qdly[3][8]_i_116/O
                         net (fo=16, routed)          1.001    12.870    design_1_i/ldpc_encoder_0/inst/ldpc_encoder_core/csr_decoder/ldpc_io_reg/i_fifo/p_norm_qdly[3][8]_i_116_n_0
    SLICE_X103Y13        LUT5 (Prop_lut5_I0_O)        0.152    13.022 r  design_1_i/ldpc_encoder_0/inst/ldpc_encoder_core/csr_decoder/ldpc_io_reg/i_fifo/p_norm_qdly[3][8]_i_108/O
                         net (fo=1, routed)           0.477    13.498    design_1_i/ldpc_encoder_0/inst/ldpc_encoder_core/csr_decoder/ldpc_io_reg/i_fifo/p_norm_qdly[3][8]_i_108_n_0
    SLICE_X102Y12        CARRY4 (Prop_carry4_CYINIT_CO[3])
                                                      0.803    14.301 r  design_1_i/ldpc_encoder_0/inst/ldpc_encoder_core/csr_decoder/ldpc_io_reg/i_fifo/p_norm_qdly_reg[3][8]_i_88/CO[3]
                         net (fo=1, routed)           0.000    14.301    design_1_i/ldpc_encoder_0/inst/ldpc_encoder_core/csr_decoder/ldpc_io_reg/i_fifo/p_norm_qdly_reg[3][8]_i_88_n_0
    SLICE_X102Y13        CARRY4 (Prop_carry4_CI_CO[3])
                                                      0.117    14.418 r  design_1_i/ldpc_encoder_0/inst/ldpc_encoder_core/csr_decoder/ldpc_io_reg/i_fifo/p_norm_qdly_reg[3][8]_i_84/CO[3]
                         net (fo=1, routed)           0.000    14.418    design_1_i/ldpc_encoder_0/inst/ldpc_encoder_core/csr_decoder/ldpc_io_reg/i_fifo/p_norm_qdly_reg[3][8]_i_84_n_0
    SLICE_X102Y14        CARRY4 (Prop_carry4_CI_CO[1])
                                                      0.157    14.575 r  design_1_i/ldpc_encoder_0/inst/ldpc_encoder_core/csr_decoder/ldpc_io_reg/i_fifo/p_norm_qdly_reg[3][8]_i_83/CO[1]
                         net (fo=12, routed)          0.889    15.465    design_1_i/ldpc_encoder_0/inst/ldpc_encoder_core/csr_decoder/ldpc_io_reg/i_fifo/p_norm_qdly_reg[3][8]_i_83_n_2
    SLICE_X102Y9         CARRY4 (Prop_carry4_CYINIT_CO[3])
                                                      0.803    16.268 r  design_1_i/ldpc_encoder_0/inst/ldpc_encoder_core/csr_decoder/ldpc_io_reg/i_fifo/p_norm_qdly_reg[3][8]_i_75/CO[3]
                         net (fo=1, routed)           0.000    16.268    design_1_i/ldpc_encoder_0/inst/ldpc_encoder_core/csr_decoder/ldpc_io_reg/i_fifo/p_norm_qdly_reg[3][8]_i_75_n_0
    SLICE_X102Y10        CARRY4 (Prop_carry4_CI_CO[3])
                                                      0.117    16.385 r  design_1_i/ldpc_encoder_0/inst/ldpc_encoder_core/csr_decoder/ldpc_io_reg/i_fifo/p_norm_qdly_reg[3][8]_i_71/CO[3]
                         net (fo=1, routed)           0.000    16.385    design_1_i/ldpc_encoder_0/inst/ldpc_encoder_core/csr_decoder/ldpc_io_reg/i_fifo/p_norm_qdly_reg[3][8]_i_71_n_0
    SLICE_X102Y11        CARRY4 (Prop_carry4_CI_CO[2])
                                                      0.229    16.614 r  design_1_i/ldpc_encoder_0/inst/ldpc_encoder_core/csr_decoder/ldpc_io_reg/i_fifo/p_norm_qdly_reg[3][8]_i_70/CO[2]
                         net (fo=12, routed)          0.690    17.304    design_1_i/ldpc_encoder_0/inst/ldpc_encoder_core/csr_decoder/ldpc_io_reg/i_fifo/p_norm_qdly_reg[3][8]_i_70_n_1
    SLICE_X103Y9         LUT3 (Prop_lut3_I0_O)        0.310    17.614 r  design_1_i/ldpc_encoder_0/inst/ldpc_encoder_core/csr_decoder/ldpc_io_reg/i_fifo/p_norm_qdly[3][8]_i_81/O
                         net (fo=1, routed)           0.000    17.614    design_1_i/ldpc_encoder_0/inst/ldpc_encoder_core/csr_decoder/ldpc_io_reg/i_fifo/p_norm_qdly[3][8]_i_81_n_0
    SLICE_X103Y9         CARRY4 (Prop_carry4_S[2]_CO[3])
                                                      0.398    18.012 r  design_1_i/ldpc_encoder_0/inst/ldpc_encoder_core/csr_decoder/ldpc_io_reg/i_fifo/p_norm_qdly_reg[3][8]_i_62/CO[3]
                         net (fo=1, routed)           0.000    18.012    design_1_i/ldpc_encoder_0/inst/ldpc_encoder_core/csr_decoder/ldpc_io_reg/i_fifo/p_norm_qdly_reg[3][8]_i_62_n_0
    SLICE_X103Y10        CARRY4 (Prop_carry4_CI_CO[3])
                                                      0.114    18.126 r  design_1_i/ldpc_encoder_0/inst/ldpc_encoder_core/csr_decoder/ldpc_io_reg/i_fifo/p_norm_qdly_reg[3][8]_i_58/CO[3]
                         net (fo=1, routed)           0.000    18.126    design_1_i/ldpc_encoder_0/inst/ldpc_encoder_core/csr_decoder/ldpc_io_reg/i_fifo/p_norm_qdly_reg[3][8]_i_58_n_0
    SLICE_X103Y11        CARRY4 (Prop_carry4_CI_CO[2])
                                                      0.228    18.354 r  design_1_i/ldpc_encoder_0/inst/ldpc_encoder_core/csr_decoder/ldpc_io_reg/i_fifo/p_norm_qdly_reg[3][8]_i_57/CO[2]
                         net (fo=12, routed)          0.545    18.899    design_1_i/ldpc_encoder_0/inst/ldpc_encoder_core/csr_decoder/ldpc_io_reg/i_fifo/p_norm_qdly_reg[3][8]_i_57_n_1
    SLICE_X104Y9         LUT3 (Prop_lut3_I0_O)        0.313    19.212 r  design_1_i/ldpc_encoder_0/inst/ldpc_encoder_core/csr_decoder/ldpc_io_reg/i_fifo/p_norm_qdly[3][8]_i_69/O
                         net (fo=1, routed)           0.000    19.212    design_1_i/ldpc_encoder_0/inst/ldpc_encoder_core/csr_decoder/ldpc_io_reg/i_fifo/p_norm_qdly[3][8]_i_69_n_0
    SLICE_X104Y9         CARRY4 (Prop_carry4_S[1]_CO[3])
                                                      0.533    19.745 r  design_1_i/ldpc_encoder_0/inst/ldpc_encoder_core/csr_decoder/ldpc_io_reg/i_fifo/p_norm_qdly_reg[3][8]_i_49/CO[3]
                         net (fo=1, routed)           0.000    19.745    design_1_i/ldpc_encoder_0/inst/ldpc_encoder_core/csr_decoder/ldpc_io_reg/i_fifo/p_norm_qdly_reg[3][8]_i_49_n_0
    SLICE_X104Y10        CARRY4 (Prop_carry4_CI_CO[3])
                                                      0.117    19.862 r  design_1_i/ldpc_encoder_0/inst/ldpc_encoder_core/csr_decoder/ldpc_io_reg/i_fifo/p_norm_qdly_reg[3][8]_i_45/CO[3]
                         net (fo=1, routed)           0.000    19.862    design_1_i/ldpc_encoder_0/inst/ldpc_encoder_core/csr_decoder/ldpc_io_reg/i_fifo/p_norm_qdly_reg[3][8]_i_45_n_0
    SLICE_X104Y11        CARRY4 (Prop_carry4_CI_CO[2])
                                                      0.229    20.091 r  design_1_i/ldpc_encoder_0/inst/ldpc_encoder_core/csr_decoder/ldpc_io_reg/i_fifo/p_norm_qdly_reg[3][8]_i_44/CO[2]
                         net (fo=12, routed)          0.483    20.574    design_1_i/ldpc_encoder_0/inst/ldpc_encoder_core/csr_decoder/ldpc_io_reg/i_fifo/p_norm_qdly_reg[3][8]_i_44_n_1
    SLICE_X105Y9         LUT3 (Prop_lut3_I0_O)        0.310    20.884 r  design_1_i/ldpc_encoder_0/inst/ldpc_encoder_core/csr_decoder/ldpc_io_reg/i_fifo/p_norm_qdly[3][8]_i_56/O
                         net (fo=1, routed)           0.000    20.884    design_1_i/ldpc_encoder_0/inst/ldpc_encoder_core/csr_decoder/ldpc_io_reg/i_fifo/p_norm_qdly[3][8]_i_56_n_0
    SLICE_X105Y9         CARRY4 (Prop_carry4_S[1]_CO[3])
                                                      0.550    21.434 r  design_1_i/ldpc_encoder_0/inst/ldpc_encoder_core/csr_decoder/ldpc_io_reg/i_fifo/p_norm_qdly_reg[3][8]_i_36/CO[3]
                         net (fo=1, routed)           0.000    21.434    design_1_i/ldpc_encoder_0/inst/ldpc_encoder_core/csr_decoder/ldpc_io_reg/i_fifo/p_norm_qdly_reg[3][8]_i_36_n_0
    SLICE_X105Y10        CARRY4 (Prop_carry4_CI_CO[3])
                                                      0.114    21.548 r  design_1_i/ldpc_encoder_0/inst/ldpc_encoder_core/csr_decoder/ldpc_io_reg/i_fifo/p_norm_qdly_reg[3][8]_i_32/CO[3]
                         net (fo=1, routed)           0.000    21.548    design_1_i/ldpc_encoder_0/inst/ldpc_encoder_core/csr_decoder/ldpc_io_reg/i_fifo/p_norm_qdly_reg[3][8]_i_32_n_0
    SLICE_X105Y11        CARRY4 (Prop_carry4_CI_CO[2])
                                                      0.228    21.776 r  design_1_i/ldpc_encoder_0/inst/ldpc_encoder_core/csr_decoder/ldpc_io_reg/i_fifo/p_norm_qdly_reg[3][8]_i_31/CO[2]
                         net (fo=12, routed)          0.897    22.673    design_1_i/ldpc_encoder_0/inst/ldpc_encoder_core/csr_decoder/ldpc_io_reg/i_fifo/p_norm_qdly_reg[3][8]_i_31_n_1
    SLICE_X107Y8         LUT3 (Prop_lut3_I0_O)        0.313    22.986 r  design_1_i/ldpc_encoder_0/inst/ldpc_encoder_core/csr_decoder/ldpc_io_reg/i_fifo/p_norm_qdly[3][8]_i_41/O
                         net (fo=1, routed)           0.000    22.986    design_1_i/ldpc_encoder_0/inst/ldpc_encoder_core/csr_decoder/ldpc_io_reg/i_fifo/p_norm_qdly[3][8]_i_41_n_0
    SLICE_X107Y8         CARRY4 (Prop_carry4_S[3]_CO[3])
                                                      0.401    23.387 r  design_1_i/ldpc_encoder_0/inst/ldpc_encoder_core/csr_decoder/ldpc_io_reg/i_fifo/p_norm_qdly_reg[3][8]_i_22/CO[3]
                         net (fo=1, routed)           0.000    23.387    design_1_i/ldpc_encoder_0/inst/ldpc_encoder_core/csr_decoder/ldpc_io_reg/i_fifo/p_norm_qdly_reg[3][8]_i_22_n_0
    SLICE_X107Y9         CARRY4 (Prop_carry4_CI_CO[3])
                                                      0.114    23.501 r  design_1_i/ldpc_encoder_0/inst/ldpc_encoder_core/csr_decoder/ldpc_io_reg/i_fifo/p_norm_qdly_reg[3][8]_i_18/CO[3]
                         net (fo=1, routed)           0.000    23.501    design_1_i/ldpc_encoder_0/inst/ldpc_encoder_core/csr_decoder/ldpc_io_reg/i_fifo/p_norm_qdly_reg[3][8]_i_18_n_0
    SLICE_X107Y10        CARRY4 (Prop_carry4_CI_CO[2])
                                                      0.228    23.729 r  design_1_i/ldpc_encoder_0/inst/ldpc_encoder_core/csr_decoder/ldpc_io_reg/i_fifo/p_norm_qdly_reg[3][8]_i_17/CO[2]
                         net (fo=12, routed)          0.530    24.259    design_1_i/ldpc_encoder_0/inst/ldpc_encoder_core/csr_decoder/ldpc_io_reg/i_fifo/p_norm_qdly_reg[3][8]_i_17_n_1
    SLICE_X106Y7         LUT3 (Prop_lut3_I0_O)        0.313    24.572 r  design_1_i/ldpc_encoder_0/inst/ldpc_encoder_core/csr_decoder/ldpc_io_reg/i_fifo/p_norm_qdly[3][6]_i_11/O
                         net (fo=1, routed)           0.000    24.572    design_1_i/ldpc_encoder_0/inst/ldpc_encoder_core/csr_decoder/ldpc_io_reg/i_fifo/p_norm_qdly[3][6]_i_11_n_0
    SLICE_X106Y7         CARRY4 (Prop_carry4_S[1]_CO[3])
                                                      0.550    25.122 r  design_1_i/ldpc_encoder_0/inst/ldpc_encoder_core/csr_decoder/ldpc_io_reg/i_fifo/p_norm_qdly_reg[3][6]_i_4/CO[3]
                         net (fo=1, routed)           0.000    25.122    design_1_i/ldpc_encoder_0/inst/ldpc_encoder_core/csr_decoder/ldpc_io_reg/i_fifo/p_norm_qdly_reg[3][6]_i_4_n_0
    SLICE_X106Y8         CARRY4 (Prop_carry4_CI_CO[3])
                                                      0.114    25.236 r  design_1_i/ldpc_encoder_0/inst/ldpc_encoder_core/csr_decoder/ldpc_io_reg/i_fifo/p_norm_qdly_reg[3][8]_i_7/CO[3]
                         net (fo=1, routed)           0.000    25.236    design_1_i/ldpc_encoder_0/inst/ldpc_encoder_core/csr_decoder/ldpc_io_reg/i_fifo/p_norm_qdly_reg[3][8]_i_7_n_0
    SLICE_X106Y9         CARRY4 (Prop_carry4_CI_CO[2])
                                                      0.228    25.464 r  design_1_i/ldpc_encoder_0/inst/ldpc_encoder_core/csr_decoder/ldpc_io_reg/i_fifo/p_norm_qdly_reg[3][8]_i_6/CO[2]
                         net (fo=12, routed)          0.749    26.213    design_1_i/ldpc_encoder_0/inst/ldpc_encoder_core/csr_decoder/ldpc_io_reg/i_fifo/p_norm_qdly_reg[3][8]_i_6_n_1
    SLICE_X105Y6         LUT3 (Prop_lut3_I0_O)        0.313    26.526 r  design_1_i/ldpc_encoder_0/inst/ldpc_encoder_core/csr_decoder/ldpc_io_reg/i_fifo/p_norm_qdly[3][2]_i_7/O
                         net (fo=1, routed)           0.000    26.526    design_1_i/ldpc_encoder_0/inst/ldpc_encoder_core/csr_decoder/ldpc_io_reg/i_fifo/p_norm_qdly[3][2]_i_7_n_0
    SLICE_X105Y6         CARRY4 (Prop_carry4_S[1]_O[3])
                                                      0.640    27.166 r  design_1_i/ldpc_encoder_0/inst/ldpc_encoder_core/csr_decoder/ldpc_io_reg/i_fifo/p_norm_qdly_reg[3][2]_i_2/O[3]
                         net (fo=2, routed)           0.616    27.782    design_1_i/ldpc_encoder_0/inst/ldpc_encoder_core/csr_decoder/ldpc_io_reg/i_fifo/p_norm_qdly_reg[3][2]_i_2_n_4
    SLICE_X103Y6         LUT6 (Prop_lut6_I5_O)        0.306    28.088 f  design_1_i/ldpc_encoder_0/inst/ldpc_encoder_core/csr_decoder/ldpc_io_reg/i_fifo/p_norm_qdly[3][3]_i_2/O
                         net (fo=3, routed)           0.417    28.504    design_1_i/ldpc_encoder_0/inst/ldpc_encoder_core/csr_decoder/ldpc_io_reg/i_fifo/p_norm_qdly[3][3]_i_2_n_0
    SLICE_X103Y7         LUT3 (Prop_lut3_I0_O)        0.124    28.628 r  design_1_i/ldpc_encoder_0/inst/ldpc_encoder_core/csr_decoder/ldpc_io_reg/i_fifo/p_norm_qdly[3][4]_i_2/O
                         net (fo=2, routed)           0.165    28.793    design_1_i/ldpc_encoder_0/inst/ldpc_encoder_core/csr_decoder/ldpc_io_reg/i_fifo/p_norm_qdly[3][4]_i_2_n_0
    SLICE_X103Y7         LUT5 (Prop_lut5_I4_O)        0.124    28.917 r  design_1_i/ldpc_encoder_0/inst/ldpc_encoder_core/csr_decoder/ldpc_io_reg/i_fifo/p_norm_qdly[3][6]_i_3/O
                         net (fo=2, routed)           0.314    29.231    design_1_i/ldpc_encoder_0/inst/ldpc_encoder_core/csr_decoder/ldpc_io_reg/i_fifo/p_norm_qdly[3][6]_i_3_n_0
    SLICE_X102Y8         LUT6 (Prop_lut6_I1_O)        0.124    29.355 r  design_1_i/ldpc_encoder_0/inst/ldpc_encoder_core/csr_decoder/ldpc_io_reg/i_fifo/p_norm_qdly[3][8]_i_2/O
                         net (fo=1, routed)           0.452    29.807    design_1_i/ldpc_encoder_0/inst/ldpc_encoder_core/csr_decoder/ldpc_io_reg/i_fifo/p_norm_qdly[3][8]_i_2_n_0
    SLICE_X102Y8         LUT5 (Prop_lut5_I0_O)        0.124    29.931 r  design_1_i/ldpc_encoder_0/inst/ldpc_encoder_core/csr_decoder/ldpc_io_reg/i_fifo/p_norm_qdly[3][8]_i_1/O
                         net (fo=1, routed)           0.000    29.931    design_1_i/ldpc_encoder_0/inst/ldpc_encoder_core/p_norm_q[3]_122[8]
    SLICE_X102Y8         FDCE                                         r  design_1_i/ldpc_encoder_0/inst/ldpc_encoder_core/p_norm_qdly_reg[3][8]/D
  -------------------------------------------------------------------    -------------------

                         (clock clk_fpga_0 rise edge)
                                                     33.000    33.000 r  
    PS7_X0Y0             PS7                          0.000    33.000 r  design_1_i/processing_system7_0/inst/PS7_i/FCLKCLK[0]
                         net (fo=1, routed)           1.088    34.088    design_1_i/processing_system7_0/inst/FCLK_CLK_unbuffered[0]
    BUFGCTRL_X0Y16       BUFG (Prop_bufg_I_O)         0.091    34.179 r  design_1_i/processing_system7_0/inst/buffer_fclk_clk_0.FCLK_CLK_0_BUFG/O
                         net (fo=9550, routed)        1.624    35.804    design_1_i/ldpc_encoder_0/inst/ldpc_encoder_core/clk_i
    SLICE_X102Y8         FDCE                                         r  design_1_i/ldpc_encoder_0/inst/ldpc_encoder_core/p_norm_qdly_reg[3][8]/C
                         clock pessimism              0.129    35.932    
                         clock uncertainty           -0.496    35.436    
    SLICE_X102Y8         FDCE (Setup_fdce_C_D)        0.077    35.513    design_1_i/ldpc_encoder_0/inst/ldpc_encoder_core/p_norm_qdly_reg[3][8]
  -------------------------------------------------------------------
                         required time                         35.513    
                         arrival time                         -29.931    
  -------------------------------------------------------------------
                         slack                                  5.582    

Slack (MET) :             5.610ns  (required time - arrival time)
  Source:                 design_1_i/ldpc_encoder_0/inst/ldpc_encoder_core/csr_decoder/zc_decoder/i_ls_o_reg[0]/C
                            (rising edge-triggered cell FDCE clocked by clk_fpga_0  {rise@0.000ns fall@16.500ns period=33.000ns})
  Destination:            design_1_i/ldpc_encoder_0/inst/ldpc_encoder_core/p_norm_qdly_reg[3][7]/D
                            (rising edge-triggered cell FDCE clocked by clk_fpga_0  {rise@0.000ns fall@16.500ns period=33.000ns})
  Path Group:             clk_fpga_0
  Path Type:              Setup (Max at Slow Process Corner)
  Requirement:            33.000ns  (clk_fpga_0 rise@33.000ns - clk_fpga_0 rise@0.000ns)
  Data Path Delay:        26.863ns  (logic 11.633ns (43.305%)  route 15.230ns (56.695%))
  Logic Levels:           39  (CARRY4=22 LUT2=1 LUT3=6 LUT4=1 LUT5=5 LUT6=3 MUXF7=1)
  Clock Path Skew:        -0.110ns (DCD - SCD + CPR)
    Destination Clock Delay (DCD):    2.803ns = ( 35.804 - 33.000 ) 
    Source Clock Delay      (SCD):    3.042ns
    Clock Pessimism Removal (CPR):    0.129ns
  Clock Uncertainty:      0.496ns  ((TSJ^2 + TIJ^2)^1/2 + DJ) / 2 + PE
    Total System Jitter     (TSJ):    0.071ns
    Total Input Jitter      (TIJ):    0.990ns
    Discrete Jitter          (DJ):    0.000ns
    Phase Error              (PE):    0.000ns

    Location             Delay type                Incr(ns)  Path(ns)    Netlist Resource(s)
  -------------------------------------------------------------------    -------------------
                         (clock clk_fpga_0 rise edge)
                                                      0.000     0.000 r  
    PS7_X0Y0             PS7                          0.000     0.000 r  design_1_i/processing_system7_0/inst/PS7_i/FCLKCLK[0]
                         net (fo=1, routed)           1.193     1.193    design_1_i/processing_system7_0/inst/FCLK_CLK_unbuffered[0]
    BUFGCTRL_X0Y16       BUFG (Prop_bufg_I_O)         0.101     1.294 r  design_1_i/processing_system7_0/inst/buffer_fclk_clk_0.FCLK_CLK_0_BUFG/O
                         net (fo=9550, routed)        1.748     3.042    design_1_i/ldpc_encoder_0/inst/ldpc_encoder_core/csr_decoder/zc_decoder/clk_i
    SLICE_X13Y32         FDCE                                         r  design_1_i/ldpc_encoder_0/inst/ldpc_encoder_core/csr_decoder/zc_decoder/i_ls_o_reg[0]/C
  -------------------------------------------------------------------    -------------------
    SLICE_X13Y32         FDCE (Prop_fdce_C_Q)         0.456     3.498 r  design_1_i/ldpc_encoder_0/inst/ldpc_encoder_core/csr_decoder/zc_decoder/i_ls_o_reg[0]/Q
                         net (fo=80, routed)          3.666     7.164    design_1_i/ldpc_encoder_0/inst/ldpc_encoder_core/csr_decoder/zc_decoder/i_ls_o[0]
    SLICE_X106Y27        LUT6 (Prop_lut6_I4_O)        0.124     7.288 r  design_1_i/ldpc_encoder_0/inst/ldpc_encoder_core/csr_decoder/zc_decoder/val_rom_gen[1].val_held_q[1][8]_i_3/O
                         net (fo=1, routed)           0.000     7.288    design_1_i/ldpc_encoder_0/inst/ldpc_encoder_core/csr_decoder/zc_decoder/val_rom_gen[1].val_held_q[1][8]_i_3_n_0
    SLICE_X106Y27        MUXF7 (Prop_muxf7_I0_O)      0.238     7.526 r  design_1_i/ldpc_encoder_0/inst/ldpc_encoder_core/csr_decoder/zc_decoder/val_rom_gen[1].val_held_q_reg[1][8]_i_2/O
                         net (fo=2, routed)           1.032     8.558    design_1_i/ldpc_encoder_0/inst/ldpc_encoder_core/csr_decoder/zc_decoder/D[8]
    SLICE_X109Y11        LUT4 (Prop_lut4_I0_O)        0.298     8.856 r  design_1_i/ldpc_encoder_0/inst/ldpc_encoder_core/csr_decoder/zc_decoder/mem_q[0][permutation][3][8]_i_1/O
                         net (fo=2, routed)           0.407     9.263    design_1_i/ldpc_encoder_0/inst/ldpc_encoder_core/csr_decoder/ldpc_io_reg/i_fifo/mem_q_reg[0][permutation][3][8]_0[8]
    SLICE_X109Y11        LUT5 (Prop_lut5_I4_O)        0.124     9.387 r  design_1_i/ldpc_encoder_0/inst/ldpc_encoder_core/csr_decoder/ldpc_io_reg/i_fifo/p_norm_qdly[3][8]_i_14/O
                         net (fo=3, routed)           1.337    10.725    design_1_i/ldpc_encoder_0/inst/ldpc_encoder_core/csr_decoder/ldpc_io_reg/i_fifo/permutation_q[3]_102[8]
    SLICE_X98Y3          LUT2 (Prop_lut2_I1_O)        0.148    10.873 f  design_1_i/ldpc_encoder_0/inst/ldpc_encoder_core/csr_decoder/ldpc_io_reg/i_fifo/p_norm_qdly[3][8]_i_118/O
                         net (fo=5, routed)           0.668    11.541    design_1_i/ldpc_encoder_0/inst/ldpc_encoder_core/csr_decoder/ldpc_io_reg/i_fifo/p_norm_qdly[3][8]_i_118_n_0
    SLICE_X101Y10        LUT5 (Prop_lut5_I0_O)        0.328    11.869 r  design_1_i/ldpc_encoder_0/inst/ldpc_encoder_core/csr_decoder/ldpc_io_reg/i_fifo/p_norm_qdly[3][8]_i_116/O
                         net (fo=16, routed)          1.001    12.870    design_1_i/ldpc_encoder_0/inst/ldpc_encoder_core/csr_decoder/ldpc_io_reg/i_fifo/p_norm_qdly[3][8]_i_116_n_0
    SLICE_X103Y13        LUT5 (Prop_lut5_I0_O)        0.152    13.022 r  design_1_i/ldpc_encoder_0/inst/ldpc_encoder_core/csr_decoder/ldpc_io_reg/i_fifo/p_norm_qdly[3][8]_i_108/O
                         net (fo=1, routed)           0.477    13.498    design_1_i/ldpc_encoder_0/inst/ldpc_encoder_core/csr_decoder/ldpc_io_reg/i_fifo/p_norm_qdly[3][8]_i_108_n_0
    SLICE_X102Y12        CARRY4 (Prop_carry4_CYINIT_CO[3])
                                                      0.803    14.301 r  design_1_i/ldpc_encoder_0/inst/ldpc_encoder_core/csr_decoder/ldpc_io_reg/i_fifo/p_norm_qdly_reg[3][8]_i_88/CO[3]
                         net (fo=1, routed)           0.000    14.301    design_1_i/ldpc_encoder_0/inst/ldpc_encoder_core/csr_decoder/ldpc_io_reg/i_fifo/p_norm_qdly_reg[3][8]_i_88_n_0
    SLICE_X102Y13        CARRY4 (Prop_carry4_CI_CO[3])
                                                      0.117    14.418 r  design_1_i/ldpc_encoder_0/inst/ldpc_encoder_core/csr_decoder/ldpc_io_reg/i_fifo/p_norm_qdly_reg[3][8]_i_84/CO[3]
                         net (fo=1, routed)           0.000    14.418    design_1_i/ldpc_encoder_0/inst/ldpc_encoder_core/csr_decoder/ldpc_io_reg/i_fifo/p_norm_qdly_reg[3][8]_i_84_n_0
    SLICE_X102Y14        CARRY4 (Prop_carry4_CI_CO[1])
                                                      0.157    14.575 r  design_1_i/ldpc_encoder_0/inst/ldpc_encoder_core/csr_decoder/ldpc_io_reg/i_fifo/p_norm_qdly_reg[3][8]_i_83/CO[1]
                         net (fo=12, routed)          0.889    15.465    design_1_i/ldpc_encoder_0/inst/ldpc_encoder_core/csr_decoder/ldpc_io_reg/i_fifo/p_norm_qdly_reg[3][8]_i_83_n_2
    SLICE_X102Y9         CARRY4 (Prop_carry4_CYINIT_CO[3])
                                                      0.803    16.268 r  design_1_i/ldpc_encoder_0/inst/ldpc_encoder_core/csr_decoder/ldpc_io_reg/i_fifo/p_norm_qdly_reg[3][8]_i_75/CO[3]
                         net (fo=1, routed)           0.000    16.268    design_1_i/ldpc_encoder_0/inst/ldpc_encoder_core/csr_decoder/ldpc_io_reg/i_fifo/p_norm_qdly_reg[3][8]_i_75_n_0
    SLICE_X102Y10        CARRY4 (Prop_carry4_CI_CO[3])
                                                      0.117    16.385 r  design_1_i/ldpc_encoder_0/inst/ldpc_encoder_core/csr_decoder/ldpc_io_reg/i_fifo/p_norm_qdly_reg[3][8]_i_71/CO[3]
                         net (fo=1, routed)           0.000    16.385    design_1_i/ldpc_encoder_0/inst/ldpc_encoder_core/csr_decoder/ldpc_io_reg/i_fifo/p_norm_qdly_reg[3][8]_i_71_n_0
    SLICE_X102Y11        CARRY4 (Prop_carry4_CI_CO[2])
                                                      0.229    16.614 r  design_1_i/ldpc_encoder_0/inst/ldpc_encoder_core/csr_decoder/ldpc_io_reg/i_fifo/p_norm_qdly_reg[3][8]_i_70/CO[2]
                         net (fo=12, routed)          0.690    17.304    design_1_i/ldpc_encoder_0/inst/ldpc_encoder_core/csr_decoder/ldpc_io_reg/i_fifo/p_norm_qdly_reg[3][8]_i_70_n_1
    SLICE_X103Y9         LUT3 (Prop_lut3_I0_O)        0.310    17.614 r  design_1_i/ldpc_encoder_0/inst/ldpc_encoder_core/csr_decoder/ldpc_io_reg/i_fifo/p_norm_qdly[3][8]_i_81/O
                         net (fo=1, routed)           0.000    17.614    design_1_i/ldpc_encoder_0/inst/ldpc_encoder_core/csr_decoder/ldpc_io_reg/i_fifo/p_norm_qdly[3][8]_i_81_n_0
    SLICE_X103Y9         CARRY4 (Prop_carry4_S[2]_CO[3])
                                                      0.398    18.012 r  design_1_i/ldpc_encoder_0/inst/ldpc_encoder_core/csr_decoder/ldpc_io_reg/i_fifo/p_norm_qdly_reg[3][8]_i_62/CO[3]
                         net (fo=1, routed)           0.000    18.012    design_1_i/ldpc_encoder_0/inst/ldpc_encoder_core/csr_decoder/ldpc_io_reg/i_fifo/p_norm_qdly_reg[3][8]_i_62_n_0
    SLICE_X103Y10        CARRY4 (Prop_carry4_CI_CO[3])
                                                      0.114    18.126 r  design_1_i/ldpc_encoder_0/inst/ldpc_encoder_core/csr_decoder/ldpc_io_reg/i_fifo/p_norm_qdly_reg[3][8]_i_58/CO[3]
                         net (fo=1, routed)           0.000    18.126    design_1_i/ldpc_encoder_0/inst/ldpc_encoder_core/csr_decoder/ldpc_io_reg/i_fifo/p_norm_qdly_reg[3][8]_i_58_n_0
    SLICE_X103Y11        CARRY4 (Prop_carry4_CI_CO[2])
                                                      0.228    18.354 r  design_1_i/ldpc_encoder_0/inst/ldpc_encoder_core/csr_decoder/ldpc_io_reg/i_fifo/p_norm_qdly_reg[3][8]_i_57/CO[2]
                         net (fo=12, routed)          0.545    18.899    design_1_i/ldpc_encoder_0/inst/ldpc_encoder_core/csr_decoder/ldpc_io_reg/i_fifo/p_norm_qdly_reg[3][8]_i_57_n_1
    SLICE_X104Y9         LUT3 (Prop_lut3_I0_O)        0.313    19.212 r  design_1_i/ldpc_encoder_0/inst/ldpc_encoder_core/csr_decoder/ldpc_io_reg/i_fifo/p_norm_qdly[3][8]_i_69/O
                         net (fo=1, routed)           0.000    19.212    design_1_i/ldpc_encoder_0/inst/ldpc_encoder_core/csr_decoder/ldpc_io_reg/i_fifo/p_norm_qdly[3][8]_i_69_n_0
    SLICE_X104Y9         CARRY4 (Prop_carry4_S[1]_CO[3])
                                                      0.533    19.745 r  design_1_i/ldpc_encoder_0/inst/ldpc_encoder_core/csr_decoder/ldpc_io_reg/i_fifo/p_norm_qdly_reg[3][8]_i_49/CO[3]
                         net (fo=1, routed)           0.000    19.745    design_1_i/ldpc_encoder_0/inst/ldpc_encoder_core/csr_decoder/ldpc_io_reg/i_fifo/p_norm_qdly_reg[3][8]_i_49_n_0
    SLICE_X104Y10        CARRY4 (Prop_carry4_CI_CO[3])
                                                      0.117    19.862 r  design_1_i/ldpc_encoder_0/inst/ldpc_encoder_core/csr_decoder/ldpc_io_reg/i_fifo/p_norm_qdly_reg[3][8]_i_45/CO[3]
                         net (fo=1, routed)           0.000    19.862    design_1_i/ldpc_encoder_0/inst/ldpc_encoder_core/csr_decoder/ldpc_io_reg/i_fifo/p_norm_qdly_reg[3][8]_i_45_n_0
    SLICE_X104Y11        CARRY4 (Prop_carry4_CI_CO[2])
                                                      0.229    20.091 r  design_1_i/ldpc_encoder_0/inst/ldpc_encoder_core/csr_decoder/ldpc_io_reg/i_fifo/p_norm_qdly_reg[3][8]_i_44/CO[2]
                         net (fo=12, routed)          0.483    20.574    design_1_i/ldpc_encoder_0/inst/ldpc_encoder_core/csr_decoder/ldpc_io_reg/i_fifo/p_norm_qdly_reg[3][8]_i_44_n_1
    SLICE_X105Y9         LUT3 (Prop_lut3_I0_O)        0.310    20.884 r  design_1_i/ldpc_encoder_0/inst/ldpc_encoder_core/csr_decoder/ldpc_io_reg/i_fifo/p_norm_qdly[3][8]_i_56/O
                         net (fo=1, routed)           0.000    20.884    design_1_i/ldpc_encoder_0/inst/ldpc_encoder_core/csr_decoder/ldpc_io_reg/i_fifo/p_norm_qdly[3][8]_i_56_n_0
    SLICE_X105Y9         CARRY4 (Prop_carry4_S[1]_CO[3])
                                                      0.550    21.434 r  design_1_i/ldpc_encoder_0/inst/ldpc_encoder_core/csr_decoder/ldpc_io_reg/i_fifo/p_norm_qdly_reg[3][8]_i_36/CO[3]
                         net (fo=1, routed)           0.000    21.434    design_1_i/ldpc_encoder_0/inst/ldpc_encoder_core/csr_decoder/ldpc_io_reg/i_fifo/p_norm_qdly_reg[3][8]_i_36_n_0
    SLICE_X105Y10        CARRY4 (Prop_carry4_CI_CO[3])
                                                      0.114    21.548 r  design_1_i/ldpc_encoder_0/inst/ldpc_encoder_core/csr_decoder/ldpc_io_reg/i_fifo/p_norm_qdly_reg[3][8]_i_32/CO[3]
                         net (fo=1, routed)           0.000    21.548    design_1_i/ldpc_encoder_0/inst/ldpc_encoder_core/csr_decoder/ldpc_io_reg/i_fifo/p_norm_qdly_reg[3][8]_i_32_n_0
    SLICE_X105Y11        CARRY4 (Prop_carry4_CI_CO[2])
                                                      0.228    21.776 r  design_1_i/ldpc_encoder_0/inst/ldpc_encoder_core/csr_decoder/ldpc_io_reg/i_fifo/p_norm_qdly_reg[3][8]_i_31/CO[2]
                         net (fo=12, routed)          0.897    22.673    design_1_i/ldpc_encoder_0/inst/ldpc_encoder_core/csr_decoder/ldpc_io_reg/i_fifo/p_norm_qdly_reg[3][8]_i_31_n_1
    SLICE_X107Y8         LUT3 (Prop_lut3_I0_O)        0.313    22.986 r  design_1_i/ldpc_encoder_0/inst/ldpc_encoder_core/csr_decoder/ldpc_io_reg/i_fifo/p_norm_qdly[3][8]_i_41/O
                         net (fo=1, routed)           0.000    22.986    design_1_i/ldpc_encoder_0/inst/ldpc_encoder_core/csr_decoder/ldpc_io_reg/i_fifo/p_norm_qdly[3][8]_i_41_n_0
    SLICE_X107Y8         CARRY4 (Prop_carry4_S[3]_CO[3])
                                                      0.401    23.387 r  design_1_i/ldpc_encoder_0/inst/ldpc_encoder_core/csr_decoder/ldpc_io_reg/i_fifo/p_norm_qdly_reg[3][8]_i_22/CO[3]
                         net (fo=1, routed)           0.000    23.387    design_1_i/ldpc_encoder_0/inst/ldpc_encoder_core/csr_decoder/ldpc_io_reg/i_fifo/p_norm_qdly_reg[3][8]_i_22_n_0
    SLICE_X107Y9         CARRY4 (Prop_carry4_CI_CO[3])
                                                      0.114    23.501 r  design_1_i/ldpc_encoder_0/inst/ldpc_encoder_core/csr_decoder/ldpc_io_reg/i_fifo/p_norm_qdly_reg[3][8]_i_18/CO[3]
                         net (fo=1, routed)           0.000    23.501    design_1_i/ldpc_encoder_0/inst/ldpc_encoder_core/csr_decoder/ldpc_io_reg/i_fifo/p_norm_qdly_reg[3][8]_i_18_n_0
    SLICE_X107Y10        CARRY4 (Prop_carry4_CI_CO[2])
                                                      0.228    23.729 r  design_1_i/ldpc_encoder_0/inst/ldpc_encoder_core/csr_decoder/ldpc_io_reg/i_fifo/p_norm_qdly_reg[3][8]_i_17/CO[2]
                         net (fo=12, routed)          0.530    24.259    design_1_i/ldpc_encoder_0/inst/ldpc_encoder_core/csr_decoder/ldpc_io_reg/i_fifo/p_norm_qdly_reg[3][8]_i_17_n_1
    SLICE_X106Y7         LUT3 (Prop_lut3_I0_O)        0.313    24.572 r  design_1_i/ldpc_encoder_0/inst/ldpc_encoder_core/csr_decoder/ldpc_io_reg/i_fifo/p_norm_qdly[3][6]_i_11/O
                         net (fo=1, routed)           0.000    24.572    design_1_i/ldpc_encoder_0/inst/ldpc_encoder_core/csr_decoder/ldpc_io_reg/i_fifo/p_norm_qdly[3][6]_i_11_n_0
    SLICE_X106Y7         CARRY4 (Prop_carry4_S[1]_CO[3])
                                                      0.550    25.122 r  design_1_i/ldpc_encoder_0/inst/ldpc_encoder_core/csr_decoder/ldpc_io_reg/i_fifo/p_norm_qdly_reg[3][6]_i_4/CO[3]
                         net (fo=1, routed)           0.000    25.122    design_1_i/ldpc_encoder_0/inst/ldpc_encoder_core/csr_decoder/ldpc_io_reg/i_fifo/p_norm_qdly_reg[3][6]_i_4_n_0
    SLICE_X106Y8         CARRY4 (Prop_carry4_CI_CO[3])
                                                      0.114    25.236 r  design_1_i/ldpc_encoder_0/inst/ldpc_encoder_core/csr_decoder/ldpc_io_reg/i_fifo/p_norm_qdly_reg[3][8]_i_7/CO[3]
                         net (fo=1, routed)           0.000    25.236    design_1_i/ldpc_encoder_0/inst/ldpc_encoder_core/csr_decoder/ldpc_io_reg/i_fifo/p_norm_qdly_reg[3][8]_i_7_n_0
    SLICE_X106Y9         CARRY4 (Prop_carry4_CI_CO[2])
                                                      0.228    25.464 r  design_1_i/ldpc_encoder_0/inst/ldpc_encoder_core/csr_decoder/ldpc_io_reg/i_fifo/p_norm_qdly_reg[3][8]_i_6/CO[2]
                         net (fo=12, routed)          0.749    26.213    design_1_i/ldpc_encoder_0/inst/ldpc_encoder_core/csr_decoder/ldpc_io_reg/i_fifo/p_norm_qdly_reg[3][8]_i_6_n_1
    SLICE_X105Y6         LUT3 (Prop_lut3_I0_O)        0.313    26.526 r  design_1_i/ldpc_encoder_0/inst/ldpc_encoder_core/csr_decoder/ldpc_io_reg/i_fifo/p_norm_qdly[3][2]_i_7/O
                         net (fo=1, routed)           0.000    26.526    design_1_i/ldpc_encoder_0/inst/ldpc_encoder_core/csr_decoder/ldpc_io_reg/i_fifo/p_norm_qdly[3][2]_i_7_n_0
    SLICE_X105Y6         CARRY4 (Prop_carry4_S[1]_O[3])
                                                      0.640    27.166 r  design_1_i/ldpc_encoder_0/inst/ldpc_encoder_core/csr_decoder/ldpc_io_reg/i_fifo/p_norm_qdly_reg[3][2]_i_2/O[3]
                         net (fo=2, routed)           0.616    27.782    design_1_i/ldpc_encoder_0/inst/ldpc_encoder_core/csr_decoder/ldpc_io_reg/i_fifo/p_norm_qdly_reg[3][2]_i_2_n_4
    SLICE_X103Y6         LUT6 (Prop_lut6_I5_O)        0.306    28.088 f  design_1_i/ldpc_encoder_0/inst/ldpc_encoder_core/csr_decoder/ldpc_io_reg/i_fifo/p_norm_qdly[3][3]_i_2/O
                         net (fo=3, routed)           0.417    28.504    design_1_i/ldpc_encoder_0/inst/ldpc_encoder_core/csr_decoder/ldpc_io_reg/i_fifo/p_norm_qdly[3][3]_i_2_n_0
    SLICE_X103Y7         LUT5 (Prop_lut5_I2_O)        0.119    28.623 f  design_1_i/ldpc_encoder_0/inst/ldpc_encoder_core/csr_decoder/ldpc_io_reg/i_fifo/p_norm_qdly[3][5]_i_2/O
                         net (fo=2, routed)           0.544    29.167    design_1_i/ldpc_encoder_0/inst/ldpc_encoder_core/csr_decoder/ldpc_io_reg/i_fifo/p_norm_qdly[3][5]_i_2_n_0
    SLICE_X102Y7         LUT5 (Prop_lut5_I4_O)        0.332    29.499 r  design_1_i/ldpc_encoder_0/inst/ldpc_encoder_core/csr_decoder/ldpc_io_reg/i_fifo/p_norm_qdly[3][7]_i_2/O
                         net (fo=1, routed)           0.282    29.781    design_1_i/ldpc_encoder_0/inst/ldpc_encoder_core/csr_decoder/ldpc_io_reg/i_fifo/p_norm_qdly[3][7]_i_2_n_0
    SLICE_X102Y7         LUT6 (Prop_lut6_I5_O)        0.124    29.905 r  design_1_i/ldpc_encoder_0/inst/ldpc_encoder_core/csr_decoder/ldpc_io_reg/i_fifo/p_norm_qdly[3][7]_i_1/O
                         net (fo=1, routed)           0.000    29.905    design_1_i/ldpc_encoder_0/inst/ldpc_encoder_core/p_norm_q[3]_122[7]
    SLICE_X102Y7         FDCE                                         r  design_1_i/ldpc_encoder_0/inst/ldpc_encoder_core/p_norm_qdly_reg[3][7]/D
  -------------------------------------------------------------------    -------------------

                         (clock clk_fpga_0 rise edge)
                                                     33.000    33.000 r  
    PS7_X0Y0             PS7                          0.000    33.000 r  design_1_i/processing_system7_0/inst/PS7_i/FCLKCLK[0]
                         net (fo=1, routed)           1.088    34.088    design_1_i/processing_system7_0/inst/FCLK_CLK_unbuffered[0]
    BUFGCTRL_X0Y16       BUFG (Prop_bufg_I_O)         0.091    34.179 r  design_1_i/processing_system7_0/inst/buffer_fclk_clk_0.FCLK_CLK_0_BUFG/O
                         net (fo=9550, routed)        1.624    35.804    design_1_i/ldpc_encoder_0/inst/ldpc_encoder_core/clk_i
    SLICE_X102Y7         FDCE                                         r  design_1_i/ldpc_encoder_0/inst/ldpc_encoder_core/p_norm_qdly_reg[3][7]/C
                         clock pessimism              0.129    35.932    
                         clock uncertainty           -0.496    35.436    
    SLICE_X102Y7         FDCE (Setup_fdce_C_D)        0.079    35.515    design_1_i/ldpc_encoder_0/inst/ldpc_encoder_core/p_norm_qdly_reg[3][7]
  -------------------------------------------------------------------
                         required time                         35.515    
                         arrival time                         -29.905    
  -------------------------------------------------------------------
                         slack                                  5.610    

Slack (MET) :             5.836ns  (required time - arrival time)
  Source:                 design_1_i/ldpc_encoder_0/inst/ldpc_encoder_core/lifting_size_q_reg[3]_rep__0/C
                            (rising edge-triggered cell FDCE clocked by clk_fpga_0  {rise@0.000ns fall@16.500ns period=33.000ns})
  Destination:            design_1_i/ldpc_encoder_0/inst/ldpc_encoder_core/codeword_generator/ram_reg[1][0]_1/DIBDI[5]
                            (rising edge-triggered cell RAMB18E1 clocked by clk_fpga_0  {rise@0.000ns fall@16.500ns period=33.000ns})
  Path Group:             clk_fpga_0
  Path Type:              Setup (Max at Slow Process Corner)
  Requirement:            33.000ns  (clk_fpga_0 rise@33.000ns - clk_fpga_0 rise@0.000ns)
  Data Path Delay:        26.334ns  (logic 4.544ns (17.256%)  route 21.790ns (82.744%))
  Logic Levels:           18  (CARRY4=4 LUT2=2 LUT3=2 LUT4=2 LUT5=1 LUT6=7)
  Clock Path Skew:        -0.093ns (DCD - SCD + CPR)
    Destination Clock Delay (DCD):    2.801ns = ( 35.801 - 33.000 ) 
    Source Clock Delay      (SCD):    3.023ns
    Clock Pessimism Removal (CPR):    0.129ns
  Clock Uncertainty:      0.496ns  ((TSJ^2 + TIJ^2)^1/2 + DJ) / 2 + PE
    Total System Jitter     (TSJ):    0.071ns
    Total Input Jitter      (TIJ):    0.990ns
    Discrete Jitter          (DJ):    0.000ns
    Phase Error              (PE):    0.000ns

    Location             Delay type                Incr(ns)  Path(ns)    Netlist Resource(s)
  -------------------------------------------------------------------    -------------------
                         (clock clk_fpga_0 rise edge)
                                                      0.000     0.000 r  
    PS7_X0Y0             PS7                          0.000     0.000 r  design_1_i/processing_system7_0/inst/PS7_i/FCLKCLK[0]
                         net (fo=1, routed)           1.193     1.193    design_1_i/processing_system7_0/inst/FCLK_CLK_unbuffered[0]
    BUFGCTRL_X0Y16       BUFG (Prop_bufg_I_O)         0.101     1.294 r  design_1_i/processing_system7_0/inst/buffer_fclk_clk_0.FCLK_CLK_0_BUFG/O
                         net (fo=9550, routed)        1.729     3.023    design_1_i/ldpc_encoder_0/inst/ldpc_encoder_core/clk_i
    SLICE_X80Y17         FDCE                                         r  design_1_i/ldpc_encoder_0/inst/ldpc_encoder_core/lifting_size_q_reg[3]_rep__0/C
  -------------------------------------------------------------------    -------------------
    SLICE_X80Y17         FDCE (Prop_fdce_C_Q)         0.456     3.479 r  design_1_i/ldpc_encoder_0/inst/ldpc_encoder_core/lifting_size_q_reg[3]_rep__0/Q
                         net (fo=109, routed)         2.565     6.044    design_1_i/ldpc_encoder_0/inst/ldpc_encoder_core/core_parity_bit_calculator/DI[3]
    SLICE_X102Y54        LUT4 (Prop_lut4_I0_O)        0.124     6.168 r  design_1_i/ldpc_encoder_0/inst/ldpc_encoder_core/core_parity_bit_calculator/cs_data_in_q[3][95]_i_175/O
                         net (fo=1, routed)           0.000     6.168    design_1_i/ldpc_encoder_0/inst/ldpc_encoder_core/core_parity_bit_calculator/cs_data_in_q[3][95]_i_175_n_0
    SLICE_X102Y54        CARRY4 (Prop_carry4_S[1]_CO[3])
                                                      0.533     6.701 r  design_1_i/ldpc_encoder_0/inst/ldpc_encoder_core/core_parity_bit_calculator/cs_data_in_q_reg[3][95]_i_96/CO[3]
                         net (fo=1, routed)           0.000     6.701    design_1_i/ldpc_encoder_0/inst/ldpc_encoder_core/core_parity_bit_calculator/cs_data_in_q_reg[3][95]_i_96_n_0
    SLICE_X102Y55        CARRY4 (Prop_carry4_CI_CO[0])
                                                      0.254     6.955 r  design_1_i/ldpc_encoder_0/inst/ldpc_encoder_core/core_parity_bit_calculator/cs_data_in_q_reg[3][95]_i_61/CO[0]
                         net (fo=71, routed)          1.106     8.061    design_1_i/ldpc_encoder_0/inst/ldpc_encoder_core/core_parity_bit_calculator/cs_data_in_q_reg[3][95]_i_61_n_3
    SLICE_X107Y54        LUT3 (Prop_lut3_I1_O)        0.367     8.428 r  design_1_i/ldpc_encoder_0/inst/ldpc_encoder_core/core_parity_bit_calculator/cs_data_in_q[0][0]_i_18/O
                         net (fo=107, routed)         1.806    10.235    design_1_i/ldpc_encoder_0/inst/ldpc_encoder_core/core_parity_bit_calculator/cs_data_in_q[0][0]_i_18_n_0
    SLICE_X73Y47         LUT2 (Prop_lut2_I1_O)        0.124    10.359 r  design_1_i/ldpc_encoder_0/inst/ldpc_encoder_core/core_parity_bit_calculator/cs_data_in_q[3][95]_i_66/O
                         net (fo=1, routed)           0.000    10.359    design_1_i/ldpc_encoder_0/inst/ldpc_encoder_core/core_parity_bit_calculator/cs_data_in_q[3][95]_i_66_n_0
    SLICE_X73Y47         CARRY4 (Prop_carry4_S[3]_CO[3])
                                                      0.401    10.760 r  design_1_i/ldpc_encoder_0/inst/ldpc_encoder_core/core_parity_bit_calculator/cs_data_in_q_reg[3][95]_i_43/CO[3]
                         net (fo=1, routed)           0.000    10.760    design_1_i/ldpc_encoder_0/inst/ldpc_encoder_core/core_parity_bit_calculator/cs_data_in_q_reg[3][95]_i_43_n_0
    SLICE_X73Y48         CARRY4 (Prop_carry4_CI_O[3])
                                                      0.313    11.073 r  design_1_i/ldpc_encoder_0/inst/ldpc_encoder_core/core_parity_bit_calculator/cs_data_in_q_reg[3][94]_i_48/O[3]
                         net (fo=1162, routed)        3.147    14.220    design_1_i/ldpc_encoder_0/inst/ldpc_encoder_core/core_parity_bit_calculator/shifter_inst/rotated_val1_inferred__1/cs_data_in_q[3][70]_i_33_0[3]
    SLICE_X101Y82        LUT6 (Prop_lut6_I3_O)        0.306    14.526 r  design_1_i/ldpc_encoder_0/inst/ldpc_encoder_core/core_parity_bit_calculator/shifter_inst/rotated_val1_inferred__1/cs_data_in_q[2][10]_i_29/O
                         net (fo=3, routed)           0.911    15.438    design_1_i/ldpc_encoder_0/inst/ldpc_encoder_core/core_parity_bit_calculator/shifter_inst/rotated_val1_inferred__1/cs_data_in_q[2][10]_i_29_n_0
    SLICE_X86Y81         LUT6 (Prop_lut6_I5_O)        0.124    15.562 r  design_1_i/ldpc_encoder_0/inst/ldpc_encoder_core/core_parity_bit_calculator/shifter_inst/rotated_val1_inferred__1/cs_data_in_q[2][10]_i_25/O
                         net (fo=4, routed)           2.170    17.731    design_1_i/ldpc_encoder_0/inst/ldpc_encoder_core/core_parity_bit_calculator/shifter_inst/rotated_val1_inferred__1/cs_data_in_q[2][10]_i_25_n_0
    SLICE_X106Y63        LUT3 (Prop_lut3_I0_O)        0.152    17.883 r  design_1_i/ldpc_encoder_0/inst/ldpc_encoder_core/core_parity_bit_calculator/shifter_inst/rotated_val1_inferred__1/cs_data_in_q[3][94]_i_139/O
                         net (fo=2, routed)           1.774    19.657    design_1_i/ldpc_encoder_0/inst/ldpc_encoder_core/core_parity_bit_calculator/shifter_inst/rotated_val1_inferred__1/cs_data_in_q[3][94]_i_139_n_0
    SLICE_X87Y77         LUT5 (Prop_lut5_I2_O)        0.326    19.983 r  design_1_i/ldpc_encoder_0/inst/ldpc_encoder_core/core_parity_bit_calculator/shifter_inst/rotated_val1_inferred__1/cs_data_in_q[3][94]_i_61/O
                         net (fo=2, routed)           0.721    20.703    design_1_i/ldpc_encoder_0/inst/ldpc_encoder_core/core_parity_bit_calculator/shifter_inst_n_1003
    SLICE_X87Y71         LUT6 (Prop_lut6_I4_O)        0.124    20.827 r  design_1_i/ldpc_encoder_0/inst/ldpc_encoder_core/core_parity_bit_calculator/cs_data_in_q[3][93]_i_29/O
                         net (fo=1, routed)           0.655    21.483    design_1_i/ldpc_encoder_0/inst/ldpc_encoder_core/core_parity_bit_calculator/cs_data_in_q[3][93]_i_29_n_0
    SLICE_X86Y71         LUT6 (Prop_lut6_I2_O)        0.124    21.607 r  design_1_i/ldpc_encoder_0/inst/ldpc_encoder_core/core_parity_bit_calculator/cs_data_in_q[3][93]_i_21/O
                         net (fo=4, routed)           3.345    24.952    design_1_i/ldpc_encoder_0/inst/ldpc_encoder_core/core_parity_bit_calculator/cs_out[189]
    SLICE_X18Y33         LUT2 (Prop_lut2_I1_O)        0.116    25.068 r  design_1_i/ldpc_encoder_0/inst/ldpc_encoder_core/core_parity_bit_calculator/cs_data_in_q[3][93]_i_9/O
                         net (fo=4, routed)           0.612    25.680    design_1_i/ldpc_encoder_0/inst/ldpc_encoder_core/core_parity_bit_calculator/parity_core[2]_24[189]
    SLICE_X17Y33         LUT6 (Prop_lut6_I3_O)        0.328    26.008 r  design_1_i/ldpc_encoder_0/inst/ldpc_encoder_core/core_parity_bit_calculator/ram_reg[1][0]_1_i_140/O
                         net (fo=1, routed)           0.426    26.434    design_1_i/ldpc_encoder_0/inst/ldpc_encoder_core/core_parity_bit_calculator/ram_reg[1][0]_1_i_140_n_0
    SLICE_X16Y33         LUT6 (Prop_lut6_I2_O)        0.124    26.558 r  design_1_i/ldpc_encoder_0/inst/ldpc_encoder_core/core_parity_bit_calculator/ram_reg[1][0]_1_i_109/O
                         net (fo=1, routed)           0.628    27.186    design_1_i/ldpc_encoder_0/inst/ldpc_encoder_core/codeword_generator/ram_reg[1][0]_1_21
    SLICE_X16Y28         LUT6 (Prop_lut6_I1_O)        0.124    27.310 r  design_1_i/ldpc_encoder_0/inst/ldpc_encoder_core/codeword_generator/ram_reg[1][0]_1_i_62/O
                         net (fo=1, routed)           0.593    27.902    design_1_i/ldpc_encoder_0/inst/ldpc_encoder_core/codeword_generator/ram_reg[1][0]_1_i_62_n_0
    SLICE_X12Y26         LUT4 (Prop_lut4_I3_O)        0.124    28.026 r  design_1_i/ldpc_encoder_0/inst/ldpc_encoder_core/codeword_generator/ram_reg[1][0]_1_i_19/O
                         net (fo=1, routed)           1.330    29.357    design_1_i/ldpc_encoder_0/inst/ldpc_encoder_core/codeword_generator/w_data_mux[1]_47[93]
    RAMB18_X1Y1          RAMB18E1                                     r  design_1_i/ldpc_encoder_0/inst/ldpc_encoder_core/codeword_generator/ram_reg[1][0]_1/DIBDI[5]
  -------------------------------------------------------------------    -------------------

                         (clock clk_fpga_0 rise edge)
                                                     33.000    33.000 r  
    PS7_X0Y0             PS7                          0.000    33.000 r  design_1_i/processing_system7_0/inst/PS7_i/FCLKCLK[0]
                         net (fo=1, routed)           1.088    34.088    design_1_i/processing_system7_0/inst/FCLK_CLK_unbuffered[0]
    BUFGCTRL_X0Y16       BUFG (Prop_bufg_I_O)         0.091    34.179 r  design_1_i/processing_system7_0/inst/buffer_fclk_clk_0.FCLK_CLK_0_BUFG/O
                         net (fo=9550, routed)        1.622    35.801    design_1_i/ldpc_encoder_0/inst/ldpc_encoder_core/codeword_generator/clk_i
    RAMB18_X1Y1          RAMB18E1                                     r  design_1_i/ldpc_encoder_0/inst/ldpc_encoder_core/codeword_generator/ram_reg[1][0]_1/CLKBWRCLK
                         clock pessimism              0.129    35.930    
                         clock uncertainty           -0.496    35.434    
    RAMB18_X1Y1          RAMB18E1 (Setup_ramb18e1_CLKBWRCLK_DIBDI[5])
                                                     -0.241    35.193    design_1_i/ldpc_encoder_0/inst/ldpc_encoder_core/codeword_generator/ram_reg[1][0]_1
  -------------------------------------------------------------------
                         required time                         35.193    
                         arrival time                         -29.357    
  -------------------------------------------------------------------
                         slack                                  5.836    

Slack (MET) :             6.062ns  (required time - arrival time)
  Source:                 design_1_i/ldpc_encoder_0/inst/ldpc_encoder_core/lifting_size_q_reg[3]_rep__0/C
                            (rising edge-triggered cell FDCE clocked by clk_fpga_0  {rise@0.000ns fall@16.500ns period=33.000ns})
  Destination:            design_1_i/ldpc_encoder_0/inst/ldpc_encoder_core/codeword_generator/ram_reg[3][0]_1/DIBDI[5]
                            (rising edge-triggered cell RAMB18E1 clocked by clk_fpga_0  {rise@0.000ns fall@16.500ns period=33.000ns})
  Path Group:             clk_fpga_0
  Path Type:              Setup (Max at Slow Process Corner)
  Requirement:            33.000ns  (clk_fpga_0 rise@33.000ns - clk_fpga_0 rise@0.000ns)
  Data Path Delay:        26.100ns  (logic 4.544ns (17.410%)  route 21.556ns (82.590%))
  Logic Levels:           18  (CARRY4=4 LUT2=2 LUT3=2 LUT4=2 LUT5=1 LUT6=7)
  Clock Path Skew:        -0.101ns (DCD - SCD + CPR)
    Destination Clock Delay (DCD):    2.793ns = ( 35.793 - 33.000 ) 
    Source Clock Delay      (SCD):    3.023ns
    Clock Pessimism Removal (CPR):    0.129ns
  Clock Uncertainty:      0.496ns  ((TSJ^2 + TIJ^2)^1/2 + DJ) / 2 + PE
    Total System Jitter     (TSJ):    0.071ns
    Total Input Jitter      (TIJ):    0.990ns
    Discrete Jitter          (DJ):    0.000ns
    Phase Error              (PE):    0.000ns

    Location             Delay type                Incr(ns)  Path(ns)    Netlist Resource(s)
  -------------------------------------------------------------------    -------------------
                         (clock clk_fpga_0 rise edge)
                                                      0.000     0.000 r  
    PS7_X0Y0             PS7                          0.000     0.000 r  design_1_i/processing_system7_0/inst/PS7_i/FCLKCLK[0]
                         net (fo=1, routed)           1.193     1.193    design_1_i/processing_system7_0/inst/FCLK_CLK_unbuffered[0]
    BUFGCTRL_X0Y16       BUFG (Prop_bufg_I_O)         0.101     1.294 r  design_1_i/processing_system7_0/inst/buffer_fclk_clk_0.FCLK_CLK_0_BUFG/O
                         net (fo=9550, routed)        1.729     3.023    design_1_i/ldpc_encoder_0/inst/ldpc_encoder_core/clk_i
    SLICE_X80Y17         FDCE                                         r  design_1_i/ldpc_encoder_0/inst/ldpc_encoder_core/lifting_size_q_reg[3]_rep__0/C
  -------------------------------------------------------------------    -------------------
    SLICE_X80Y17         FDCE (Prop_fdce_C_Q)         0.456     3.479 r  design_1_i/ldpc_encoder_0/inst/ldpc_encoder_core/lifting_size_q_reg[3]_rep__0/Q
                         net (fo=109, routed)         2.565     6.044    design_1_i/ldpc_encoder_0/inst/ldpc_encoder_core/core_parity_bit_calculator/DI[3]
    SLICE_X102Y54        LUT4 (Prop_lut4_I0_O)        0.124     6.168 r  design_1_i/ldpc_encoder_0/inst/ldpc_encoder_core/core_parity_bit_calculator/cs_data_in_q[3][95]_i_175/O
                         net (fo=1, routed)           0.000     6.168    design_1_i/ldpc_encoder_0/inst/ldpc_encoder_core/core_parity_bit_calculator/cs_data_in_q[3][95]_i_175_n_0
    SLICE_X102Y54        CARRY4 (Prop_carry4_S[1]_CO[3])
                                                      0.533     6.701 r  design_1_i/ldpc_encoder_0/inst/ldpc_encoder_core/core_parity_bit_calculator/cs_data_in_q_reg[3][95]_i_96/CO[3]
                         net (fo=1, routed)           0.000     6.701    design_1_i/ldpc_encoder_0/inst/ldpc_encoder_core/core_parity_bit_calculator/cs_data_in_q_reg[3][95]_i_96_n_0
    SLICE_X102Y55        CARRY4 (Prop_carry4_CI_CO[0])
                                                      0.254     6.955 r  design_1_i/ldpc_encoder_0/inst/ldpc_encoder_core/core_parity_bit_calculator/cs_data_in_q_reg[3][95]_i_61/CO[0]
                         net (fo=71, routed)          1.106     8.061    design_1_i/ldpc_encoder_0/inst/ldpc_encoder_core/core_parity_bit_calculator/cs_data_in_q_reg[3][95]_i_61_n_3
    SLICE_X107Y54        LUT3 (Prop_lut3_I1_O)        0.367     8.428 r  design_1_i/ldpc_encoder_0/inst/ldpc_encoder_core/core_parity_bit_calculator/cs_data_in_q[0][0]_i_18/O
                         net (fo=107, routed)         1.806    10.235    design_1_i/ldpc_encoder_0/inst/ldpc_encoder_core/core_parity_bit_calculator/cs_data_in_q[0][0]_i_18_n_0
    SLICE_X73Y47         LUT2 (Prop_lut2_I1_O)        0.124    10.359 r  design_1_i/ldpc_encoder_0/inst/ldpc_encoder_core/core_parity_bit_calculator/cs_data_in_q[3][95]_i_66/O
                         net (fo=1, routed)           0.000    10.359    design_1_i/ldpc_encoder_0/inst/ldpc_encoder_core/core_parity_bit_calculator/cs_data_in_q[3][95]_i_66_n_0
    SLICE_X73Y47         CARRY4 (Prop_carry4_S[3]_CO[3])
                                                      0.401    10.760 r  design_1_i/ldpc_encoder_0/inst/ldpc_encoder_core/core_parity_bit_calculator/cs_data_in_q_reg[3][95]_i_43/CO[3]
                         net (fo=1, routed)           0.000    10.760    design_1_i/ldpc_encoder_0/inst/ldpc_encoder_core/core_parity_bit_calculator/cs_data_in_q_reg[3][95]_i_43_n_0
    SLICE_X73Y48         CARRY4 (Prop_carry4_CI_O[3])
                                                      0.313    11.073 r  design_1_i/ldpc_encoder_0/inst/ldpc_encoder_core/core_parity_bit_calculator/cs_data_in_q_reg[3][94]_i_48/O[3]
                         net (fo=1162, routed)        3.147    14.220    design_1_i/ldpc_encoder_0/inst/ldpc_encoder_core/core_parity_bit_calculator/shifter_inst/rotated_val1_inferred__1/cs_data_in_q[3][70]_i_33_0[3]
    SLICE_X101Y82        LUT6 (Prop_lut6_I3_O)        0.306    14.526 r  design_1_i/ldpc_encoder_0/inst/ldpc_encoder_core/core_parity_bit_calculator/shifter_inst/rotated_val1_inferred__1/cs_data_in_q[2][10]_i_29/O
                         net (fo=3, routed)           0.911    15.438    design_1_i/ldpc_encoder_0/inst/ldpc_encoder_core/core_parity_bit_calculator/shifter_inst/rotated_val1_inferred__1/cs_data_in_q[2][10]_i_29_n_0
    SLICE_X86Y81         LUT6 (Prop_lut6_I5_O)        0.124    15.562 r  design_1_i/ldpc_encoder_0/inst/ldpc_encoder_core/core_parity_bit_calculator/shifter_inst/rotated_val1_inferred__1/cs_data_in_q[2][10]_i_25/O
                         net (fo=4, routed)           2.170    17.731    design_1_i/ldpc_encoder_0/inst/ldpc_encoder_core/core_parity_bit_calculator/shifter_inst/rotated_val1_inferred__1/cs_data_in_q[2][10]_i_25_n_0
    SLICE_X106Y63        LUT3 (Prop_lut3_I0_O)        0.152    17.883 r  design_1_i/ldpc_encoder_0/inst/ldpc_encoder_core/core_parity_bit_calculator/shifter_inst/rotated_val1_inferred__1/cs_data_in_q[3][94]_i_139/O
                         net (fo=2, routed)           1.774    19.657    design_1_i/ldpc_encoder_0/inst/ldpc_encoder_core/core_parity_bit_calculator/shifter_inst/rotated_val1_inferred__1/cs_data_in_q[3][94]_i_139_n_0
    SLICE_X87Y77         LUT5 (Prop_lut5_I2_O)        0.326    19.983 r  design_1_i/ldpc_encoder_0/inst/ldpc_encoder_core/core_parity_bit_calculator/shifter_inst/rotated_val1_inferred__1/cs_data_in_q[3][94]_i_61/O
                         net (fo=2, routed)           0.721    20.703    design_1_i/ldpc_encoder_0/inst/ldpc_encoder_core/core_parity_bit_calculator/shifter_inst_n_1003
    SLICE_X87Y71         LUT6 (Prop_lut6_I4_O)        0.124    20.827 r  design_1_i/ldpc_encoder_0/inst/ldpc_encoder_core/core_parity_bit_calculator/cs_data_in_q[3][93]_i_29/O
                         net (fo=1, routed)           0.655    21.483    design_1_i/ldpc_encoder_0/inst/ldpc_encoder_core/core_parity_bit_calculator/cs_data_in_q[3][93]_i_29_n_0
    SLICE_X86Y71         LUT6 (Prop_lut6_I2_O)        0.124    21.607 r  design_1_i/ldpc_encoder_0/inst/ldpc_encoder_core/core_parity_bit_calculator/cs_data_in_q[3][93]_i_21/O
                         net (fo=4, routed)           3.345    24.952    design_1_i/ldpc_encoder_0/inst/ldpc_encoder_core/core_parity_bit_calculator/cs_out[189]
    SLICE_X18Y33         LUT2 (Prop_lut2_I1_O)        0.116    25.068 r  design_1_i/ldpc_encoder_0/inst/ldpc_encoder_core/core_parity_bit_calculator/cs_data_in_q[3][93]_i_9/O
                         net (fo=4, routed)           0.891    25.959    design_1_i/ldpc_encoder_0/inst/ldpc_encoder_core/core_parity_bit_calculator/parity_core[2]_24[189]
    SLICE_X17Y33         LUT6 (Prop_lut6_I4_O)        0.328    26.287 r  design_1_i/ldpc_encoder_0/inst/ldpc_encoder_core/core_parity_bit_calculator/ram_reg[3][0]_1_i_110/O
                         net (fo=1, routed)           0.436    26.722    design_1_i/ldpc_encoder_0/inst/ldpc_encoder_core/core_parity_bit_calculator/ram_reg[3][0]_1_i_110_n_0
    SLICE_X17Y32         LUT6 (Prop_lut6_I5_O)        0.124    26.846 r  design_1_i/ldpc_encoder_0/inst/ldpc_encoder_core/core_parity_bit_calculator/ram_reg[3][0]_1_i_67/O
                         net (fo=1, routed)           0.652    27.499    design_1_i/ldpc_encoder_0/inst/ldpc_encoder_core/codeword_generator/parity_core_packed[93]
    SLICE_X12Y26         LUT6 (Prop_lut6_I1_O)        0.124    27.623 r  design_1_i/ldpc_encoder_0/inst/ldpc_encoder_core/codeword_generator/ram_reg[3][0]_1_i_43/O
                         net (fo=1, routed)           0.502    28.124    design_1_i/ldpc_encoder_0/inst/ldpc_encoder_core/codeword_generator/ram_reg[3][0]_1_i_43_n_0
    SLICE_X12Y26         LUT4 (Prop_lut4_I3_O)        0.124    28.248 r  design_1_i/ldpc_encoder_0/inst/ldpc_encoder_core/codeword_generator/ram_reg[3][0]_1_i_19/O
                         net (fo=1, routed)           0.874    29.123    design_1_i/ldpc_encoder_0/inst/ldpc_encoder_core/codeword_generator/w_data_mux[3]_45[93]
    RAMB18_X1Y7          RAMB18E1                                     r  design_1_i/ldpc_encoder_0/inst/ldpc_encoder_core/codeword_generator/ram_reg[3][0]_1/DIBDI[5]
  -------------------------------------------------------------------    -------------------

                         (clock clk_fpga_0 rise edge)
                                                     33.000    33.000 r  
    PS7_X0Y0             PS7                          0.000    33.000 r  design_1_i/processing_system7_0/inst/PS7_i/FCLKCLK[0]
                         net (fo=1, routed)           1.088    34.088    design_1_i/processing_system7_0/inst/FCLK_CLK_unbuffered[0]
    BUFGCTRL_X0Y16       BUFG (Prop_bufg_I_O)         0.091    34.179 r  design_1_i/processing_system7_0/inst/buffer_fclk_clk_0.FCLK_CLK_0_BUFG/O
                         net (fo=9550, routed)        1.614    35.793    design_1_i/ldpc_encoder_0/inst/ldpc_encoder_core/codeword_generator/clk_i
    RAMB18_X1Y7          RAMB18E1                                     r  design_1_i/ldpc_encoder_0/inst/ldpc_encoder_core/codeword_generator/ram_reg[3][0]_1/CLKBWRCLK
                         clock pessimism              0.129    35.922    
                         clock uncertainty           -0.496    35.426    
    RAMB18_X1Y7          RAMB18E1 (Setup_ramb18e1_CLKBWRCLK_DIBDI[5])
                                                     -0.241    35.185    design_1_i/ldpc_encoder_0/inst/ldpc_encoder_core/codeword_generator/ram_reg[3][0]_1
  -------------------------------------------------------------------
                         required time                         35.185    
                         arrival time                         -29.123    
  -------------------------------------------------------------------
                         slack                                  6.062    

Slack (MET) :             6.092ns  (required time - arrival time)
  Source:                 design_1_i/ldpc_encoder_0/inst/ldpc_encoder_core/csr_decoder/val_rom_gen[1].set_rom_gen[1].val_rom/douta_o_reg/CLKARDCLK
                            (rising edge-triggered cell RAMB18E1 clocked by clk_fpga_0  {rise@0.000ns fall@16.500ns period=33.000ns})
  Destination:            design_1_i/ldpc_encoder_0/inst/ldpc_encoder_core/p_norm_qdly_reg[2][4]/D
                            (rising edge-triggered cell FDCE clocked by clk_fpga_0  {rise@0.000ns fall@16.500ns period=33.000ns})
  Path Group:             clk_fpga_0
  Path Type:              Setup (Max at Slow Process Corner)
  Requirement:            33.000ns  (clk_fpga_0 rise@33.000ns - clk_fpga_0 rise@0.000ns)
  Data Path Delay:        26.350ns  (logic 13.122ns (49.798%)  route 13.228ns (50.202%))
  Logic Levels:           37  (CARRY4=20 LUT2=1 LUT3=8 LUT4=1 LUT5=3 LUT6=3 MUXF7=1)
  Clock Path Skew:        -0.090ns (DCD - SCD + CPR)
    Destination Clock Delay (DCD):    2.801ns = ( 35.801 - 33.000 ) 
    Source Clock Delay      (SCD):    3.121ns
    Clock Pessimism Removal (CPR):    0.230ns
  Clock Uncertainty:      0.496ns  ((TSJ^2 + TIJ^2)^1/2 + DJ) / 2 + PE
    Total System Jitter     (TSJ):    0.071ns
    Total Input Jitter      (TIJ):    0.990ns
    Discrete Jitter          (DJ):    0.000ns
    Phase Error              (PE):    0.000ns

    Location             Delay type                Incr(ns)  Path(ns)    Netlist Resource(s)
  -------------------------------------------------------------------    -------------------
                         (clock clk_fpga_0 rise edge)
                                                      0.000     0.000 r  
    PS7_X0Y0             PS7                          0.000     0.000 r  design_1_i/processing_system7_0/inst/PS7_i/FCLKCLK[0]
                         net (fo=1, routed)           1.193     1.193    design_1_i/processing_system7_0/inst/FCLK_CLK_unbuffered[0]
    BUFGCTRL_X0Y16       BUFG (Prop_bufg_I_O)         0.101     1.294 r  design_1_i/processing_system7_0/inst/buffer_fclk_clk_0.FCLK_CLK_0_BUFG/O
                         net (fo=9550, routed)        1.827     3.121    design_1_i/ldpc_encoder_0/inst/ldpc_encoder_core/csr_decoder/val_rom_gen[1].set_rom_gen[1].val_rom/clk_i
    RAMB18_X5Y8          RAMB18E1                                     r  design_1_i/ldpc_encoder_0/inst/ldpc_encoder_core/csr_decoder/val_rom_gen[1].set_rom_gen[1].val_rom/douta_o_reg/CLKARDCLK
  -------------------------------------------------------------------    -------------------
    RAMB18_X5Y8          RAMB18E1 (Prop_ramb18e1_CLKARDCLK_DOADO[8])
                                                      2.454     5.575 r  design_1_i/ldpc_encoder_0/inst/ldpc_encoder_core/csr_decoder/val_rom_gen[1].set_rom_gen[1].val_rom/douta_o_reg/DOADO[8]
                         net (fo=1, routed)           1.471     7.047    design_1_i/ldpc_encoder_0/inst/ldpc_encoder_core/csr_decoder/zc_decoder/val_rom_gen[1].val_held_q_reg[0][8]_4[8]
    SLICE_X106Y26        LUT6 (Prop_lut6_I3_O)        0.124     7.171 r  design_1_i/ldpc_encoder_0/inst/ldpc_encoder_core/csr_decoder/zc_decoder/val_rom_gen[1].val_held_q[0][8]_i_2/O
                         net (fo=1, routed)           0.000     7.171    design_1_i/ldpc_encoder_0/inst/ldpc_encoder_core/csr_decoder/zc_decoder/val_rom_gen[1].val_held_q[0][8]_i_2_n_0
    SLICE_X106Y26        MUXF7 (Prop_muxf7_I0_O)      0.212     7.383 r  design_1_i/ldpc_encoder_0/inst/ldpc_encoder_core/csr_decoder/zc_decoder/val_rom_gen[1].val_held_q_reg[0][8]_i_1/O
                         net (fo=2, routed)           0.920     8.303    design_1_i/ldpc_encoder_0/inst/ldpc_encoder_core/csr_decoder/zc_decoder/i_ls_o_reg[2]_0[8]
    SLICE_X111Y12        LUT4 (Prop_lut4_I0_O)        0.299     8.602 r  design_1_i/ldpc_encoder_0/inst/ldpc_encoder_core/csr_decoder/zc_decoder/mem_q[0][permutation][2][8]_i_1/O
                         net (fo=2, routed)           0.464     9.066    design_1_i/ldpc_encoder_0/inst/ldpc_encoder_core/csr_decoder/ldpc_io_reg/i_fifo/mem_q_reg[0][permutation][2][8]_0[8]
    SLICE_X109Y11        LUT5 (Prop_lut5_I4_O)        0.124     9.190 r  design_1_i/ldpc_encoder_0/inst/ldpc_encoder_core/csr_decoder/ldpc_io_reg/i_fifo/p_norm_qdly[2][8]_i_16/O
                         net (fo=3, routed)           1.287    10.477    design_1_i/ldpc_encoder_0/inst/ldpc_encoder_core/csr_decoder/ldpc_io_reg/i_fifo/permutation_q[2]_101[8]
    SLICE_X97Y6          LUT2 (Prop_lut2_I1_O)        0.150    10.627 f  design_1_i/ldpc_encoder_0/inst/ldpc_encoder_core/csr_decoder/ldpc_io_reg/i_fifo/p_norm_qdly[2][8]_i_119/O
                         net (fo=5, routed)           0.630    11.257    design_1_i/ldpc_encoder_0/inst/ldpc_encoder_core/csr_decoder/ldpc_io_reg/i_fifo/p_norm_qdly[2][8]_i_119_n_0
    SLICE_X101Y9         LUT5 (Prop_lut5_I0_O)        0.326    11.583 r  design_1_i/ldpc_encoder_0/inst/ldpc_encoder_core/csr_decoder/ldpc_io_reg/i_fifo/p_norm_qdly[2][8]_i_118/O
                         net (fo=16, routed)          1.187    12.769    design_1_i/ldpc_encoder_0/inst/ldpc_encoder_core/csr_decoder/ldpc_io_reg/i_fifo/p_norm_qdly[2][8]_i_118_n_0
    SLICE_X98Y15         LUT5 (Prop_lut5_I4_O)        0.150    12.919 r  design_1_i/ldpc_encoder_0/inst/ldpc_encoder_core/csr_decoder/ldpc_io_reg/i_fifo/p_norm_qdly[2][8]_i_104/O
                         net (fo=1, routed)           0.523    13.442    design_1_i/ldpc_encoder_0/inst/ldpc_encoder_core/csr_decoder/ldpc_io_reg/i_fifo/p_norm_qdly[2][8]_i_104_n_0
    SLICE_X99Y16         CARRY4 (Prop_carry4_DI[1]_CO[3])
                                                      0.711    14.153 r  design_1_i/ldpc_encoder_0/inst/ldpc_encoder_core/csr_decoder/ldpc_io_reg/i_fifo/p_norm_qdly_reg[2][8]_i_86/CO[3]
                         net (fo=1, routed)           0.000    14.153    design_1_i/ldpc_encoder_0/inst/ldpc_encoder_core/csr_decoder/ldpc_io_reg/i_fifo/p_norm_qdly_reg[2][8]_i_86_n_0
    SLICE_X99Y17         CARRY4 (Prop_carry4_CI_CO[1])
                                                      0.157    14.310 r  design_1_i/ldpc_encoder_0/inst/ldpc_encoder_core/csr_decoder/ldpc_io_reg/i_fifo/p_norm_qdly_reg[2][8]_i_85/CO[1]
                         net (fo=12, routed)          0.662    14.972    design_1_i/ldpc_encoder_0/inst/ldpc_encoder_core/csr_decoder/ldpc_io_reg/i_fifo/p_norm_qdly_reg[2][8]_i_85_n_2
    SLICE_X101Y15        LUT3 (Prop_lut3_I0_O)        0.329    15.301 r  design_1_i/ldpc_encoder_0/inst/ldpc_encoder_core/csr_decoder/ldpc_io_reg/i_fifo/p_norm_qdly[2][8]_i_97/O
                         net (fo=1, routed)           0.000    15.301    design_1_i/ldpc_encoder_0/inst/ldpc_encoder_core/csr_decoder/ldpc_io_reg/i_fifo/p_norm_qdly[2][8]_i_97_n_0
    SLICE_X101Y15        CARRY4 (Prop_carry4_S[1]_CO[3])
                                                      0.550    15.851 r  design_1_i/ldpc_encoder_0/inst/ldpc_encoder_core/csr_decoder/ldpc_io_reg/i_fifo/p_norm_qdly_reg[2][8]_i_77/CO[3]
                         net (fo=1, routed)           0.000    15.851    design_1_i/ldpc_encoder_0/inst/ldpc_encoder_core/csr_decoder/ldpc_io_reg/i_fifo/p_norm_qdly_reg[2][8]_i_77_n_0
    SLICE_X101Y16        CARRY4 (Prop_carry4_CI_CO[3])
                                                      0.114    15.965 r  design_1_i/ldpc_encoder_0/inst/ldpc_encoder_core/csr_decoder/ldpc_io_reg/i_fifo/p_norm_qdly_reg[2][8]_i_73/CO[3]
                         net (fo=1, routed)           0.000    15.965    design_1_i/ldpc_encoder_0/inst/ldpc_encoder_core/csr_decoder/ldpc_io_reg/i_fifo/p_norm_qdly_reg[2][8]_i_73_n_0
    SLICE_X101Y17        CARRY4 (Prop_carry4_CI_CO[2])
                                                      0.228    16.193 r  design_1_i/ldpc_encoder_0/inst/ldpc_encoder_core/csr_decoder/ldpc_io_reg/i_fifo/p_norm_qdly_reg[2][8]_i_72/CO[2]
                         net (fo=12, routed)          0.628    16.821    design_1_i/ldpc_encoder_0/inst/ldpc_encoder_core/csr_decoder/ldpc_io_reg/i_fifo/p_norm_qdly_reg[2][8]_i_72_n_1
    SLICE_X100Y17        LUT3 (Prop_lut3_I0_O)        0.313    17.134 r  design_1_i/ldpc_encoder_0/inst/ldpc_encoder_core/csr_decoder/ldpc_io_reg/i_fifo/p_norm_qdly[2][8]_i_80/O
                         net (fo=1, routed)           0.000    17.134    design_1_i/ldpc_encoder_0/inst/ldpc_encoder_core/csr_decoder/ldpc_io_reg/i_fifo/p_norm_qdly[2][8]_i_80_n_0
    SLICE_X100Y17        CARRY4 (Prop_carry4_S[1]_CO[3])
                                                      0.533    17.667 r  design_1_i/ldpc_encoder_0/inst/ldpc_encoder_core/csr_decoder/ldpc_io_reg/i_fifo/p_norm_qdly_reg[2][8]_i_60/CO[3]
                         net (fo=1, routed)           0.000    17.667    design_1_i/ldpc_encoder_0/inst/ldpc_encoder_core/csr_decoder/ldpc_io_reg/i_fifo/p_norm_qdly_reg[2][8]_i_60_n_0
    SLICE_X100Y18        CARRY4 (Prop_carry4_CI_CO[2])
                                                      0.229    17.896 r  design_1_i/ldpc_encoder_0/inst/ldpc_encoder_core/csr_decoder/ldpc_io_reg/i_fifo/p_norm_qdly_reg[2][8]_i_59/CO[2]
                         net (fo=12, routed)          0.671    18.568    design_1_i/ldpc_encoder_0/inst/ldpc_encoder_core/csr_decoder/ldpc_io_reg/i_fifo/p_norm_qdly_reg[2][8]_i_59_n_1
    SLICE_X100Y13        LUT3 (Prop_lut3_I0_O)        0.310    18.878 r  design_1_i/ldpc_encoder_0/inst/ldpc_encoder_core/csr_decoder/ldpc_io_reg/i_fifo/p_norm_qdly[2][8]_i_71/O
                         net (fo=1, routed)           0.000    18.878    design_1_i/ldpc_encoder_0/inst/ldpc_encoder_core/csr_decoder/ldpc_io_reg/i_fifo/p_norm_qdly[2][8]_i_71_n_0
    SLICE_X100Y13        CARRY4 (Prop_carry4_S[1]_CO[3])
                                                      0.533    19.411 r  design_1_i/ldpc_encoder_0/inst/ldpc_encoder_core/csr_decoder/ldpc_io_reg/i_fifo/p_norm_qdly_reg[2][8]_i_51/CO[3]
                         net (fo=1, routed)           0.000    19.411    design_1_i/ldpc_encoder_0/inst/ldpc_encoder_core/csr_decoder/ldpc_io_reg/i_fifo/p_norm_qdly_reg[2][8]_i_51_n_0
    SLICE_X100Y14        CARRY4 (Prop_carry4_CI_CO[3])
                                                      0.117    19.528 r  design_1_i/ldpc_encoder_0/inst/ldpc_encoder_core/csr_decoder/ldpc_io_reg/i_fifo/p_norm_qdly_reg[2][8]_i_47/CO[3]
                         net (fo=1, routed)           0.000    19.528    design_1_i/ldpc_encoder_0/inst/ldpc_encoder_core/csr_decoder/ldpc_io_reg/i_fifo/p_norm_qdly_reg[2][8]_i_47_n_0
    SLICE_X100Y15        CARRY4 (Prop_carry4_CI_CO[2])
                                                      0.229    19.757 r  design_1_i/ldpc_encoder_0/inst/ldpc_encoder_core/csr_decoder/ldpc_io_reg/i_fifo/p_norm_qdly_reg[2][8]_i_46/CO[2]
                         net (fo=12, routed)          0.628    20.384    design_1_i/ldpc_encoder_0/inst/ldpc_encoder_core/csr_decoder/ldpc_io_reg/i_fifo/p_norm_qdly_reg[2][8]_i_46_n_1
    SLICE_X101Y12        LUT3 (Prop_lut3_I0_O)        0.310    20.694 r  design_1_i/ldpc_encoder_0/inst/ldpc_encoder_core/csr_decoder/ldpc_io_reg/i_fifo/p_norm_qdly[2][8]_i_58/O
                         net (fo=1, routed)           0.000    20.694    design_1_i/ldpc_encoder_0/inst/ldpc_encoder_core/csr_decoder/ldpc_io_reg/i_fifo/p_norm_qdly[2][8]_i_58_n_0
    SLICE_X101Y12        CARRY4 (Prop_carry4_S[1]_CO[3])
                                                      0.550    21.244 r  design_1_i/ldpc_encoder_0/inst/ldpc_encoder_core/csr_decoder/ldpc_io_reg/i_fifo/p_norm_qdly_reg[2][8]_i_38/CO[3]
                         net (fo=1, routed)           0.000    21.244    design_1_i/ldpc_encoder_0/inst/ldpc_encoder_core/csr_decoder/ldpc_io_reg/i_fifo/p_norm_qdly_reg[2][8]_i_38_n_0
    SLICE_X101Y13        CARRY4 (Prop_carry4_CI_CO[3])
                                                      0.114    21.358 r  design_1_i/ldpc_encoder_0/inst/ldpc_encoder_core/csr_decoder/ldpc_io_reg/i_fifo/p_norm_qdly_reg[2][8]_i_34/CO[3]
                         net (fo=1, routed)           0.000    21.358    design_1_i/ldpc_encoder_0/inst/ldpc_encoder_core/csr_decoder/ldpc_io_reg/i_fifo/p_norm_qdly_reg[2][8]_i_34_n_0
    SLICE_X101Y14        CARRY4 (Prop_carry4_CI_CO[2])
                                                      0.228    21.586 r  design_1_i/ldpc_encoder_0/inst/ldpc_encoder_core/csr_decoder/ldpc_io_reg/i_fifo/p_norm_qdly_reg[2][8]_i_33/CO[2]
                         net (fo=12, routed)          0.669    22.255    design_1_i/ldpc_encoder_0/inst/ldpc_encoder_core/csr_decoder/ldpc_io_reg/i_fifo/p_norm_qdly_reg[2][8]_i_33_n_1
    SLICE_X96Y11         LUT3 (Prop_lut3_I0_O)        0.313    22.568 r  design_1_i/ldpc_encoder_0/inst/ldpc_encoder_core/csr_decoder/ldpc_io_reg/i_fifo/p_norm_qdly[2][8]_i_45/O
                         net (fo=1, routed)           0.000    22.568    design_1_i/ldpc_encoder_0/inst/ldpc_encoder_core/csr_decoder/ldpc_io_reg/i_fifo/p_norm_qdly[2][8]_i_45_n_0
    SLICE_X96Y11         CARRY4 (Prop_carry4_S[1]_CO[3])
                                                      0.533    23.101 r  design_1_i/ldpc_encoder_0/inst/ldpc_encoder_core/csr_decoder/ldpc_io_reg/i_fifo/p_norm_qdly_reg[2][8]_i_24/CO[3]
                         net (fo=1, routed)           0.000    23.101    design_1_i/ldpc_encoder_0/inst/ldpc_encoder_core/csr_decoder/ldpc_io_reg/i_fifo/p_norm_qdly_reg[2][8]_i_24_n_0
    SLICE_X96Y12         CARRY4 (Prop_carry4_CI_CO[3])
                                                      0.117    23.218 r  design_1_i/ldpc_encoder_0/inst/ldpc_encoder_core/csr_decoder/ldpc_io_reg/i_fifo/p_norm_qdly_reg[2][8]_i_20/CO[3]
                         net (fo=1, routed)           0.000    23.218    design_1_i/ldpc_encoder_0/inst/ldpc_encoder_core/csr_decoder/ldpc_io_reg/i_fifo/p_norm_qdly_reg[2][8]_i_20_n_0
    SLICE_X96Y13         CARRY4 (Prop_carry4_CI_CO[2])
                                                      0.229    23.447 r  design_1_i/ldpc_encoder_0/inst/ldpc_encoder_core/csr_decoder/ldpc_io_reg/i_fifo/p_norm_qdly_reg[2][8]_i_19/CO[2]
                         net (fo=12, routed)          0.887    24.334    design_1_i/ldpc_encoder_0/inst/ldpc_encoder_core/csr_decoder/ldpc_io_reg/i_fifo/p_norm_qdly_reg[2][8]_i_19_n_1
    SLICE_X100Y10        LUT3 (Prop_lut3_I0_O)        0.310    24.644 r  design_1_i/ldpc_encoder_0/inst/ldpc_encoder_core/csr_decoder/ldpc_io_reg/i_fifo/p_norm_qdly[2][6]_i_9/O
                         net (fo=1, routed)           0.000    24.644    design_1_i/ldpc_encoder_0/inst/ldpc_encoder_core/csr_decoder/ldpc_io_reg/i_fifo/p_norm_qdly[2][6]_i_9_n_0
    SLICE_X100Y10        CARRY4 (Prop_carry4_S[3]_CO[3])
                                                      0.376    25.020 r  design_1_i/ldpc_encoder_0/inst/ldpc_encoder_core/csr_decoder/ldpc_io_reg/i_fifo/p_norm_qdly_reg[2][6]_i_4/CO[3]
                         net (fo=1, routed)           0.000    25.020    design_1_i/ldpc_encoder_0/inst/ldpc_encoder_core/csr_decoder/ldpc_io_reg/i_fifo/p_norm_qdly_reg[2][6]_i_4_n_0
    SLICE_X100Y11        CARRY4 (Prop_carry4_CI_CO[3])
                                                      0.117    25.137 r  design_1_i/ldpc_encoder_0/inst/ldpc_encoder_core/csr_decoder/ldpc_io_reg/i_fifo/p_norm_qdly_reg[2][8]_i_10/CO[3]
                         net (fo=1, routed)           0.000    25.137    design_1_i/ldpc_encoder_0/inst/ldpc_encoder_core/csr_decoder/ldpc_io_reg/i_fifo/p_norm_qdly_reg[2][8]_i_10_n_0
    SLICE_X100Y12        CARRY4 (Prop_carry4_CI_CO[2])
                                                      0.229    25.366 r  design_1_i/ldpc_encoder_0/inst/ldpc_encoder_core/csr_decoder/ldpc_io_reg/i_fifo/p_norm_qdly_reg[2][8]_i_9/CO[2]
                         net (fo=12, routed)          0.622    25.989    design_1_i/ldpc_encoder_0/inst/ldpc_encoder_core/csr_decoder/ldpc_io_reg/i_fifo/p_norm_qdly_reg[2][8]_i_9_n_1
    SLICE_X99Y10         LUT3 (Prop_lut3_I0_O)        0.310    26.299 r  design_1_i/ldpc_encoder_0/inst/ldpc_encoder_core/csr_decoder/ldpc_io_reg/i_fifo/p_norm_qdly[2][2]_i_7/O
                         net (fo=1, routed)           0.000    26.299    design_1_i/ldpc_encoder_0/inst/ldpc_encoder_core/csr_decoder/ldpc_io_reg/i_fifo/p_norm_qdly[2][2]_i_7_n_0
    SLICE_X99Y10         CARRY4 (Prop_carry4_S[1]_O[3])
                                                      0.640    26.939 r  design_1_i/ldpc_encoder_0/inst/ldpc_encoder_core/csr_decoder/ldpc_io_reg/i_fifo/p_norm_qdly_reg[2][2]_i_2/O[3]
                         net (fo=2, routed)           0.976    27.915    design_1_i/ldpc_encoder_0/inst/ldpc_encoder_core/csr_decoder/ldpc_io_reg/i_fifo/p_norm_qdly_reg[2][2]_i_2_n_4
    SLICE_X94Y6          LUT6 (Prop_lut6_I5_O)        0.306    28.221 f  design_1_i/ldpc_encoder_0/inst/ldpc_encoder_core/csr_decoder/ldpc_io_reg/i_fifo/p_norm_qdly[2][3]_i_2/O
                         net (fo=4, routed)           0.600    28.821    design_1_i/ldpc_encoder_0/inst/ldpc_encoder_core/csr_decoder/ldpc_io_reg/i_fifo/p_norm_qdly[2][3]_i_2_n_0
    SLICE_X95Y9          LUT3 (Prop_lut3_I0_O)        0.124    28.945 r  design_1_i/ldpc_encoder_0/inst/ldpc_encoder_core/csr_decoder/ldpc_io_reg/i_fifo/p_norm_qdly[2][4]_i_2/O
                         net (fo=1, routed)           0.403    29.348    design_1_i/ldpc_encoder_0/inst/ldpc_encoder_core/csr_decoder/ldpc_io_reg/i_fifo/p_norm_qdly[2][4]_i_2_n_0
    SLICE_X95Y9          LUT6 (Prop_lut6_I5_O)        0.124    29.472 r  design_1_i/ldpc_encoder_0/inst/ldpc_encoder_core/csr_decoder/ldpc_io_reg/i_fifo/p_norm_qdly[2][4]_i_1/O
                         net (fo=1, routed)           0.000    29.472    design_1_i/ldpc_encoder_0/inst/ldpc_encoder_core/p_norm_q[2]_121[4]
    SLICE_X95Y9          FDCE                                         r  design_1_i/ldpc_encoder_0/inst/ldpc_encoder_core/p_norm_qdly_reg[2][4]/D
  -------------------------------------------------------------------    -------------------

                         (clock clk_fpga_0 rise edge)
                                                     33.000    33.000 r  
    PS7_X0Y0             PS7                          0.000    33.000 r  design_1_i/processing_system7_0/inst/PS7_i/FCLKCLK[0]
                         net (fo=1, routed)           1.088    34.088    design_1_i/processing_system7_0/inst/FCLK_CLK_unbuffered[0]
    BUFGCTRL_X0Y16       BUFG (Prop_bufg_I_O)         0.091    34.179 r  design_1_i/processing_system7_0/inst/buffer_fclk_clk_0.FCLK_CLK_0_BUFG/O
                         net (fo=9550, routed)        1.622    35.801    design_1_i/ldpc_encoder_0/inst/ldpc_encoder_core/clk_i
    SLICE_X95Y9          FDCE                                         r  design_1_i/ldpc_encoder_0/inst/ldpc_encoder_core/p_norm_qdly_reg[2][4]/C
                         clock pessimism              0.230    36.031    
                         clock uncertainty           -0.496    35.535    
    SLICE_X95Y9          FDCE (Setup_fdce_C_D)        0.029    35.564    design_1_i/ldpc_encoder_0/inst/ldpc_encoder_core/p_norm_qdly_reg[2][4]
  -------------------------------------------------------------------
                         required time                         35.564    
                         arrival time                         -29.472    
  -------------------------------------------------------------------
                         slack                                  6.092    

Slack (MET) :             6.136ns  (required time - arrival time)
  Source:                 design_1_i/ldpc_encoder_0/inst/ldpc_encoder_core/lifting_size_q_reg[3]_rep__0/C
                            (rising edge-triggered cell FDCE clocked by clk_fpga_0  {rise@0.000ns fall@16.500ns period=33.000ns})
  Destination:            design_1_i/ldpc_encoder_0/inst/ldpc_encoder_core/codeword_generator/ram_reg[3][0]_1/DIBDI[6]
                            (rising edge-triggered cell RAMB18E1 clocked by clk_fpga_0  {rise@0.000ns fall@16.500ns period=33.000ns})
  Path Group:             clk_fpga_0
  Path Type:              Setup (Max at Slow Process Corner)
  Requirement:            33.000ns  (clk_fpga_0 rise@33.000ns - clk_fpga_0 rise@0.000ns)
  Data Path Delay:        26.026ns  (logic 4.348ns (16.707%)  route 21.678ns (83.293%))
  Logic Levels:           18  (CARRY4=4 LUT2=2 LUT3=2 LUT4=2 LUT5=1 LUT6=7)
  Clock Path Skew:        -0.101ns (DCD - SCD + CPR)
    Destination Clock Delay (DCD):    2.793ns = ( 35.793 - 33.000 ) 
    Source Clock Delay      (SCD):    3.023ns
    Clock Pessimism Removal (CPR):    0.129ns
  Clock Uncertainty:      0.496ns  ((TSJ^2 + TIJ^2)^1/2 + DJ) / 2 + PE
    Total System Jitter     (TSJ):    0.071ns
    Total Input Jitter      (TIJ):    0.990ns
    Discrete Jitter          (DJ):    0.000ns
    Phase Error              (PE):    0.000ns

    Location             Delay type                Incr(ns)  Path(ns)    Netlist Resource(s)
  -------------------------------------------------------------------    -------------------
                         (clock clk_fpga_0 rise edge)
                                                      0.000     0.000 r  
    PS7_X0Y0             PS7                          0.000     0.000 r  design_1_i/processing_system7_0/inst/PS7_i/FCLKCLK[0]
                         net (fo=1, routed)           1.193     1.193    design_1_i/processing_system7_0/inst/FCLK_CLK_unbuffered[0]
    BUFGCTRL_X0Y16       BUFG (Prop_bufg_I_O)         0.101     1.294 r  design_1_i/processing_system7_0/inst/buffer_fclk_clk_0.FCLK_CLK_0_BUFG/O
                         net (fo=9550, routed)        1.729     3.023    design_1_i/ldpc_encoder_0/inst/ldpc_encoder_core/clk_i
    SLICE_X80Y17         FDCE                                         r  design_1_i/ldpc_encoder_0/inst/ldpc_encoder_core/lifting_size_q_reg[3]_rep__0/C
  -------------------------------------------------------------------    -------------------
    SLICE_X80Y17         FDCE (Prop_fdce_C_Q)         0.456     3.479 r  design_1_i/ldpc_encoder_0/inst/ldpc_encoder_core/lifting_size_q_reg[3]_rep__0/Q
                         net (fo=109, routed)         2.565     6.044    design_1_i/ldpc_encoder_0/inst/ldpc_encoder_core/core_parity_bit_calculator/DI[3]
    SLICE_X102Y54        LUT4 (Prop_lut4_I0_O)        0.124     6.168 r  design_1_i/ldpc_encoder_0/inst/ldpc_encoder_core/core_parity_bit_calculator/cs_data_in_q[3][95]_i_175/O
                         net (fo=1, routed)           0.000     6.168    design_1_i/ldpc_encoder_0/inst/ldpc_encoder_core/core_parity_bit_calculator/cs_data_in_q[3][95]_i_175_n_0
    SLICE_X102Y54        CARRY4 (Prop_carry4_S[1]_CO[3])
                                                      0.533     6.701 r  design_1_i/ldpc_encoder_0/inst/ldpc_encoder_core/core_parity_bit_calculator/cs_data_in_q_reg[3][95]_i_96/CO[3]
                         net (fo=1, routed)           0.000     6.701    design_1_i/ldpc_encoder_0/inst/ldpc_encoder_core/core_parity_bit_calculator/cs_data_in_q_reg[3][95]_i_96_n_0
    SLICE_X102Y55        CARRY4 (Prop_carry4_CI_CO[0])
                                                      0.254     6.955 r  design_1_i/ldpc_encoder_0/inst/ldpc_encoder_core/core_parity_bit_calculator/cs_data_in_q_reg[3][95]_i_61/CO[0]
                         net (fo=71, routed)          1.106     8.061    design_1_i/ldpc_encoder_0/inst/ldpc_encoder_core/core_parity_bit_calculator/cs_data_in_q_reg[3][95]_i_61_n_3
    SLICE_X107Y54        LUT3 (Prop_lut3_I1_O)        0.367     8.428 r  design_1_i/ldpc_encoder_0/inst/ldpc_encoder_core/core_parity_bit_calculator/cs_data_in_q[0][0]_i_18/O
                         net (fo=107, routed)         1.806    10.235    design_1_i/ldpc_encoder_0/inst/ldpc_encoder_core/core_parity_bit_calculator/cs_data_in_q[0][0]_i_18_n_0
    SLICE_X73Y47         LUT2 (Prop_lut2_I1_O)        0.124    10.359 r  design_1_i/ldpc_encoder_0/inst/ldpc_encoder_core/core_parity_bit_calculator/cs_data_in_q[3][95]_i_66/O
                         net (fo=1, routed)           0.000    10.359    design_1_i/ldpc_encoder_0/inst/ldpc_encoder_core/core_parity_bit_calculator/cs_data_in_q[3][95]_i_66_n_0
    SLICE_X73Y47         CARRY4 (Prop_carry4_S[3]_CO[3])
                                                      0.401    10.760 r  design_1_i/ldpc_encoder_0/inst/ldpc_encoder_core/core_parity_bit_calculator/cs_data_in_q_reg[3][95]_i_43/CO[3]
                         net (fo=1, routed)           0.000    10.760    design_1_i/ldpc_encoder_0/inst/ldpc_encoder_core/core_parity_bit_calculator/cs_data_in_q_reg[3][95]_i_43_n_0
    SLICE_X73Y48         CARRY4 (Prop_carry4_CI_O[3])
                                                      0.313    11.073 r  design_1_i/ldpc_encoder_0/inst/ldpc_encoder_core/core_parity_bit_calculator/cs_data_in_q_reg[3][94]_i_48/O[3]
                         net (fo=1162, routed)        3.147    14.220    design_1_i/ldpc_encoder_0/inst/ldpc_encoder_core/core_parity_bit_calculator/shifter_inst/rotated_val1_inferred__1/cs_data_in_q[3][70]_i_33_0[3]
    SLICE_X101Y82        LUT6 (Prop_lut6_I3_O)        0.306    14.526 r  design_1_i/ldpc_encoder_0/inst/ldpc_encoder_core/core_parity_bit_calculator/shifter_inst/rotated_val1_inferred__1/cs_data_in_q[2][10]_i_29/O
                         net (fo=3, routed)           0.911    15.438    design_1_i/ldpc_encoder_0/inst/ldpc_encoder_core/core_parity_bit_calculator/shifter_inst/rotated_val1_inferred__1/cs_data_in_q[2][10]_i_29_n_0
    SLICE_X86Y81         LUT6 (Prop_lut6_I5_O)        0.124    15.562 r  design_1_i/ldpc_encoder_0/inst/ldpc_encoder_core/core_parity_bit_calculator/shifter_inst/rotated_val1_inferred__1/cs_data_in_q[2][10]_i_25/O
                         net (fo=4, routed)           2.170    17.731    design_1_i/ldpc_encoder_0/inst/ldpc_encoder_core/core_parity_bit_calculator/shifter_inst/rotated_val1_inferred__1/cs_data_in_q[2][10]_i_25_n_0
    SLICE_X106Y63        LUT3 (Prop_lut3_I0_O)        0.152    17.883 r  design_1_i/ldpc_encoder_0/inst/ldpc_encoder_core/core_parity_bit_calculator/shifter_inst/rotated_val1_inferred__1/cs_data_in_q[3][94]_i_139/O
                         net (fo=2, routed)           1.774    19.657    design_1_i/ldpc_encoder_0/inst/ldpc_encoder_core/core_parity_bit_calculator/shifter_inst/rotated_val1_inferred__1/cs_data_in_q[3][94]_i_139_n_0
    SLICE_X87Y77         LUT5 (Prop_lut5_I2_O)        0.326    19.983 r  design_1_i/ldpc_encoder_0/inst/ldpc_encoder_core/core_parity_bit_calculator/shifter_inst/rotated_val1_inferred__1/cs_data_in_q[3][94]_i_61/O
                         net (fo=2, routed)           0.726    20.708    design_1_i/ldpc_encoder_0/inst/ldpc_encoder_core/core_parity_bit_calculator/shifter_inst_n_1003
    SLICE_X87Y71         LUT6 (Prop_lut6_I0_O)        0.124    20.832 r  design_1_i/ldpc_encoder_0/inst/ldpc_encoder_core/core_parity_bit_calculator/cs_data_in_q[3][94]_i_32/O
                         net (fo=1, routed)           0.423    21.255    design_1_i/ldpc_encoder_0/inst/ldpc_encoder_core/core_parity_bit_calculator/cs_data_in_q[3][94]_i_32_n_0
    SLICE_X86Y70         LUT6 (Prop_lut6_I2_O)        0.124    21.379 r  design_1_i/ldpc_encoder_0/inst/ldpc_encoder_core/core_parity_bit_calculator/cs_data_in_q[3][94]_i_20/O
                         net (fo=4, routed)           1.954    23.333    design_1_i/ldpc_encoder_0/inst/ldpc_encoder_core/core_parity_bit_calculator/cs_out[190]
    SLICE_X71Y28         LUT2 (Prop_lut2_I1_O)        0.124    23.457 r  design_1_i/ldpc_encoder_0/inst/ldpc_encoder_core/core_parity_bit_calculator/cs_data_in_q[3][94]_i_9/O
                         net (fo=4, routed)           1.211    24.668    design_1_i/ldpc_encoder_0/inst/ldpc_encoder_core/core_parity_bit_calculator/parity_core[2]_24[190]
    SLICE_X53Y25         LUT6 (Prop_lut6_I4_O)        0.124    24.792 r  design_1_i/ldpc_encoder_0/inst/ldpc_encoder_core/core_parity_bit_calculator/ram_reg[3][0]_1_i_108/O
                         net (fo=1, routed)           0.884    25.676    design_1_i/ldpc_encoder_0/inst/ldpc_encoder_core/core_parity_bit_calculator/ram_reg[3][0]_1_i_108_n_0
    SLICE_X66Y28         LUT6 (Prop_lut6_I5_O)        0.124    25.800 r  design_1_i/ldpc_encoder_0/inst/ldpc_encoder_core/core_parity_bit_calculator/ram_reg[3][0]_1_i_66/O
                         net (fo=1, routed)           1.473    27.273    design_1_i/ldpc_encoder_0/inst/ldpc_encoder_core/codeword_generator/parity_core_packed[94]
    SLICE_X33Y23         LUT6 (Prop_lut6_I1_O)        0.124    27.397 r  design_1_i/ldpc_encoder_0/inst/ldpc_encoder_core/codeword_generator/ram_reg[3][0]_1_i_42/O
                         net (fo=1, routed)           0.705    28.102    design_1_i/ldpc_encoder_0/inst/ldpc_encoder_core/codeword_generator/ram_reg[3][0]_1_i_42_n_0
    SLICE_X27Y22         LUT4 (Prop_lut4_I3_O)        0.124    28.226 r  design_1_i/ldpc_encoder_0/inst/ldpc_encoder_core/codeword_generator/ram_reg[3][0]_1_i_18/O
                         net (fo=1, routed)           0.823    29.049    design_1_i/ldpc_encoder_0/inst/ldpc_encoder_core/codeword_generator/w_data_mux[3]_45[94]
    RAMB18_X1Y7          RAMB18E1                                     r  design_1_i/ldpc_encoder_0/inst/ldpc_encoder_core/codeword_generator/ram_reg[3][0]_1/DIBDI[6]
  -------------------------------------------------------------------    -------------------

                         (clock clk_fpga_0 rise edge)
                                                     33.000    33.000 r  
    PS7_X0Y0             PS7                          0.000    33.000 r  design_1_i/processing_system7_0/inst/PS7_i/FCLKCLK[0]
                         net (fo=1, routed)           1.088    34.088    design_1_i/processing_system7_0/inst/FCLK_CLK_unbuffered[0]
    BUFGCTRL_X0Y16       BUFG (Prop_bufg_I_O)         0.091    34.179 r  design_1_i/processing_system7_0/inst/buffer_fclk_clk_0.FCLK_CLK_0_BUFG/O
                         net (fo=9550, routed)        1.614    35.793    design_1_i/ldpc_encoder_0/inst/ldpc_encoder_core/codeword_generator/clk_i
    RAMB18_X1Y7          RAMB18E1                                     r  design_1_i/ldpc_encoder_0/inst/ldpc_encoder_core/codeword_generator/ram_reg[3][0]_1/CLKBWRCLK
                         clock pessimism              0.129    35.922    
                         clock uncertainty           -0.496    35.426    
    RAMB18_X1Y7          RAMB18E1 (Setup_ramb18e1_CLKBWRCLK_DIBDI[6])
                                                     -0.241    35.185    design_1_i/ldpc_encoder_0/inst/ldpc_encoder_core/codeword_generator/ram_reg[3][0]_1
  -------------------------------------------------------------------
                         required time                         35.185    
                         arrival time                         -29.049    
  -------------------------------------------------------------------
                         slack                                  6.136    

Slack (MET) :             6.146ns  (required time - arrival time)
  Source:                 design_1_i/ldpc_encoder_0/inst/ldpc_encoder_core/csr_decoder/zc_decoder/i_ls_o_reg[0]/C
                            (rising edge-triggered cell FDCE clocked by clk_fpga_0  {rise@0.000ns fall@16.500ns period=33.000ns})
  Destination:            design_1_i/ldpc_encoder_0/inst/ldpc_encoder_core/p_norm_qdly_reg[3][0]/D
                            (rising edge-triggered cell FDCE clocked by clk_fpga_0  {rise@0.000ns fall@16.500ns period=33.000ns})
  Path Group:             clk_fpga_0
  Path Type:              Setup (Max at Slow Process Corner)
  Requirement:            33.000ns  (clk_fpga_0 rise@33.000ns - clk_fpga_0 rise@0.000ns)
  Data Path Delay:        26.144ns  (logic 11.317ns (43.287%)  route 14.827ns (56.713%))
  Logic Levels:           38  (CARRY4=24 LUT2=1 LUT3=6 LUT4=1 LUT5=4 LUT6=1 MUXF7=1)
  Clock Path Skew:        -0.111ns (DCD - SCD + CPR)
    Destination Clock Delay (DCD):    2.802ns = ( 35.802 - 33.000 ) 
    Source Clock Delay      (SCD):    3.042ns
    Clock Pessimism Removal (CPR):    0.129ns
  Clock Uncertainty:      0.496ns  ((TSJ^2 + TIJ^2)^1/2 + DJ) / 2 + PE
    Total System Jitter     (TSJ):    0.071ns
    Total Input Jitter      (TIJ):    0.990ns
    Discrete Jitter          (DJ):    0.000ns
    Phase Error              (PE):    0.000ns

    Location             Delay type                Incr(ns)  Path(ns)    Netlist Resource(s)
  -------------------------------------------------------------------    -------------------
                         (clock clk_fpga_0 rise edge)
                                                      0.000     0.000 r  
    PS7_X0Y0             PS7                          0.000     0.000 r  design_1_i/processing_system7_0/inst/PS7_i/FCLKCLK[0]
                         net (fo=1, routed)           1.193     1.193    design_1_i/processing_system7_0/inst/FCLK_CLK_unbuffered[0]
    BUFGCTRL_X0Y16       BUFG (Prop_bufg_I_O)         0.101     1.294 r  design_1_i/processing_system7_0/inst/buffer_fclk_clk_0.FCLK_CLK_0_BUFG/O
                         net (fo=9550, routed)        1.748     3.042    design_1_i/ldpc_encoder_0/inst/ldpc_encoder_core/csr_decoder/zc_decoder/clk_i
    SLICE_X13Y32         FDCE                                         r  design_1_i/ldpc_encoder_0/inst/ldpc_encoder_core/csr_decoder/zc_decoder/i_ls_o_reg[0]/C
  -------------------------------------------------------------------    -------------------
    SLICE_X13Y32         FDCE (Prop_fdce_C_Q)         0.456     3.498 r  design_1_i/ldpc_encoder_0/inst/ldpc_encoder_core/csr_decoder/zc_decoder/i_ls_o_reg[0]/Q
                         net (fo=80, routed)          3.666     7.164    design_1_i/ldpc_encoder_0/inst/ldpc_encoder_core/csr_decoder/zc_decoder/i_ls_o[0]
    SLICE_X106Y27        LUT6 (Prop_lut6_I4_O)        0.124     7.288 r  design_1_i/ldpc_encoder_0/inst/ldpc_encoder_core/csr_decoder/zc_decoder/val_rom_gen[1].val_held_q[1][8]_i_3/O
                         net (fo=1, routed)           0.000     7.288    design_1_i/ldpc_encoder_0/inst/ldpc_encoder_core/csr_decoder/zc_decoder/val_rom_gen[1].val_held_q[1][8]_i_3_n_0
    SLICE_X106Y27        MUXF7 (Prop_muxf7_I0_O)      0.238     7.526 r  design_1_i/ldpc_encoder_0/inst/ldpc_encoder_core/csr_decoder/zc_decoder/val_rom_gen[1].val_held_q_reg[1][8]_i_2/O
                         net (fo=2, routed)           1.032     8.558    design_1_i/ldpc_encoder_0/inst/ldpc_encoder_core/csr_decoder/zc_decoder/D[8]
    SLICE_X109Y11        LUT4 (Prop_lut4_I0_O)        0.298     8.856 r  design_1_i/ldpc_encoder_0/inst/ldpc_encoder_core/csr_decoder/zc_decoder/mem_q[0][permutation][3][8]_i_1/O
                         net (fo=2, routed)           0.407     9.263    design_1_i/ldpc_encoder_0/inst/ldpc_encoder_core/csr_decoder/ldpc_io_reg/i_fifo/mem_q_reg[0][permutation][3][8]_0[8]
    SLICE_X109Y11        LUT5 (Prop_lut5_I4_O)        0.124     9.387 r  design_1_i/ldpc_encoder_0/inst/ldpc_encoder_core/csr_decoder/ldpc_io_reg/i_fifo/p_norm_qdly[3][8]_i_14/O
                         net (fo=3, routed)           1.337    10.725    design_1_i/ldpc_encoder_0/inst/ldpc_encoder_core/csr_decoder/ldpc_io_reg/i_fifo/permutation_q[3]_102[8]
    SLICE_X98Y3          LUT2 (Prop_lut2_I1_O)        0.148    10.873 f  design_1_i/ldpc_encoder_0/inst/ldpc_encoder_core/csr_decoder/ldpc_io_reg/i_fifo/p_norm_qdly[3][8]_i_118/O
                         net (fo=5, routed)           0.668    11.541    design_1_i/ldpc_encoder_0/inst/ldpc_encoder_core/csr_decoder/ldpc_io_reg/i_fifo/p_norm_qdly[3][8]_i_118_n_0
    SLICE_X101Y10        LUT5 (Prop_lut5_I0_O)        0.328    11.869 r  design_1_i/ldpc_encoder_0/inst/ldpc_encoder_core/csr_decoder/ldpc_io_reg/i_fifo/p_norm_qdly[3][8]_i_116/O
                         net (fo=16, routed)          1.001    12.870    design_1_i/ldpc_encoder_0/inst/ldpc_encoder_core/csr_decoder/ldpc_io_reg/i_fifo/p_norm_qdly[3][8]_i_116_n_0
    SLICE_X103Y13        LUT5 (Prop_lut5_I0_O)        0.152    13.022 r  design_1_i/ldpc_encoder_0/inst/ldpc_encoder_core/csr_decoder/ldpc_io_reg/i_fifo/p_norm_qdly[3][8]_i_108/O
                         net (fo=1, routed)           0.477    13.498    design_1_i/ldpc_encoder_0/inst/ldpc_encoder_core/csr_decoder/ldpc_io_reg/i_fifo/p_norm_qdly[3][8]_i_108_n_0
    SLICE_X102Y12        CARRY4 (Prop_carry4_CYINIT_CO[3])
                                                      0.803    14.301 r  design_1_i/ldpc_encoder_0/inst/ldpc_encoder_core/csr_decoder/ldpc_io_reg/i_fifo/p_norm_qdly_reg[3][8]_i_88/CO[3]
                         net (fo=1, routed)           0.000    14.301    design_1_i/ldpc_encoder_0/inst/ldpc_encoder_core/csr_decoder/ldpc_io_reg/i_fifo/p_norm_qdly_reg[3][8]_i_88_n_0
    SLICE_X102Y13        CARRY4 (Prop_carry4_CI_CO[3])
                                                      0.117    14.418 r  design_1_i/ldpc_encoder_0/inst/ldpc_encoder_core/csr_decoder/ldpc_io_reg/i_fifo/p_norm_qdly_reg[3][8]_i_84/CO[3]
                         net (fo=1, routed)           0.000    14.418    design_1_i/ldpc_encoder_0/inst/ldpc_encoder_core/csr_decoder/ldpc_io_reg/i_fifo/p_norm_qdly_reg[3][8]_i_84_n_0
    SLICE_X102Y14        CARRY4 (Prop_carry4_CI_CO[1])
                                                      0.157    14.575 r  design_1_i/ldpc_encoder_0/inst/ldpc_encoder_core/csr_decoder/ldpc_io_reg/i_fifo/p_norm_qdly_reg[3][8]_i_83/CO[1]
                         net (fo=12, routed)          0.889    15.465    design_1_i/ldpc_encoder_0/inst/ldpc_encoder_core/csr_decoder/ldpc_io_reg/i_fifo/p_norm_qdly_reg[3][8]_i_83_n_2
    SLICE_X102Y9         CARRY4 (Prop_carry4_CYINIT_CO[3])
                                                      0.803    16.268 r  design_1_i/ldpc_encoder_0/inst/ldpc_encoder_core/csr_decoder/ldpc_io_reg/i_fifo/p_norm_qdly_reg[3][8]_i_75/CO[3]
                         net (fo=1, routed)           0.000    16.268    design_1_i/ldpc_encoder_0/inst/ldpc_encoder_core/csr_decoder/ldpc_io_reg/i_fifo/p_norm_qdly_reg[3][8]_i_75_n_0
    SLICE_X102Y10        CARRY4 (Prop_carry4_CI_CO[3])
                                                      0.117    16.385 r  design_1_i/ldpc_encoder_0/inst/ldpc_encoder_core/csr_decoder/ldpc_io_reg/i_fifo/p_norm_qdly_reg[3][8]_i_71/CO[3]
                         net (fo=1, routed)           0.000    16.385    design_1_i/ldpc_encoder_0/inst/ldpc_encoder_core/csr_decoder/ldpc_io_reg/i_fifo/p_norm_qdly_reg[3][8]_i_71_n_0
    SLICE_X102Y11        CARRY4 (Prop_carry4_CI_CO[2])
                                                      0.229    16.614 r  design_1_i/ldpc_encoder_0/inst/ldpc_encoder_core/csr_decoder/ldpc_io_reg/i_fifo/p_norm_qdly_reg[3][8]_i_70/CO[2]
                         net (fo=12, routed)          0.690    17.304    design_1_i/ldpc_encoder_0/inst/ldpc_encoder_core/csr_decoder/ldpc_io_reg/i_fifo/p_norm_qdly_reg[3][8]_i_70_n_1
    SLICE_X103Y9         LUT3 (Prop_lut3_I0_O)        0.310    17.614 r  design_1_i/ldpc_encoder_0/inst/ldpc_encoder_core/csr_decoder/ldpc_io_reg/i_fifo/p_norm_qdly[3][8]_i_81/O
                         net (fo=1, routed)           0.000    17.614    design_1_i/ldpc_encoder_0/inst/ldpc_encoder_core/csr_decoder/ldpc_io_reg/i_fifo/p_norm_qdly[3][8]_i_81_n_0
    SLICE_X103Y9         CARRY4 (Prop_carry4_S[2]_CO[3])
                                                      0.398    18.012 r  design_1_i/ldpc_encoder_0/inst/ldpc_encoder_core/csr_decoder/ldpc_io_reg/i_fifo/p_norm_qdly_reg[3][8]_i_62/CO[3]
                         net (fo=1, routed)           0.000    18.012    design_1_i/ldpc_encoder_0/inst/ldpc_encoder_core/csr_decoder/ldpc_io_reg/i_fifo/p_norm_qdly_reg[3][8]_i_62_n_0
    SLICE_X103Y10        CARRY4 (Prop_carry4_CI_CO[3])
                                                      0.114    18.126 r  design_1_i/ldpc_encoder_0/inst/ldpc_encoder_core/csr_decoder/ldpc_io_reg/i_fifo/p_norm_qdly_reg[3][8]_i_58/CO[3]
                         net (fo=1, routed)           0.000    18.126    design_1_i/ldpc_encoder_0/inst/ldpc_encoder_core/csr_decoder/ldpc_io_reg/i_fifo/p_norm_qdly_reg[3][8]_i_58_n_0
    SLICE_X103Y11        CARRY4 (Prop_carry4_CI_CO[2])
                                                      0.228    18.354 r  design_1_i/ldpc_encoder_0/inst/ldpc_encoder_core/csr_decoder/ldpc_io_reg/i_fifo/p_norm_qdly_reg[3][8]_i_57/CO[2]
                         net (fo=12, routed)          0.545    18.899    design_1_i/ldpc_encoder_0/inst/ldpc_encoder_core/csr_decoder/ldpc_io_reg/i_fifo/p_norm_qdly_reg[3][8]_i_57_n_1
    SLICE_X104Y9         LUT3 (Prop_lut3_I0_O)        0.313    19.212 r  design_1_i/ldpc_encoder_0/inst/ldpc_encoder_core/csr_decoder/ldpc_io_reg/i_fifo/p_norm_qdly[3][8]_i_69/O
                         net (fo=1, routed)           0.000    19.212    design_1_i/ldpc_encoder_0/inst/ldpc_encoder_core/csr_decoder/ldpc_io_reg/i_fifo/p_norm_qdly[3][8]_i_69_n_0
    SLICE_X104Y9         CARRY4 (Prop_carry4_S[1]_CO[3])
                                                      0.533    19.745 r  design_1_i/ldpc_encoder_0/inst/ldpc_encoder_core/csr_decoder/ldpc_io_reg/i_fifo/p_norm_qdly_reg[3][8]_i_49/CO[3]
                         net (fo=1, routed)           0.000    19.745    design_1_i/ldpc_encoder_0/inst/ldpc_encoder_core/csr_decoder/ldpc_io_reg/i_fifo/p_norm_qdly_reg[3][8]_i_49_n_0
    SLICE_X104Y10        CARRY4 (Prop_carry4_CI_CO[3])
                                                      0.117    19.862 r  design_1_i/ldpc_encoder_0/inst/ldpc_encoder_core/csr_decoder/ldpc_io_reg/i_fifo/p_norm_qdly_reg[3][8]_i_45/CO[3]
                         net (fo=1, routed)           0.000    19.862    design_1_i/ldpc_encoder_0/inst/ldpc_encoder_core/csr_decoder/ldpc_io_reg/i_fifo/p_norm_qdly_reg[3][8]_i_45_n_0
    SLICE_X104Y11        CARRY4 (Prop_carry4_CI_CO[2])
                                                      0.229    20.091 r  design_1_i/ldpc_encoder_0/inst/ldpc_encoder_core/csr_decoder/ldpc_io_reg/i_fifo/p_norm_qdly_reg[3][8]_i_44/CO[2]
                         net (fo=12, routed)          0.483    20.574    design_1_i/ldpc_encoder_0/inst/ldpc_encoder_core/csr_decoder/ldpc_io_reg/i_fifo/p_norm_qdly_reg[3][8]_i_44_n_1
    SLICE_X105Y9         LUT3 (Prop_lut3_I0_O)        0.310    20.884 r  design_1_i/ldpc_encoder_0/inst/ldpc_encoder_core/csr_decoder/ldpc_io_reg/i_fifo/p_norm_qdly[3][8]_i_56/O
                         net (fo=1, routed)           0.000    20.884    design_1_i/ldpc_encoder_0/inst/ldpc_encoder_core/csr_decoder/ldpc_io_reg/i_fifo/p_norm_qdly[3][8]_i_56_n_0
    SLICE_X105Y9         CARRY4 (Prop_carry4_S[1]_CO[3])
                                                      0.550    21.434 r  design_1_i/ldpc_encoder_0/inst/ldpc_encoder_core/csr_decoder/ldpc_io_reg/i_fifo/p_norm_qdly_reg[3][8]_i_36/CO[3]
                         net (fo=1, routed)           0.000    21.434    design_1_i/ldpc_encoder_0/inst/ldpc_encoder_core/csr_decoder/ldpc_io_reg/i_fifo/p_norm_qdly_reg[3][8]_i_36_n_0
    SLICE_X105Y10        CARRY4 (Prop_carry4_CI_CO[3])
                                                      0.114    21.548 r  design_1_i/ldpc_encoder_0/inst/ldpc_encoder_core/csr_decoder/ldpc_io_reg/i_fifo/p_norm_qdly_reg[3][8]_i_32/CO[3]
                         net (fo=1, routed)           0.000    21.548    design_1_i/ldpc_encoder_0/inst/ldpc_encoder_core/csr_decoder/ldpc_io_reg/i_fifo/p_norm_qdly_reg[3][8]_i_32_n_0
    SLICE_X105Y11        CARRY4 (Prop_carry4_CI_CO[2])
                                                      0.228    21.776 r  design_1_i/ldpc_encoder_0/inst/ldpc_encoder_core/csr_decoder/ldpc_io_reg/i_fifo/p_norm_qdly_reg[3][8]_i_31/CO[2]
                         net (fo=12, routed)          0.897    22.673    design_1_i/ldpc_encoder_0/inst/ldpc_encoder_core/csr_decoder/ldpc_io_reg/i_fifo/p_norm_qdly_reg[3][8]_i_31_n_1
    SLICE_X107Y8         LUT3 (Prop_lut3_I0_O)        0.313    22.986 r  design_1_i/ldpc_encoder_0/inst/ldpc_encoder_core/csr_decoder/ldpc_io_reg/i_fifo/p_norm_qdly[3][8]_i_41/O
                         net (fo=1, routed)           0.000    22.986    design_1_i/ldpc_encoder_0/inst/ldpc_encoder_core/csr_decoder/ldpc_io_reg/i_fifo/p_norm_qdly[3][8]_i_41_n_0
    SLICE_X107Y8         CARRY4 (Prop_carry4_S[3]_CO[3])
                                                      0.401    23.387 r  design_1_i/ldpc_encoder_0/inst/ldpc_encoder_core/csr_decoder/ldpc_io_reg/i_fifo/p_norm_qdly_reg[3][8]_i_22/CO[3]
                         net (fo=1, routed)           0.000    23.387    design_1_i/ldpc_encoder_0/inst/ldpc_encoder_core/csr_decoder/ldpc_io_reg/i_fifo/p_norm_qdly_reg[3][8]_i_22_n_0
    SLICE_X107Y9         CARRY4 (Prop_carry4_CI_CO[3])
                                                      0.114    23.501 r  design_1_i/ldpc_encoder_0/inst/ldpc_encoder_core/csr_decoder/ldpc_io_reg/i_fifo/p_norm_qdly_reg[3][8]_i_18/CO[3]
                         net (fo=1, routed)           0.000    23.501    design_1_i/ldpc_encoder_0/inst/ldpc_encoder_core/csr_decoder/ldpc_io_reg/i_fifo/p_norm_qdly_reg[3][8]_i_18_n_0
    SLICE_X107Y10        CARRY4 (Prop_carry4_CI_CO[2])
                                                      0.228    23.729 r  design_1_i/ldpc_encoder_0/inst/ldpc_encoder_core/csr_decoder/ldpc_io_reg/i_fifo/p_norm_qdly_reg[3][8]_i_17/CO[2]
                         net (fo=12, routed)          0.530    24.259    design_1_i/ldpc_encoder_0/inst/ldpc_encoder_core/csr_decoder/ldpc_io_reg/i_fifo/p_norm_qdly_reg[3][8]_i_17_n_1
    SLICE_X106Y7         LUT3 (Prop_lut3_I0_O)        0.313    24.572 r  design_1_i/ldpc_encoder_0/inst/ldpc_encoder_core/csr_decoder/ldpc_io_reg/i_fifo/p_norm_qdly[3][6]_i_11/O
                         net (fo=1, routed)           0.000    24.572    design_1_i/ldpc_encoder_0/inst/ldpc_encoder_core/csr_decoder/ldpc_io_reg/i_fifo/p_norm_qdly[3][6]_i_11_n_0
    SLICE_X106Y7         CARRY4 (Prop_carry4_S[1]_CO[3])
                                                      0.550    25.122 r  design_1_i/ldpc_encoder_0/inst/ldpc_encoder_core/csr_decoder/ldpc_io_reg/i_fifo/p_norm_qdly_reg[3][6]_i_4/CO[3]
                         net (fo=1, routed)           0.000    25.122    design_1_i/ldpc_encoder_0/inst/ldpc_encoder_core/csr_decoder/ldpc_io_reg/i_fifo/p_norm_qdly_reg[3][6]_i_4_n_0
    SLICE_X106Y8         CARRY4 (Prop_carry4_CI_CO[3])
                                                      0.114    25.236 r  design_1_i/ldpc_encoder_0/inst/ldpc_encoder_core/csr_decoder/ldpc_io_reg/i_fifo/p_norm_qdly_reg[3][8]_i_7/CO[3]
                         net (fo=1, routed)           0.000    25.236    design_1_i/ldpc_encoder_0/inst/ldpc_encoder_core/csr_decoder/ldpc_io_reg/i_fifo/p_norm_qdly_reg[3][8]_i_7_n_0
    SLICE_X106Y9         CARRY4 (Prop_carry4_CI_CO[2])
                                                      0.228    25.464 r  design_1_i/ldpc_encoder_0/inst/ldpc_encoder_core/csr_decoder/ldpc_io_reg/i_fifo/p_norm_qdly_reg[3][8]_i_6/CO[2]
                         net (fo=12, routed)          0.749    26.213    design_1_i/ldpc_encoder_0/inst/ldpc_encoder_core/csr_decoder/ldpc_io_reg/i_fifo/p_norm_qdly_reg[3][8]_i_6_n_1
    SLICE_X105Y6         LUT3 (Prop_lut3_I0_O)        0.313    26.526 r  design_1_i/ldpc_encoder_0/inst/ldpc_encoder_core/csr_decoder/ldpc_io_reg/i_fifo/p_norm_qdly[3][2]_i_7/O
                         net (fo=1, routed)           0.000    26.526    design_1_i/ldpc_encoder_0/inst/ldpc_encoder_core/csr_decoder/ldpc_io_reg/i_fifo/p_norm_qdly[3][2]_i_7_n_0
    SLICE_X105Y6         CARRY4 (Prop_carry4_S[1]_CO[3])
                                                      0.550    27.076 r  design_1_i/ldpc_encoder_0/inst/ldpc_encoder_core/csr_decoder/ldpc_io_reg/i_fifo/p_norm_qdly_reg[3][2]_i_2/CO[3]
                         net (fo=1, routed)           0.000    27.076    design_1_i/ldpc_encoder_0/inst/ldpc_encoder_core/csr_decoder/ldpc_io_reg/i_fifo/p_norm_qdly_reg[3][2]_i_2_n_0
    SLICE_X105Y7         CARRY4 (Prop_carry4_CI_CO[3])
                                                      0.114    27.190 r  design_1_i/ldpc_encoder_0/inst/ldpc_encoder_core/csr_decoder/ldpc_io_reg/i_fifo/p_norm_qdly_reg[3][6]_i_2/CO[3]
                         net (fo=1, routed)           0.000    27.190    design_1_i/ldpc_encoder_0/inst/ldpc_encoder_core/csr_decoder/ldpc_io_reg/i_fifo/p_norm_qdly_reg[3][6]_i_2_n_0
    SLICE_X105Y8         CARRY4 (Prop_carry4_CI_CO[2])
                                                      0.228    27.418 r  design_1_i/ldpc_encoder_0/inst/ldpc_encoder_core/csr_decoder/ldpc_io_reg/i_fifo/p_norm_qdly_reg[3][8]_i_3/CO[2]
                         net (fo=9, routed)           0.694    28.111    design_1_i/ldpc_encoder_0/inst/ldpc_encoder_core/csr_decoder/ldpc_io_reg/i_fifo/p_norm_qdly_reg[3][8]_i_3_n_1
    SLICE_X102Y7         LUT5 (Prop_lut5_I3_O)        0.313    28.424 r  design_1_i/ldpc_encoder_0/inst/ldpc_encoder_core/csr_decoder/ldpc_io_reg/i_fifo/p_norm_qdly[3][0]_i_1/O
                         net (fo=1, routed)           0.762    29.186    design_1_i/ldpc_encoder_0/inst/ldpc_encoder_core/p_norm_q[3]_122[0]
    SLICE_X95Y7          FDCE                                         r  design_1_i/ldpc_encoder_0/inst/ldpc_encoder_core/p_norm_qdly_reg[3][0]/D
  -------------------------------------------------------------------    -------------------

                         (clock clk_fpga_0 rise edge)
                                                     33.000    33.000 r  
    PS7_X0Y0             PS7                          0.000    33.000 r  design_1_i/processing_system7_0/inst/PS7_i/FCLKCLK[0]
                         net (fo=1, routed)           1.088    34.088    design_1_i/processing_system7_0/inst/FCLK_CLK_unbuffered[0]
    BUFGCTRL_X0Y16       BUFG (Prop_bufg_I_O)         0.091    34.179 r  design_1_i/processing_system7_0/inst/buffer_fclk_clk_0.FCLK_CLK_0_BUFG/O
                         net (fo=9550, routed)        1.623    35.803    design_1_i/ldpc_encoder_0/inst/ldpc_encoder_core/clk_i
    SLICE_X95Y7          FDCE                                         r  design_1_i/ldpc_encoder_0/inst/ldpc_encoder_core/p_norm_qdly_reg[3][0]/C
                         clock pessimism              0.129    35.931    
                         clock uncertainty           -0.496    35.435    
    SLICE_X95Y7          FDCE (Setup_fdce_C_D)       -0.103    35.332    design_1_i/ldpc_encoder_0/inst/ldpc_encoder_core/p_norm_qdly_reg[3][0]
  -------------------------------------------------------------------
                         required time                         35.332    
                         arrival time                         -29.186    
  -------------------------------------------------------------------
                         slack                                  6.146    





Min Delay Paths
--------------------------------------------------------------------------------------
Slack (MET) :             0.018ns  (arrival time - required time)
  Source:                 design_1_i/ldpc_encoder_0/inst/output_buffer/u_spill_register/spill_register_flushable_i/gen_spill_reg.a_data_q_reg[tdata][29]/C
                            (rising edge-triggered cell FDCE clocked by clk_fpga_0  {rise@0.000ns fall@16.500ns period=33.000ns})
  Destination:            design_1_i/ldpc_encoder_0/inst/output_buffer/u_spill_register/spill_register_flushable_i/gen_spill_reg.b_data_q_reg[tdata][29]/D
                            (rising edge-triggered cell FDCE clocked by clk_fpga_0  {rise@0.000ns fall@16.500ns period=33.000ns})
  Path Group:             clk_fpga_0
  Path Type:              Hold (Min at Fast Process Corner)
  Requirement:            0.000ns  (clk_fpga_0 rise@0.000ns - clk_fpga_0 rise@0.000ns)
  Data Path Delay:        0.349ns  (logic 0.141ns (40.355%)  route 0.208ns (59.645%))
  Logic Levels:           0  
  Clock Path Skew:        0.259ns (DCD - SCD - CPR)
    Destination Clock Delay (DCD):    1.180ns
    Source Clock Delay      (SCD):    0.886ns
    Clock Pessimism Removal (CPR):    0.035ns

    Location             Delay type                Incr(ns)  Path(ns)    Netlist Resource(s)
  -------------------------------------------------------------------    -------------------
                         (clock clk_fpga_0 rise edge)
                                                      0.000     0.000 r  
    PS7_X0Y0             PS7                          0.000     0.000 r  design_1_i/processing_system7_0/inst/PS7_i/FCLKCLK[0]
                         net (fo=1, routed)           0.310     0.310    design_1_i/processing_system7_0/inst/FCLK_CLK_unbuffered[0]
    BUFGCTRL_X0Y16       BUFG (Prop_bufg_I_O)         0.026     0.336 r  design_1_i/processing_system7_0/inst/buffer_fclk_clk_0.FCLK_CLK_0_BUFG/O
                         net (fo=9550, routed)        0.550     0.886    design_1_i/ldpc_encoder_0/inst/output_buffer/u_spill_register/spill_register_flushable_i/clk_i
    SLICE_X48Y83         FDCE                                         r  design_1_i/ldpc_encoder_0/inst/output_buffer/u_spill_register/spill_register_flushable_i/gen_spill_reg.a_data_q_reg[tdata][29]/C
  -------------------------------------------------------------------    -------------------
    SLICE_X48Y83         FDCE (Prop_fdce_C_Q)         0.141     1.027 r  design_1_i/ldpc_encoder_0/inst/output_buffer/u_spill_register/spill_register_flushable_i/gen_spill_reg.a_data_q_reg[tdata][29]/Q
                         net (fo=2, routed)           0.208     1.235    design_1_i/ldpc_encoder_0/inst/output_buffer/u_spill_register/spill_register_flushable_i/gen_spill_reg.a_data_q_reg[tdata][29]
    SLICE_X53Y84         FDCE                                         r  design_1_i/ldpc_encoder_0/inst/output_buffer/u_spill_register/spill_register_flushable_i/gen_spill_reg.b_data_q_reg[tdata][29]/D
  -------------------------------------------------------------------    -------------------

                         (clock clk_fpga_0 rise edge)
                                                      0.000     0.000 r  
    PS7_X0Y0             PS7                          0.000     0.000 r  design_1_i/processing_system7_0/inst/PS7_i/FCLKCLK[0]
                         net (fo=1, routed)           0.337     0.337    design_1_i/processing_system7_0/inst/FCLK_CLK_unbuffered[0]
    BUFGCTRL_X0Y16       BUFG (Prop_bufg_I_O)         0.029     0.366 r  design_1_i/processing_system7_0/inst/buffer_fclk_clk_0.FCLK_CLK_0_BUFG/O
                         net (fo=9550, routed)        0.814     1.180    design_1_i/ldpc_encoder_0/inst/output_buffer/u_spill_register/spill_register_flushable_i/clk_i
    SLICE_X53Y84         FDCE                                         r  design_1_i/ldpc_encoder_0/inst/output_buffer/u_spill_register/spill_register_flushable_i/gen_spill_reg.b_data_q_reg[tdata][29]/C
                         clock pessimism             -0.035     1.145    
    SLICE_X53Y84         FDCE (Hold_fdce_C_D)         0.072     1.217    design_1_i/ldpc_encoder_0/inst/output_buffer/u_spill_register/spill_register_flushable_i/gen_spill_reg.b_data_q_reg[tdata][29]
  -------------------------------------------------------------------
                         required time                         -1.217    
                         arrival time                           1.235    
  -------------------------------------------------------------------
                         slack                                  0.018    

Slack (MET) :             0.032ns  (arrival time - required time)
  Source:                 <hidden>
                            (rising edge-triggered cell FDCE clocked by clk_fpga_0  {rise@0.000ns fall@16.500ns period=33.000ns})
  Destination:            <hidden>
                            (rising edge-triggered cell FDRE clocked by clk_fpga_0  {rise@0.000ns fall@16.500ns period=33.000ns})
  Path Group:             clk_fpga_0
  Path Type:              Hold (Min at Fast Process Corner)
  Requirement:            0.000ns  (clk_fpga_0 rise@0.000ns - clk_fpga_0 rise@0.000ns)
  Data Path Delay:        0.317ns  (logic 0.128ns (40.337%)  route 0.189ns (59.663%))
  Logic Levels:           0  
  Clock Path Skew:        0.267ns (DCD - SCD - CPR)
    Destination Clock Delay (DCD):    1.277ns
    Source Clock Delay      (SCD):    0.971ns
    Clock Pessimism Removal (CPR):    0.039ns

    Location             Delay type                Incr(ns)  Path(ns)    Netlist Resource(s)
  -------------------------------------------------------------------    -------------------
                         (clock clk_fpga_0 rise edge)
                                                      0.000     0.000 r  
    PS7_X0Y0             PS7                          0.000     0.000 r  design_1_i/processing_system7_0/inst/PS7_i/FCLKCLK[0]
                         net (fo=1, routed)           0.310     0.310    design_1_i/processing_system7_0/inst/FCLK_CLK_unbuffered[0]
    BUFGCTRL_X0Y16       BUFG (Prop_bufg_I_O)         0.026     0.336 r  design_1_i/processing_system7_0/inst/buffer_fclk_clk_0.FCLK_CLK_0_BUFG/O
                         net (fo=9550, routed)        0.635     0.971    <hidden>
    SLICE_X53Y101        FDCE                                         r  <hidden>
  -------------------------------------------------------------------    -------------------
    SLICE_X53Y101        FDCE (Prop_fdce_C_Q)         0.128     1.099 r  <hidden>
                         net (fo=1, routed)           0.189     1.288    <hidden>
    SLICE_X47Y102        FDRE                                         r  <hidden>
  -------------------------------------------------------------------    -------------------

                         (clock clk_fpga_0 rise edge)
                                                      0.000     0.000 r  
    PS7_X0Y0             PS7                          0.000     0.000 r  design_1_i/processing_system7_0/inst/PS7_i/FCLKCLK[0]
                         net (fo=1, routed)           0.337     0.337    design_1_i/processing_system7_0/inst/FCLK_CLK_unbuffered[0]
    BUFGCTRL_X0Y16       BUFG (Prop_bufg_I_O)         0.029     0.366 r  design_1_i/processing_system7_0/inst/buffer_fclk_clk_0.FCLK_CLK_0_BUFG/O
                         net (fo=9550, routed)        0.911     1.277    <hidden>
    SLICE_X47Y102        FDRE                                         r  <hidden>
                         clock pessimism             -0.039     1.238    
    SLICE_X47Y102        FDRE (Hold_fdre_C_D)         0.018     1.256    <hidden>
  -------------------------------------------------------------------
                         required time                         -1.256    
                         arrival time                           1.288    
  -------------------------------------------------------------------
                         slack                                  0.032    

Slack (MET) :             0.041ns  (arrival time - required time)
  Source:                 design_1_i/ldpc_encoder_0/inst/cfg_reg_reg[14]/C
                            (rising edge-triggered cell FDCE clocked by clk_fpga_0  {rise@0.000ns fall@16.500ns period=33.000ns})
  Destination:            design_1_i/ldpc_encoder_0/inst/s_axil_rdata_reg[14]/D
                            (rising edge-triggered cell FDCE clocked by clk_fpga_0  {rise@0.000ns fall@16.500ns period=33.000ns})
  Path Group:             clk_fpga_0
  Path Type:              Hold (Min at Fast Process Corner)
  Requirement:            0.000ns  (clk_fpga_0 rise@0.000ns - clk_fpga_0 rise@0.000ns)
  Data Path Delay:        0.313ns  (logic 0.186ns (59.494%)  route 0.127ns (40.506%))
  Logic Levels:           1  (LUT5=1)
  Clock Path Skew:        0.181ns (DCD - SCD - CPR)
    Destination Clock Delay (DCD):    1.191ns
    Source Clock Delay      (SCD):    0.975ns
    Clock Pessimism Removal (CPR):    0.035ns

    Location             Delay type                Incr(ns)  Path(ns)    Netlist Resource(s)
  -------------------------------------------------------------------    -------------------
                         (clock clk_fpga_0 rise edge)
                                                      0.000     0.000 r  
    PS7_X0Y0             PS7                          0.000     0.000 r  design_1_i/processing_system7_0/inst/PS7_i/FCLKCLK[0]
                         net (fo=1, routed)           0.310     0.310    design_1_i/processing_system7_0/inst/FCLK_CLK_unbuffered[0]
    BUFGCTRL_X0Y16       BUFG (Prop_bufg_I_O)         0.026     0.336 r  design_1_i/processing_system7_0/inst/buffer_fclk_clk_0.FCLK_CLK_0_BUFG/O
                         net (fo=9550, routed)        0.639     0.975    design_1_i/ldpc_encoder_0/inst/clk_i
    SLICE_X43Y100        FDCE                                         r  design_1_i/ldpc_encoder_0/inst/cfg_reg_reg[14]/C
  -------------------------------------------------------------------    -------------------
    SLICE_X43Y100        FDCE (Prop_fdce_C_Q)         0.141     1.116 r  design_1_i/ldpc_encoder_0/inst/cfg_reg_reg[14]/Q
                         net (fo=1, routed)           0.127     1.243    design_1_i/ldpc_encoder_0/inst/cfg_reg_reg_n_0_[14]
    SLICE_X41Y99         LUT5 (Prop_lut5_I1_O)        0.045     1.288 r  design_1_i/ldpc_encoder_0/inst/s_axil_rdata[14]_i_1/O
                         net (fo=1, routed)           0.000     1.288    design_1_i/ldpc_encoder_0/inst/s_axil_rdata[14]_i_1_n_0
    SLICE_X41Y99         FDCE                                         r  design_1_i/ldpc_encoder_0/inst/s_axil_rdata_reg[14]/D
  -------------------------------------------------------------------    -------------------

                         (clock clk_fpga_0 rise edge)
                                                      0.000     0.000 r  
    PS7_X0Y0             PS7                          0.000     0.000 r  design_1_i/processing_system7_0/inst/PS7_i/FCLKCLK[0]
                         net (fo=1, routed)           0.337     0.337    design_1_i/processing_system7_0/inst/FCLK_CLK_unbuffered[0]
    BUFGCTRL_X0Y16       BUFG (Prop_bufg_I_O)         0.029     0.366 r  design_1_i/processing_system7_0/inst/buffer_fclk_clk_0.FCLK_CLK_0_BUFG/O
                         net (fo=9550, routed)        0.825     1.191    design_1_i/ldpc_encoder_0/inst/clk_i
    SLICE_X41Y99         FDCE                                         r  design_1_i/ldpc_encoder_0/inst/s_axil_rdata_reg[14]/C
                         clock pessimism             -0.035     1.156    
    SLICE_X41Y99         FDCE (Hold_fdce_C_D)         0.091     1.247    design_1_i/ldpc_encoder_0/inst/s_axil_rdata_reg[14]
  -------------------------------------------------------------------
                         required time                         -1.247    
                         arrival time                           1.288    
  -------------------------------------------------------------------
                         slack                                  0.041    

Slack (MET) :             0.049ns  (arrival time - required time)
  Source:                 design_1_i/axi_dma_0/U0/I_AXI_DMA_REG_MODULE/GEN_S2MM_REGISTERS.I_S2MM_DMA_REGISTER/GEN_REG_FOR_SMPL.buffer_length_i_reg[21]/C
                            (rising edge-triggered cell FDRE clocked by clk_fpga_0  {rise@0.000ns fall@16.500ns period=33.000ns})
  Destination:            design_1_i/axi_dma_0/U0/INCLUDE_S2MM_SOF_EOF_GENERATOR.I_S2MM_DMA_MNGR/GEN_S2MM_DMA_CONTROL.GEN_SIMPLE_DMA_MODE.I_S2MM_SMPL_SM/GEN_CMD_BTT_EQL_23.cmnd_data_reg[21]/D
                            (rising edge-triggered cell FDRE clocked by clk_fpga_0  {rise@0.000ns fall@16.500ns period=33.000ns})
  Path Group:             clk_fpga_0
  Path Type:              Hold (Min at Fast Process Corner)
  Requirement:            0.000ns  (clk_fpga_0 rise@0.000ns - clk_fpga_0 rise@0.000ns)
  Data Path Delay:        0.378ns  (logic 0.141ns (37.262%)  route 0.237ns (62.738%))
  Logic Levels:           0  
  Clock Path Skew:        0.259ns (DCD - SCD - CPR)
    Destination Clock Delay (DCD):    1.186ns
    Source Clock Delay      (SCD):    0.892ns
    Clock Pessimism Removal (CPR):    0.035ns

    Location             Delay type                Incr(ns)  Path(ns)    Netlist Resource(s)
  -------------------------------------------------------------------    -------------------
                         (clock clk_fpga_0 rise edge)
                                                      0.000     0.000 r  
    PS7_X0Y0             PS7                          0.000     0.000 r  design_1_i/processing_system7_0/inst/PS7_i/FCLKCLK[0]
                         net (fo=1, routed)           0.310     0.310    design_1_i/processing_system7_0/inst/FCLK_CLK_unbuffered[0]
    BUFGCTRL_X0Y16       BUFG (Prop_bufg_I_O)         0.026     0.336 r  design_1_i/processing_system7_0/inst/buffer_fclk_clk_0.FCLK_CLK_0_BUFG/O
                         net (fo=9550, routed)        0.556     0.892    design_1_i/axi_dma_0/U0/I_AXI_DMA_REG_MODULE/GEN_S2MM_REGISTERS.I_S2MM_DMA_REGISTER/s_axi_lite_aclk
    SLICE_X45Y96         FDRE                                         r  design_1_i/axi_dma_0/U0/I_AXI_DMA_REG_MODULE/GEN_S2MM_REGISTERS.I_S2MM_DMA_REGISTER/GEN_REG_FOR_SMPL.buffer_length_i_reg[21]/C
  -------------------------------------------------------------------    -------------------
    SLICE_X45Y96         FDRE (Prop_fdre_C_Q)         0.141     1.033 r  design_1_i/axi_dma_0/U0/I_AXI_DMA_REG_MODULE/GEN_S2MM_REGISTERS.I_S2MM_DMA_REGISTER/GEN_REG_FOR_SMPL.buffer_length_i_reg[21]/Q
                         net (fo=2, routed)           0.237     1.270    design_1_i/axi_dma_0/U0/INCLUDE_S2MM_SOF_EOF_GENERATOR.I_S2MM_DMA_MNGR/GEN_S2MM_DMA_CONTROL.GEN_SIMPLE_DMA_MODE.I_S2MM_SMPL_SM/GEN_CMD_BTT_EQL_23.cmnd_data_reg[25]_0[21]
    SLICE_X52Y96         FDRE                                         r  design_1_i/axi_dma_0/U0/INCLUDE_S2MM_SOF_EOF_GENERATOR.I_S2MM_DMA_MNGR/GEN_S2MM_DMA_CONTROL.GEN_SIMPLE_DMA_MODE.I_S2MM_SMPL_SM/GEN_CMD_BTT_EQL_23.cmnd_data_reg[21]/D
  -------------------------------------------------------------------    -------------------

                         (clock clk_fpga_0 rise edge)
                                                      0.000     0.000 r  
    PS7_X0Y0             PS7                          0.000     0.000 r  design_1_i/processing_system7_0/inst/PS7_i/FCLKCLK[0]
                         net (fo=1, routed)           0.337     0.337    design_1_i/processing_system7_0/inst/FCLK_CLK_unbuffered[0]
    BUFGCTRL_X0Y16       BUFG (Prop_bufg_I_O)         0.029     0.366 r  design_1_i/processing_system7_0/inst/buffer_fclk_clk_0.FCLK_CLK_0_BUFG/O
                         net (fo=9550, routed)        0.820     1.186    design_1_i/axi_dma_0/U0/INCLUDE_S2MM_SOF_EOF_GENERATOR.I_S2MM_DMA_MNGR/GEN_S2MM_DMA_CONTROL.GEN_SIMPLE_DMA_MODE.I_S2MM_SMPL_SM/s_axi_lite_aclk
    SLICE_X52Y96         FDRE                                         r  design_1_i/axi_dma_0/U0/INCLUDE_S2MM_SOF_EOF_GENERATOR.I_S2MM_DMA_MNGR/GEN_S2MM_DMA_CONTROL.GEN_SIMPLE_DMA_MODE.I_S2MM_SMPL_SM/GEN_CMD_BTT_EQL_23.cmnd_data_reg[21]/C
                         clock pessimism             -0.035     1.151    
    SLICE_X52Y96         FDRE (Hold_fdre_C_D)         0.070     1.221    design_1_i/axi_dma_0/U0/INCLUDE_S2MM_SOF_EOF_GENERATOR.I_S2MM_DMA_MNGR/GEN_S2MM_DMA_CONTROL.GEN_SIMPLE_DMA_MODE.I_S2MM_SMPL_SM/GEN_CMD_BTT_EQL_23.cmnd_data_reg[21]
  -------------------------------------------------------------------
                         required time                         -1.221    
                         arrival time                           1.270    
  -------------------------------------------------------------------
                         slack                                  0.049    

Slack (MET) :             0.052ns  (arrival time - required time)
  Source:                 design_1_i/axi_dma_0/U0/I_PRMRY_DATAMOVER/GEN_S2MM_FULL.I_S2MM_FULL_WRAPPER/I_WR_DATA_CNTL/GEN_INDET_BTT.lsig_byte_cntr_reg[11]/C
                            (rising edge-triggered cell FDRE clocked by clk_fpga_0  {rise@0.000ns fall@16.500ns period=33.000ns})
  Destination:            design_1_i/axi_dma_0/U0/I_PRMRY_DATAMOVER/GEN_S2MM_FULL.I_S2MM_FULL_WRAPPER/I_WR_STATUS_CNTLR/GEN_ENABLE_INDET_BTT.I_SF_DATA_CNTL_STATUS_FIFO/USE_SRL_FIFO.I_SYNC_FIFO/I_SRL_FIFO_RBU_F/DYNSHREG_F_I/INFERRED_GEN.data_reg[5][15]_srl6/D
                            (rising edge-triggered cell SRL16E clocked by clk_fpga_0  {rise@0.000ns fall@16.500ns period=33.000ns})
  Path Group:             clk_fpga_0
  Path Type:              Hold (Min at Fast Process Corner)
  Requirement:            0.000ns  (clk_fpga_0 rise@0.000ns - clk_fpga_0 rise@0.000ns)
  Data Path Delay:        0.252ns  (logic 0.141ns (55.875%)  route 0.111ns (44.125%))
  Logic Levels:           0  
  Clock Path Skew:        0.017ns (DCD - SCD - CPR)
    Destination Clock Delay (DCD):    1.189ns
    Source Clock Delay      (SCD):    0.890ns
    Clock Pessimism Removal (CPR):    0.282ns

    Location             Delay type                Incr(ns)  Path(ns)    Netlist Resource(s)
  -------------------------------------------------------------------    -------------------
                         (clock clk_fpga_0 rise edge)
                                                      0.000     0.000 r  
    PS7_X0Y0             PS7                          0.000     0.000 r  design_1_i/processing_system7_0/inst/PS7_i/FCLKCLK[0]
                         net (fo=1, routed)           0.310     0.310    design_1_i/processing_system7_0/inst/FCLK_CLK_unbuffered[0]
    BUFGCTRL_X0Y16       BUFG (Prop_bufg_I_O)         0.026     0.336 r  design_1_i/processing_system7_0/inst/buffer_fclk_clk_0.FCLK_CLK_0_BUFG/O
                         net (fo=9550, routed)        0.554     0.890    design_1_i/axi_dma_0/U0/I_PRMRY_DATAMOVER/GEN_S2MM_FULL.I_S2MM_FULL_WRAPPER/I_WR_DATA_CNTL/m_axi_s2mm_aclk
    SLICE_X45Y89         FDRE                                         r  design_1_i/axi_dma_0/U0/I_PRMRY_DATAMOVER/GEN_S2MM_FULL.I_S2MM_FULL_WRAPPER/I_WR_DATA_CNTL/GEN_INDET_BTT.lsig_byte_cntr_reg[11]/C
  -------------------------------------------------------------------    -------------------
    SLICE_X45Y89         FDRE (Prop_fdre_C_Q)         0.141     1.031 r  design_1_i/axi_dma_0/U0/I_PRMRY_DATAMOVER/GEN_S2MM_FULL.I_S2MM_FULL_WRAPPER/I_WR_DATA_CNTL/GEN_INDET_BTT.lsig_byte_cntr_reg[11]/Q
                         net (fo=2, routed)           0.111     1.142    design_1_i/axi_dma_0/U0/I_PRMRY_DATAMOVER/GEN_S2MM_FULL.I_S2MM_FULL_WRAPPER/I_WR_STATUS_CNTLR/GEN_ENABLE_INDET_BTT.I_SF_DATA_CNTL_STATUS_FIFO/USE_SRL_FIFO.I_SYNC_FIFO/I_SRL_FIFO_RBU_F/DYNSHREG_F_I/in[13]
    SLICE_X46Y90         SRL16E                                       r  design_1_i/axi_dma_0/U0/I_PRMRY_DATAMOVER/GEN_S2MM_FULL.I_S2MM_FULL_WRAPPER/I_WR_STATUS_CNTLR/GEN_ENABLE_INDET_BTT.I_SF_DATA_CNTL_STATUS_FIFO/USE_SRL_FIFO.I_SYNC_FIFO/I_SRL_FIFO_RBU_F/DYNSHREG_F_I/INFERRED_GEN.data_reg[5][15]_srl6/D
  -------------------------------------------------------------------    -------------------

                         (clock clk_fpga_0 rise edge)
                                                      0.000     0.000 r  
    PS7_X0Y0             PS7                          0.000     0.000 r  design_1_i/processing_system7_0/inst/PS7_i/FCLKCLK[0]
                         net (fo=1, routed)           0.337     0.337    design_1_i/processing_system7_0/inst/FCLK_CLK_unbuffered[0]
    BUFGCTRL_X0Y16       BUFG (Prop_bufg_I_O)         0.029     0.366 r  design_1_i/processing_system7_0/inst/buffer_fclk_clk_0.FCLK_CLK_0_BUFG/O
                         net (fo=9550, routed)        0.823     1.189    design_1_i/axi_dma_0/U0/I_PRMRY_DATAMOVER/GEN_S2MM_FULL.I_S2MM_FULL_WRAPPER/I_WR_STATUS_CNTLR/GEN_ENABLE_INDET_BTT.I_SF_DATA_CNTL_STATUS_FIFO/USE_SRL_FIFO.I_SYNC_FIFO/I_SRL_FIFO_RBU_F/DYNSHREG_F_I/m_axi_s2mm_aclk
    SLICE_X46Y90         SRL16E                                       r  design_1_i/axi_dma_0/U0/I_PRMRY_DATAMOVER/GEN_S2MM_FULL.I_S2MM_FULL_WRAPPER/I_WR_STATUS_CNTLR/GEN_ENABLE_INDET_BTT.I_SF_DATA_CNTL_STATUS_FIFO/USE_SRL_FIFO.I_SYNC_FIFO/I_SRL_FIFO_RBU_F/DYNSHREG_F_I/INFERRED_GEN.data_reg[5][15]_srl6/CLK
                         clock pessimism             -0.282     0.907    
    SLICE_X46Y90         SRL16E (Hold_srl16e_CLK_D)
                                                      0.183     1.090    design_1_i/axi_dma_0/U0/I_PRMRY_DATAMOVER/GEN_S2MM_FULL.I_S2MM_FULL_WRAPPER/I_WR_STATUS_CNTLR/GEN_ENABLE_INDET_BTT.I_SF_DATA_CNTL_STATUS_FIFO/USE_SRL_FIFO.I_SYNC_FIFO/I_SRL_FIFO_RBU_F/DYNSHREG_F_I/INFERRED_GEN.data_reg[5][15]_srl6
  -------------------------------------------------------------------
                         required time                         -1.090    
                         arrival time                           1.142    
  -------------------------------------------------------------------
                         slack                                  0.052    

Slack (MET) :             0.055ns  (arrival time - required time)
  Source:                 <hidden>
                            (rising edge-triggered cell FDRE clocked by clk_fpga_0  {rise@0.000ns fall@16.500ns period=33.000ns})
  Destination:            design_1_i/axi_dma_0/U0/I_AXI_DMA_REG_MODULE/GEN_AXI_LITE_IF.AXI_LITE_IF_I/araddr_reg[0]/D
                            (rising edge-triggered cell FDRE clocked by clk_fpga_0  {rise@0.000ns fall@16.500ns period=33.000ns})
  Path Group:             clk_fpga_0
  Path Type:              Hold (Min at Fast Process Corner)
  Requirement:            0.000ns  (clk_fpga_0 rise@0.000ns - clk_fpga_0 rise@0.000ns)
  Data Path Delay:        0.394ns  (logic 0.148ns (37.540%)  route 0.246ns (62.460%))
  Logic Levels:           0  
  Clock Path Skew:        0.347ns (DCD - SCD - CPR)
    Destination Clock Delay (DCD):    1.277ns
    Source Clock Delay      (SCD):    0.895ns
    Clock Pessimism Removal (CPR):    0.035ns

    Location             Delay type                Incr(ns)  Path(ns)    Netlist Resource(s)
  -------------------------------------------------------------------    -------------------
                         (clock clk_fpga_0 rise edge)
                                                      0.000     0.000 r  
    PS7_X0Y0             PS7                          0.000     0.000 r  design_1_i/processing_system7_0/inst/PS7_i/FCLKCLK[0]
                         net (fo=1, routed)           0.310     0.310    design_1_i/processing_system7_0/inst/FCLK_CLK_unbuffered[0]
    BUFGCTRL_X0Y16       BUFG (Prop_bufg_I_O)         0.026     0.336 r  design_1_i/processing_system7_0/inst/buffer_fclk_clk_0.FCLK_CLK_0_BUFG/O
                         net (fo=9550, routed)        0.559     0.895    <hidden>
    SLICE_X34Y98         FDRE                                         r  <hidden>
  -------------------------------------------------------------------    -------------------
    SLICE_X34Y98         FDRE (Prop_fdre_C_Q)         0.148     1.043 r  <hidden>
                         net (fo=1, routed)           0.246     1.289    design_1_i/axi_dma_0/U0/I_AXI_DMA_REG_MODULE/GEN_AXI_LITE_IF.AXI_LITE_IF_I/s_axi_lite_araddr[0]
    SLICE_X37Y101        FDRE                                         r  design_1_i/axi_dma_0/U0/I_AXI_DMA_REG_MODULE/GEN_AXI_LITE_IF.AXI_LITE_IF_I/araddr_reg[0]/D
  -------------------------------------------------------------------    -------------------

                         (clock clk_fpga_0 rise edge)
                                                      0.000     0.000 r  
    PS7_X0Y0             PS7                          0.000     0.000 r  design_1_i/processing_system7_0/inst/PS7_i/FCLKCLK[0]
                         net (fo=1, routed)           0.337     0.337    design_1_i/processing_system7_0/inst/FCLK_CLK_unbuffered[0]
    BUFGCTRL_X0Y16       BUFG (Prop_bufg_I_O)         0.029     0.366 r  design_1_i/processing_system7_0/inst/buffer_fclk_clk_0.FCLK_CLK_0_BUFG/O
                         net (fo=9550, routed)        0.911     1.277    design_1_i/axi_dma_0/U0/I_AXI_DMA_REG_MODULE/GEN_AXI_LITE_IF.AXI_LITE_IF_I/s_axi_lite_aclk
    SLICE_X37Y101        FDRE                                         r  design_1_i/axi_dma_0/U0/I_AXI_DMA_REG_MODULE/GEN_AXI_LITE_IF.AXI_LITE_IF_I/araddr_reg[0]/C
                         clock pessimism             -0.035     1.242    
    SLICE_X37Y101        FDRE (Hold_fdre_C_D)        -0.008     1.234    design_1_i/axi_dma_0/U0/I_AXI_DMA_REG_MODULE/GEN_AXI_LITE_IF.AXI_LITE_IF_I/araddr_reg[0]
  -------------------------------------------------------------------
                         required time                         -1.234    
                         arrival time                           1.289    
  -------------------------------------------------------------------
                         slack                                  0.055    

Slack (MET) :             0.055ns  (arrival time - required time)
  Source:                 design_1_i/axi_dma_0/U0/I_AXI_DMA_REG_MODULE/GEN_S2MM_REGISTERS.I_S2MM_DMA_REGISTER/GEN_REG_FOR_SMPL.buffer_length_i_reg[11]/C
                            (rising edge-triggered cell FDRE clocked by clk_fpga_0  {rise@0.000ns fall@16.500ns period=33.000ns})
  Destination:            design_1_i/axi_dma_0/U0/INCLUDE_S2MM_SOF_EOF_GENERATOR.I_S2MM_DMA_MNGR/GEN_S2MM_DMA_CONTROL.GEN_SIMPLE_DMA_MODE.I_S2MM_SMPL_SM/GEN_CMD_BTT_EQL_23.cmnd_data_reg[11]/D
                            (rising edge-triggered cell FDRE clocked by clk_fpga_0  {rise@0.000ns fall@16.500ns period=33.000ns})
  Path Group:             clk_fpga_0
  Path Type:              Hold (Min at Fast Process Corner)
  Requirement:            0.000ns  (clk_fpga_0 rise@0.000ns - clk_fpga_0 rise@0.000ns)
  Data Path Delay:        0.384ns  (logic 0.141ns (36.689%)  route 0.243ns (63.311%))
  Logic Levels:           0  
  Clock Path Skew:        0.259ns (DCD - SCD - CPR)
    Destination Clock Delay (DCD):    1.186ns
    Source Clock Delay      (SCD):    0.892ns
    Clock Pessimism Removal (CPR):    0.035ns

    Location             Delay type                Incr(ns)  Path(ns)    Netlist Resource(s)
  -------------------------------------------------------------------    -------------------
                         (clock clk_fpga_0 rise edge)
                                                      0.000     0.000 r  
    PS7_X0Y0             PS7                          0.000     0.000 r  design_1_i/processing_system7_0/inst/PS7_i/FCLKCLK[0]
                         net (fo=1, routed)           0.310     0.310    design_1_i/processing_system7_0/inst/FCLK_CLK_unbuffered[0]
    BUFGCTRL_X0Y16       BUFG (Prop_bufg_I_O)         0.026     0.336 r  design_1_i/processing_system7_0/inst/buffer_fclk_clk_0.FCLK_CLK_0_BUFG/O
                         net (fo=9550, routed)        0.556     0.892    design_1_i/axi_dma_0/U0/I_AXI_DMA_REG_MODULE/GEN_S2MM_REGISTERS.I_S2MM_DMA_REGISTER/s_axi_lite_aclk
    SLICE_X45Y96         FDRE                                         r  design_1_i/axi_dma_0/U0/I_AXI_DMA_REG_MODULE/GEN_S2MM_REGISTERS.I_S2MM_DMA_REGISTER/GEN_REG_FOR_SMPL.buffer_length_i_reg[11]/C
  -------------------------------------------------------------------    -------------------
    SLICE_X45Y96         FDRE (Prop_fdre_C_Q)         0.141     1.033 r  design_1_i/axi_dma_0/U0/I_AXI_DMA_REG_MODULE/GEN_S2MM_REGISTERS.I_S2MM_DMA_REGISTER/GEN_REG_FOR_SMPL.buffer_length_i_reg[11]/Q
                         net (fo=2, routed)           0.243     1.276    design_1_i/axi_dma_0/U0/INCLUDE_S2MM_SOF_EOF_GENERATOR.I_S2MM_DMA_MNGR/GEN_S2MM_DMA_CONTROL.GEN_SIMPLE_DMA_MODE.I_S2MM_SMPL_SM/GEN_CMD_BTT_EQL_23.cmnd_data_reg[25]_0[11]
    SLICE_X52Y96         FDRE                                         r  design_1_i/axi_dma_0/U0/INCLUDE_S2MM_SOF_EOF_GENERATOR.I_S2MM_DMA_MNGR/GEN_S2MM_DMA_CONTROL.GEN_SIMPLE_DMA_MODE.I_S2MM_SMPL_SM/GEN_CMD_BTT_EQL_23.cmnd_data_reg[11]/D
  -------------------------------------------------------------------    -------------------

                         (clock clk_fpga_0 rise edge)
                                                      0.000     0.000 r  
    PS7_X0Y0             PS7                          0.000     0.000 r  design_1_i/processing_system7_0/inst/PS7_i/FCLKCLK[0]
                         net (fo=1, routed)           0.337     0.337    design_1_i/processing_system7_0/inst/FCLK_CLK_unbuffered[0]
    BUFGCTRL_X0Y16       BUFG (Prop_bufg_I_O)         0.029     0.366 r  design_1_i/processing_system7_0/inst/buffer_fclk_clk_0.FCLK_CLK_0_BUFG/O
                         net (fo=9550, routed)        0.820     1.186    design_1_i/axi_dma_0/U0/INCLUDE_S2MM_SOF_EOF_GENERATOR.I_S2MM_DMA_MNGR/GEN_S2MM_DMA_CONTROL.GEN_SIMPLE_DMA_MODE.I_S2MM_SMPL_SM/s_axi_lite_aclk
    SLICE_X52Y96         FDRE                                         r  design_1_i/axi_dma_0/U0/INCLUDE_S2MM_SOF_EOF_GENERATOR.I_S2MM_DMA_MNGR/GEN_S2MM_DMA_CONTROL.GEN_SIMPLE_DMA_MODE.I_S2MM_SMPL_SM/GEN_CMD_BTT_EQL_23.cmnd_data_reg[11]/C
                         clock pessimism             -0.035     1.151    
    SLICE_X52Y96         FDRE (Hold_fdre_C_D)         0.070     1.221    design_1_i/axi_dma_0/U0/INCLUDE_S2MM_SOF_EOF_GENERATOR.I_S2MM_DMA_MNGR/GEN_S2MM_DMA_CONTROL.GEN_SIMPLE_DMA_MODE.I_S2MM_SMPL_SM/GEN_CMD_BTT_EQL_23.cmnd_data_reg[11]
  -------------------------------------------------------------------
                         required time                         -1.221    
                         arrival time                           1.276    
  -------------------------------------------------------------------
                         slack                                  0.055    

Slack (MET) :             0.056ns  (arrival time - required time)
  Source:                 design_1_i/axi_dma_0/U0/INCLUDE_S2MM_SOF_EOF_GENERATOR.I_S2MM_DMA_MNGR/GEN_S2MM_DMA_CONTROL.GEN_SIMPLE_DMA_MODE.I_S2MM_SMPL_SM/GEN_CMD_BTT_EQL_23.cmnd_data_reg[37]/C
                            (rising edge-triggered cell FDRE clocked by clk_fpga_0  {rise@0.000ns fall@16.500ns period=33.000ns})
  Destination:            design_1_i/axi_dma_0/U0/I_PRMRY_DATAMOVER/GEN_S2MM_FULL.I_S2MM_FULL_WRAPPER/I_CMD_STATUS/I_CMD_FIFO/USE_SINGLE_REG.sig_regfifo_dout_reg_reg[37]/D
                            (rising edge-triggered cell FDRE clocked by clk_fpga_0  {rise@0.000ns fall@16.500ns period=33.000ns})
  Path Group:             clk_fpga_0
  Path Type:              Hold (Min at Fast Process Corner)
  Requirement:            0.000ns  (clk_fpga_0 rise@0.000ns - clk_fpga_0 rise@0.000ns)
  Data Path Delay:        0.380ns  (logic 0.141ns (37.140%)  route 0.239ns (62.860%))
  Logic Levels:           0  
  Clock Path Skew:        0.260ns (DCD - SCD - CPR)
    Destination Clock Delay (DCD):    1.186ns
    Source Clock Delay      (SCD):    0.891ns
    Clock Pessimism Removal (CPR):    0.035ns

    Location             Delay type                Incr(ns)  Path(ns)    Netlist Resource(s)
  -------------------------------------------------------------------    -------------------
                         (clock clk_fpga_0 rise edge)
                                                      0.000     0.000 r  
    PS7_X0Y0             PS7                          0.000     0.000 r  design_1_i/processing_system7_0/inst/PS7_i/FCLKCLK[0]
                         net (fo=1, routed)           0.310     0.310    design_1_i/processing_system7_0/inst/FCLK_CLK_unbuffered[0]
    BUFGCTRL_X0Y16       BUFG (Prop_bufg_I_O)         0.026     0.336 r  design_1_i/processing_system7_0/inst/buffer_fclk_clk_0.FCLK_CLK_0_BUFG/O
                         net (fo=9550, routed)        0.555     0.891    design_1_i/axi_dma_0/U0/INCLUDE_S2MM_SOF_EOF_GENERATOR.I_S2MM_DMA_MNGR/GEN_S2MM_DMA_CONTROL.GEN_SIMPLE_DMA_MODE.I_S2MM_SMPL_SM/s_axi_lite_aclk
    SLICE_X49Y93         FDRE                                         r  design_1_i/axi_dma_0/U0/INCLUDE_S2MM_SOF_EOF_GENERATOR.I_S2MM_DMA_MNGR/GEN_S2MM_DMA_CONTROL.GEN_SIMPLE_DMA_MODE.I_S2MM_SMPL_SM/GEN_CMD_BTT_EQL_23.cmnd_data_reg[37]/C
  -------------------------------------------------------------------    -------------------
    SLICE_X49Y93         FDRE (Prop_fdre_C_Q)         0.141     1.032 r  design_1_i/axi_dma_0/U0/INCLUDE_S2MM_SOF_EOF_GENERATOR.I_S2MM_DMA_MNGR/GEN_S2MM_DMA_CONTROL.GEN_SIMPLE_DMA_MODE.I_S2MM_SMPL_SM/GEN_CMD_BTT_EQL_23.cmnd_data_reg[37]/Q
                         net (fo=1, routed)           0.239     1.270    design_1_i/axi_dma_0/U0/I_PRMRY_DATAMOVER/GEN_S2MM_FULL.I_S2MM_FULL_WRAPPER/I_CMD_STATUS/I_CMD_FIFO/USE_SINGLE_REG.sig_regfifo_dout_reg_reg[66]_0[30]
    SLICE_X50Y95         FDRE                                         r  design_1_i/axi_dma_0/U0/I_PRMRY_DATAMOVER/GEN_S2MM_FULL.I_S2MM_FULL_WRAPPER/I_CMD_STATUS/I_CMD_FIFO/USE_SINGLE_REG.sig_regfifo_dout_reg_reg[37]/D
  -------------------------------------------------------------------    -------------------

                         (clock clk_fpga_0 rise edge)
                                                      0.000     0.000 r  
    PS7_X0Y0             PS7                          0.000     0.000 r  design_1_i/processing_system7_0/inst/PS7_i/FCLKCLK[0]
                         net (fo=1, routed)           0.337     0.337    design_1_i/processing_system7_0/inst/FCLK_CLK_unbuffered[0]
    BUFGCTRL_X0Y16       BUFG (Prop_bufg_I_O)         0.029     0.366 r  design_1_i/processing_system7_0/inst/buffer_fclk_clk_0.FCLK_CLK_0_BUFG/O
                         net (fo=9550, routed)        0.820     1.186    design_1_i/axi_dma_0/U0/I_PRMRY_DATAMOVER/GEN_S2MM_FULL.I_S2MM_FULL_WRAPPER/I_CMD_STATUS/I_CMD_FIFO/m_axi_s2mm_aclk
    SLICE_X50Y95         FDRE                                         r  design_1_i/axi_dma_0/U0/I_PRMRY_DATAMOVER/GEN_S2MM_FULL.I_S2MM_FULL_WRAPPER/I_CMD_STATUS/I_CMD_FIFO/USE_SINGLE_REG.sig_regfifo_dout_reg_reg[37]/C
                         clock pessimism             -0.035     1.151    
    SLICE_X50Y95         FDRE (Hold_fdre_C_D)         0.063     1.214    design_1_i/axi_dma_0/U0/I_PRMRY_DATAMOVER/GEN_S2MM_FULL.I_S2MM_FULL_WRAPPER/I_CMD_STATUS/I_CMD_FIFO/USE_SINGLE_REG.sig_regfifo_dout_reg_reg[37]
  -------------------------------------------------------------------
                         required time                         -1.214    
                         arrival time                           1.270    
  -------------------------------------------------------------------
                         slack                                  0.056    

Slack (MET) :             0.057ns  (arrival time - required time)
  Source:                 <hidden>
                            (rising edge-triggered cell FDRE clocked by clk_fpga_0  {rise@0.000ns fall@16.500ns period=33.000ns})
  Destination:            design_1_i/ldpc_encoder_0/inst/out_bits_reg_reg[11]/D
                            (rising edge-triggered cell FDCE clocked by clk_fpga_0  {rise@0.000ns fall@16.500ns period=33.000ns})
  Path Group:             clk_fpga_0
  Path Type:              Hold (Min at Fast Process Corner)
  Requirement:            0.000ns  (clk_fpga_0 rise@0.000ns - clk_fpga_0 rise@0.000ns)
  Data Path Delay:        0.314ns  (logic 0.141ns (44.947%)  route 0.173ns (55.053%))
  Logic Levels:           0  
  Clock Path Skew:        0.181ns (DCD - SCD - CPR)
    Destination Clock Delay (DCD):    1.191ns
    Source Clock Delay      (SCD):    0.975ns
    Clock Pessimism Removal (CPR):    0.035ns

    Location             Delay type                Incr(ns)  Path(ns)    Netlist Resource(s)
  -------------------------------------------------------------------    -------------------
                         (clock clk_fpga_0 rise edge)
                                                      0.000     0.000 r  
    PS7_X0Y0             PS7                          0.000     0.000 r  design_1_i/processing_system7_0/inst/PS7_i/FCLKCLK[0]
                         net (fo=1, routed)           0.310     0.310    design_1_i/processing_system7_0/inst/FCLK_CLK_unbuffered[0]
    BUFGCTRL_X0Y16       BUFG (Prop_bufg_I_O)         0.026     0.336 r  design_1_i/processing_system7_0/inst/buffer_fclk_clk_0.FCLK_CLK_0_BUFG/O
                         net (fo=9550, routed)        0.639     0.975    <hidden>
    SLICE_X41Y100        FDRE                                         r  <hidden>
  -------------------------------------------------------------------    -------------------
    SLICE_X41Y100        FDRE (Prop_fdre_C_Q)         0.141     1.116 r  <hidden>
                         net (fo=8, routed)           0.173     1.289    design_1_i/ldpc_encoder_0/inst/s_axil_wdata[11]
    SLICE_X42Y98         FDCE                                         r  design_1_i/ldpc_encoder_0/inst/out_bits_reg_reg[11]/D
  -------------------------------------------------------------------    -------------------

                         (clock clk_fpga_0 rise edge)
                                                      0.000     0.000 r  
    PS7_X0Y0             PS7                          0.000     0.000 r  design_1_i/processing_system7_0/inst/PS7_i/FCLKCLK[0]
                         net (fo=1, routed)           0.337     0.337    design_1_i/processing_system7_0/inst/FCLK_CLK_unbuffered[0]
    BUFGCTRL_X0Y16       BUFG (Prop_bufg_I_O)         0.029     0.366 r  design_1_i/processing_system7_0/inst/buffer_fclk_clk_0.FCLK_CLK_0_BUFG/O
                         net (fo=9550, routed)        0.825     1.191    design_1_i/ldpc_encoder_0/inst/clk_i
    SLICE_X42Y98         FDCE                                         r  design_1_i/ldpc_encoder_0/inst/out_bits_reg_reg[11]/C
                         clock pessimism             -0.035     1.156    
    SLICE_X42Y98         FDCE (Hold_fdce_C_D)         0.076     1.232    design_1_i/ldpc_encoder_0/inst/out_bits_reg_reg[11]
  -------------------------------------------------------------------
                         required time                         -1.232    
                         arrival time                           1.289    
  -------------------------------------------------------------------
                         slack                                  0.057    

Slack (MET) :             0.057ns  (arrival time - required time)
  Source:                 design_1_i/axi_dma_0/U0/I_PRMRY_DATAMOVER/GEN_S2MM_FULL.I_S2MM_FULL_WRAPPER/I_WR_STATUS_CNTLR/I_WRESP_STATUS_FIFO/sig_init_done_reg/C
                            (rising edge-triggered cell FDRE clocked by clk_fpga_0  {rise@0.000ns fall@16.500ns period=33.000ns})
  Destination:            design_1_i/axi_dma_0/U0/I_PRMRY_DATAMOVER/GEN_S2MM_FULL.I_S2MM_FULL_WRAPPER/I_WR_STATUS_CNTLR/I_WRESP_STATUS_FIFO/sig_inhibit_rdy_n_reg/D
                            (rising edge-triggered cell FDRE clocked by clk_fpga_0  {rise@0.000ns fall@16.500ns period=33.000ns})
  Path Group:             clk_fpga_0
  Path Type:              Hold (Min at Fast Process Corner)
  Requirement:            0.000ns  (clk_fpga_0 rise@0.000ns - clk_fpga_0 rise@0.000ns)
  Data Path Delay:        0.416ns  (logic 0.186ns (44.758%)  route 0.230ns (55.242%))
  Logic Levels:           1  (LUT2=1)
  Clock Path Skew:        0.266ns (DCD - SCD - CPR)
    Destination Clock Delay (DCD):    1.188ns
    Source Clock Delay      (SCD):    0.887ns
    Clock Pessimism Removal (CPR):    0.035ns

    Location             Delay type                Incr(ns)  Path(ns)    Netlist Resource(s)
  -------------------------------------------------------------------    -------------------
                         (clock clk_fpga_0 rise edge)
                                                      0.000     0.000 r  
    PS7_X0Y0             PS7                          0.000     0.000 r  design_1_i/processing_system7_0/inst/PS7_i/FCLKCLK[0]
                         net (fo=1, routed)           0.310     0.310    design_1_i/processing_system7_0/inst/FCLK_CLK_unbuffered[0]
    BUFGCTRL_X0Y16       BUFG (Prop_bufg_I_O)         0.026     0.336 r  design_1_i/processing_system7_0/inst/buffer_fclk_clk_0.FCLK_CLK_0_BUFG/O
                         net (fo=9550, routed)        0.551     0.887    design_1_i/axi_dma_0/U0/I_PRMRY_DATAMOVER/GEN_S2MM_FULL.I_S2MM_FULL_WRAPPER/I_WR_STATUS_CNTLR/I_WRESP_STATUS_FIFO/m_axi_s2mm_aclk
    SLICE_X51Y90         FDRE                                         r  design_1_i/axi_dma_0/U0/I_PRMRY_DATAMOVER/GEN_S2MM_FULL.I_S2MM_FULL_WRAPPER/I_WR_STATUS_CNTLR/I_WRESP_STATUS_FIFO/sig_init_done_reg/C
  -------------------------------------------------------------------    -------------------
    SLICE_X51Y90         FDRE (Prop_fdre_C_Q)         0.141     1.028 r  design_1_i/axi_dma_0/U0/I_PRMRY_DATAMOVER/GEN_S2MM_FULL.I_S2MM_FULL_WRAPPER/I_WR_STATUS_CNTLR/I_WRESP_STATUS_FIFO/sig_init_done_reg/Q
                         net (fo=2, routed)           0.230     1.257    design_1_i/axi_dma_0/U0/I_PRMRY_DATAMOVER/GEN_S2MM_FULL.I_S2MM_FULL_WRAPPER/I_WR_STATUS_CNTLR/I_WRESP_STATUS_FIFO/sig_init_done_1
    SLICE_X48Y88         LUT2 (Prop_lut2_I0_O)        0.045     1.302 r  design_1_i/axi_dma_0/U0/I_PRMRY_DATAMOVER/GEN_S2MM_FULL.I_S2MM_FULL_WRAPPER/I_WR_STATUS_CNTLR/I_WRESP_STATUS_FIFO/sig_inhibit_rdy_n_i_1/O
                         net (fo=1, routed)           0.000     1.302    design_1_i/axi_dma_0/U0/I_PRMRY_DATAMOVER/GEN_S2MM_FULL.I_S2MM_FULL_WRAPPER/I_WR_STATUS_CNTLR/I_WRESP_STATUS_FIFO/sig_inhibit_rdy_n_i_1_n_0
    SLICE_X48Y88         FDRE                                         r  design_1_i/axi_dma_0/U0/I_PRMRY_DATAMOVER/GEN_S2MM_FULL.I_S2MM_FULL_WRAPPER/I_WR_STATUS_CNTLR/I_WRESP_STATUS_FIFO/sig_inhibit_rdy_n_reg/D
  -------------------------------------------------------------------    -------------------

                         (clock clk_fpga_0 rise edge)
                                                      0.000     0.000 r  
    PS7_X0Y0             PS7                          0.000     0.000 r  design_1_i/processing_system7_0/inst/PS7_i/FCLKCLK[0]
                         net (fo=1, routed)           0.337     0.337    design_1_i/processing_system7_0/inst/FCLK_CLK_unbuffered[0]
    BUFGCTRL_X0Y16       BUFG (Prop_bufg_I_O)         0.029     0.366 r  design_1_i/processing_system7_0/inst/buffer_fclk_clk_0.FCLK_CLK_0_BUFG/O
                         net (fo=9550, routed)        0.822     1.188    design_1_i/axi_dma_0/U0/I_PRMRY_DATAMOVER/GEN_S2MM_FULL.I_S2MM_FULL_WRAPPER/I_WR_STATUS_CNTLR/I_WRESP_STATUS_FIFO/m_axi_s2mm_aclk
    SLICE_X48Y88         FDRE                                         r  design_1_i/axi_dma_0/U0/I_PRMRY_DATAMOVER/GEN_S2MM_FULL.I_S2MM_FULL_WRAPPER/I_WR_STATUS_CNTLR/I_WRESP_STATUS_FIFO/sig_inhibit_rdy_n_reg/C
                         clock pessimism             -0.035     1.153    
    SLICE_X48Y88         FDRE (Hold_fdre_C_D)         0.092     1.245    design_1_i/axi_dma_0/U0/I_PRMRY_DATAMOVER/GEN_S2MM_FULL.I_S2MM_FULL_WRAPPER/I_WR_STATUS_CNTLR/I_WRESP_STATUS_FIFO/sig_inhibit_rdy_n_reg
  -------------------------------------------------------------------
                         required time                         -1.245    
                         arrival time                           1.302    
  -------------------------------------------------------------------
                         slack                                  0.057    





Pulse Width Checks
--------------------------------------------------------------------------------------
Clock Name:         clk_fpga_0
Waveform(ns):       { 0.000 16.500 }
Period(ns):         33.000
Sources:            { design_1_i/processing_system7_0/inst/PS7_i/FCLKCLK[0] }

Check Type        Corner  Lib Pin             Reference Pin  Required(ns)  Actual(ns)  Slack(ns)  Location      Pin
Min Period        n/a     RAMB36E1/CLKARDCLK  n/a            2.944         33.000      30.056     RAMB36_X2Y2   design_1_i/ldpc_encoder_0/inst/ldpc_encoder_core/codeword_generator/ram_reg[0][0]_0/CLKARDCLK
Min Period        n/a     RAMB36E1/CLKBWRCLK  n/a            2.944         33.000      30.056     RAMB36_X2Y2   design_1_i/ldpc_encoder_0/inst/ldpc_encoder_core/codeword_generator/ram_reg[0][0]_0/CLKBWRCLK
Min Period        n/a     RAMB18E1/CLKARDCLK  n/a            2.944         33.000      30.056     RAMB18_X1Y0   design_1_i/ldpc_encoder_0/inst/ldpc_encoder_core/codeword_generator/ram_reg[0][0]_1/CLKARDCLK
Min Period        n/a     RAMB18E1/CLKBWRCLK  n/a            2.944         33.000      30.056     RAMB18_X1Y0   design_1_i/ldpc_encoder_0/inst/ldpc_encoder_core/codeword_generator/ram_reg[0][0]_1/CLKBWRCLK
Min Period        n/a     RAMB36E1/CLKARDCLK  n/a            2.944         33.000      30.056     RAMB36_X1Y1   design_1_i/ldpc_encoder_0/inst/ldpc_encoder_core/codeword_generator/ram_reg[1][0]_0/CLKARDCLK
Min Period        n/a     RAMB36E1/CLKBWRCLK  n/a            2.944         33.000      30.056     RAMB36_X1Y1   design_1_i/ldpc_encoder_0/inst/ldpc_encoder_core/codeword_generator/ram_reg[1][0]_0/CLKBWRCLK
Min Period        n/a     RAMB18E1/CLKARDCLK  n/a            2.944         33.000      30.056     RAMB18_X1Y1   design_1_i/ldpc_encoder_0/inst/ldpc_encoder_core/codeword_generator/ram_reg[1][0]_1/CLKARDCLK
Min Period        n/a     RAMB18E1/CLKBWRCLK  n/a            2.944         33.000      30.056     RAMB18_X1Y1   design_1_i/ldpc_encoder_0/inst/ldpc_encoder_core/codeword_generator/ram_reg[1][0]_1/CLKBWRCLK
Min Period        n/a     RAMB36E1/CLKARDCLK  n/a            2.944         33.000      30.056     RAMB36_X2Y1   design_1_i/ldpc_encoder_0/inst/ldpc_encoder_core/codeword_generator/ram_reg[2][0]_0/CLKARDCLK
Min Period        n/a     RAMB36E1/CLKBWRCLK  n/a            2.944         33.000      30.056     RAMB36_X2Y1   design_1_i/ldpc_encoder_0/inst/ldpc_encoder_core/codeword_generator/ram_reg[2][0]_0/CLKBWRCLK
Low Pulse Width   Slow    RAMD32/CLK          n/a            1.250         16.500      15.250     SLICE_X50Y85  design_1_i/axi_dma_0/U0/I_PRMRY_DATAMOVER/GEN_S2MM_FULL.I_S2MM_FULL_WRAPPER/GEN_ENABLE_INDET_BTT_SF.I_INDET_BTT/I_XD_FIFO/NON_BLK_MEM.I_SYNC_FIFOGEN_FIFO/xpm_fifo_instance.xpm_fifo_sync_inst/xpm_fifo_base_inst/gen_sdpram.xpm_memory_base_inst/gen_wr_a.gen_word_narrow.mem_reg_0_15_0_5/RAMA/CLK
Low Pulse Width   Fast    RAMD32/CLK          n/a            1.250         16.500      15.250     SLICE_X50Y85  design_1_i/axi_dma_0/U0/I_PRMRY_DATAMOVER/GEN_S2MM_FULL.I_S2MM_FULL_WRAPPER/GEN_ENABLE_INDET_BTT_SF.I_INDET_BTT/I_XD_FIFO/NON_BLK_MEM.I_SYNC_FIFOGEN_FIFO/xpm_fifo_instance.xpm_fifo_sync_inst/xpm_fifo_base_inst/gen_sdpram.xpm_memory_base_inst/gen_wr_a.gen_word_narrow.mem_reg_0_15_0_5/RAMA/CLK
Low Pulse Width   Slow    RAMD32/CLK          n/a            1.250         16.500      15.250     SLICE_X50Y85  design_1_i/axi_dma_0/U0/I_PRMRY_DATAMOVER/GEN_S2MM_FULL.I_S2MM_FULL_WRAPPER/GEN_ENABLE_INDET_BTT_SF.I_INDET_BTT/I_XD_FIFO/NON_BLK_MEM.I_SYNC_FIFOGEN_FIFO/xpm_fifo_instance.xpm_fifo_sync_inst/xpm_fifo_base_inst/gen_sdpram.xpm_memory_base_inst/gen_wr_a.gen_word_narrow.mem_reg_0_15_0_5/RAMA_D1/CLK
Low Pulse Width   Fast    RAMD32/CLK          n/a            1.250         16.500      15.250     SLICE_X50Y85  design_1_i/axi_dma_0/U0/I_PRMRY_DATAMOVER/GEN_S2MM_FULL.I_S2MM_FULL_WRAPPER/GEN_ENABLE_INDET_BTT_SF.I_INDET_BTT/I_XD_FIFO/NON_BLK_MEM.I_SYNC_FIFOGEN_FIFO/xpm_fifo_instance.xpm_fifo_sync_inst/xpm_fifo_base_inst/gen_sdpram.xpm_memory_base_inst/gen_wr_a.gen_word_narrow.mem_reg_0_15_0_5/RAMA_D1/CLK
Low Pulse Width   Slow    RAMD32/CLK          n/a            1.250         16.500      15.250     SLICE_X50Y85  design_1_i/axi_dma_0/U0/I_PRMRY_DATAMOVER/GEN_S2MM_FULL.I_S2MM_FULL_WRAPPER/GEN_ENABLE_INDET_BTT_SF.I_INDET_BTT/I_XD_FIFO/NON_BLK_MEM.I_SYNC_FIFOGEN_FIFO/xpm_fifo_instance.xpm_fifo_sync_inst/xpm_fifo_base_inst/gen_sdpram.xpm_memory_base_inst/gen_wr_a.gen_word_narrow.mem_reg_0_15_0_5/RAMB/CLK
Low Pulse Width   Fast    RAMD32/CLK          n/a            1.250         16.500      15.250     SLICE_X50Y85  design_1_i/axi_dma_0/U0/I_PRMRY_DATAMOVER/GEN_S2MM_FULL.I_S2MM_FULL_WRAPPER/GEN_ENABLE_INDET_BTT_SF.I_INDET_BTT/I_XD_FIFO/NON_BLK_MEM.I_SYNC_FIFOGEN_FIFO/xpm_fifo_instance.xpm_fifo_sync_inst/xpm_fifo_base_inst/gen_sdpram.xpm_memory_base_inst/gen_wr_a.gen_word_narrow.mem_reg_0_15_0_5/RAMB/CLK
Low Pulse Width   Slow    RAMD32/CLK          n/a            1.250         16.500      15.250     SLICE_X50Y85  design_1_i/axi_dma_0/U0/I_PRMRY_DATAMOVER/GEN_S2MM_FULL.I_S2MM_FULL_WRAPPER/GEN_ENABLE_INDET_BTT_SF.I_INDET_BTT/I_XD_FIFO/NON_BLK_MEM.I_SYNC_FIFOGEN_FIFO/xpm_fifo_instance.xpm_fifo_sync_inst/xpm_fifo_base_inst/gen_sdpram.xpm_memory_base_inst/gen_wr_a.gen_word_narrow.mem_reg_0_15_0_5/RAMB_D1/CLK
Low Pulse Width   Fast    RAMD32/CLK          n/a            1.250         16.500      15.250     SLICE_X50Y85  design_1_i/axi_dma_0/U0/I_PRMRY_DATAMOVER/GEN_S2MM_FULL.I_S2MM_FULL_WRAPPER/GEN_ENABLE_INDET_BTT_SF.I_INDET_BTT/I_XD_FIFO/NON_BLK_MEM.I_SYNC_FIFOGEN_FIFO/xpm_fifo_instance.xpm_fifo_sync_inst/xpm_fifo_base_inst/gen_sdpram.xpm_memory_base_inst/gen_wr_a.gen_word_narrow.mem_reg_0_15_0_5/RAMB_D1/CLK
Low Pulse Width   Slow    RAMD32/CLK          n/a            1.250         16.500      15.250     SLICE_X50Y85  design_1_i/axi_dma_0/U0/I_PRMRY_DATAMOVER/GEN_S2MM_FULL.I_S2MM_FULL_WRAPPER/GEN_ENABLE_INDET_BTT_SF.I_INDET_BTT/I_XD_FIFO/NON_BLK_MEM.I_SYNC_FIFOGEN_FIFO/xpm_fifo_instance.xpm_fifo_sync_inst/xpm_fifo_base_inst/gen_sdpram.xpm_memory_base_inst/gen_wr_a.gen_word_narrow.mem_reg_0_15_0_5/RAMC/CLK
Low Pulse Width   Fast    RAMD32/CLK          n/a            1.250         16.500      15.250     SLICE_X50Y85  design_1_i/axi_dma_0/U0/I_PRMRY_DATAMOVER/GEN_S2MM_FULL.I_S2MM_FULL_WRAPPER/GEN_ENABLE_INDET_BTT_SF.I_INDET_BTT/I_XD_FIFO/NON_BLK_MEM.I_SYNC_FIFOGEN_FIFO/xpm_fifo_instance.xpm_fifo_sync_inst/xpm_fifo_base_inst/gen_sdpram.xpm_memory_base_inst/gen_wr_a.gen_word_narrow.mem_reg_0_15_0_5/RAMC/CLK
High Pulse Width  Slow    RAMD32/CLK          n/a            1.250         16.500      15.250     SLICE_X50Y85  design_1_i/axi_dma_0/U0/I_PRMRY_DATAMOVER/GEN_S2MM_FULL.I_S2MM_FULL_WRAPPER/GEN_ENABLE_INDET_BTT_SF.I_INDET_BTT/I_XD_FIFO/NON_BLK_MEM.I_SYNC_FIFOGEN_FIFO/xpm_fifo_instance.xpm_fifo_sync_inst/xpm_fifo_base_inst/gen_sdpram.xpm_memory_base_inst/gen_wr_a.gen_word_narrow.mem_reg_0_15_0_5/RAMA/CLK
High Pulse Width  Fast    RAMD32/CLK          n/a            1.250         16.500      15.250     SLICE_X50Y85  design_1_i/axi_dma_0/U0/I_PRMRY_DATAMOVER/GEN_S2MM_FULL.I_S2MM_FULL_WRAPPER/GEN_ENABLE_INDET_BTT_SF.I_INDET_BTT/I_XD_FIFO/NON_BLK_MEM.I_SYNC_FIFOGEN_FIFO/xpm_fifo_instance.xpm_fifo_sync_inst/xpm_fifo_base_inst/gen_sdpram.xpm_memory_base_inst/gen_wr_a.gen_word_narrow.mem_reg_0_15_0_5/RAMA/CLK
High Pulse Width  Slow    RAMD32/CLK          n/a            1.250         16.500      15.250     SLICE_X50Y85  design_1_i/axi_dma_0/U0/I_PRMRY_DATAMOVER/GEN_S2MM_FULL.I_S2MM_FULL_WRAPPER/GEN_ENABLE_INDET_BTT_SF.I_INDET_BTT/I_XD_FIFO/NON_BLK_MEM.I_SYNC_FIFOGEN_FIFO/xpm_fifo_instance.xpm_fifo_sync_inst/xpm_fifo_base_inst/gen_sdpram.xpm_memory_base_inst/gen_wr_a.gen_word_narrow.mem_reg_0_15_0_5/RAMA_D1/CLK
High Pulse Width  Fast    RAMD32/CLK          n/a            1.250         16.500      15.250     SLICE_X50Y85  design_1_i/axi_dma_0/U0/I_PRMRY_DATAMOVER/GEN_S2MM_FULL.I_S2MM_FULL_WRAPPER/GEN_ENABLE_INDET_BTT_SF.I_INDET_BTT/I_XD_FIFO/NON_BLK_MEM.I_SYNC_FIFOGEN_FIFO/xpm_fifo_instance.xpm_fifo_sync_inst/xpm_fifo_base_inst/gen_sdpram.xpm_memory_base_inst/gen_wr_a.gen_word_narrow.mem_reg_0_15_0_5/RAMA_D1/CLK
High Pulse Width  Slow    RAMD32/CLK          n/a            1.250         16.500      15.250     SLICE_X50Y85  design_1_i/axi_dma_0/U0/I_PRMRY_DATAMOVER/GEN_S2MM_FULL.I_S2MM_FULL_WRAPPER/GEN_ENABLE_INDET_BTT_SF.I_INDET_BTT/I_XD_FIFO/NON_BLK_MEM.I_SYNC_FIFOGEN_FIFO/xpm_fifo_instance.xpm_fifo_sync_inst/xpm_fifo_base_inst/gen_sdpram.xpm_memory_base_inst/gen_wr_a.gen_word_narrow.mem_reg_0_15_0_5/RAMB/CLK
High Pulse Width  Fast    RAMD32/CLK          n/a            1.250         16.500      15.250     SLICE_X50Y85  design_1_i/axi_dma_0/U0/I_PRMRY_DATAMOVER/GEN_S2MM_FULL.I_S2MM_FULL_WRAPPER/GEN_ENABLE_INDET_BTT_SF.I_INDET_BTT/I_XD_FIFO/NON_BLK_MEM.I_SYNC_FIFOGEN_FIFO/xpm_fifo_instance.xpm_fifo_sync_inst/xpm_fifo_base_inst/gen_sdpram.xpm_memory_base_inst/gen_wr_a.gen_word_narrow.mem_reg_0_15_0_5/RAMB/CLK
High Pulse Width  Slow    RAMD32/CLK          n/a            1.250         16.500      15.250     SLICE_X50Y85  design_1_i/axi_dma_0/U0/I_PRMRY_DATAMOVER/GEN_S2MM_FULL.I_S2MM_FULL_WRAPPER/GEN_ENABLE_INDET_BTT_SF.I_INDET_BTT/I_XD_FIFO/NON_BLK_MEM.I_SYNC_FIFOGEN_FIFO/xpm_fifo_instance.xpm_fifo_sync_inst/xpm_fifo_base_inst/gen_sdpram.xpm_memory_base_inst/gen_wr_a.gen_word_narrow.mem_reg_0_15_0_5/RAMB_D1/CLK
High Pulse Width  Fast    RAMD32/CLK          n/a            1.250         16.500      15.250     SLICE_X50Y85  design_1_i/axi_dma_0/U0/I_PRMRY_DATAMOVER/GEN_S2MM_FULL.I_S2MM_FULL_WRAPPER/GEN_ENABLE_INDET_BTT_SF.I_INDET_BTT/I_XD_FIFO/NON_BLK_MEM.I_SYNC_FIFOGEN_FIFO/xpm_fifo_instance.xpm_fifo_sync_inst/xpm_fifo_base_inst/gen_sdpram.xpm_memory_base_inst/gen_wr_a.gen_word_narrow.mem_reg_0_15_0_5/RAMB_D1/CLK
High Pulse Width  Slow    RAMD32/CLK          n/a            1.250         16.500      15.250     SLICE_X50Y85  design_1_i/axi_dma_0/U0/I_PRMRY_DATAMOVER/GEN_S2MM_FULL.I_S2MM_FULL_WRAPPER/GEN_ENABLE_INDET_BTT_SF.I_INDET_BTT/I_XD_FIFO/NON_BLK_MEM.I_SYNC_FIFOGEN_FIFO/xpm_fifo_instance.xpm_fifo_sync_inst/xpm_fifo_base_inst/gen_sdpram.xpm_memory_base_inst/gen_wr_a.gen_word_narrow.mem_reg_0_15_0_5/RAMC/CLK
High Pulse Width  Fast    RAMD32/CLK          n/a            1.250         16.500      15.250     SLICE_X50Y85  design_1_i/axi_dma_0/U0/I_PRMRY_DATAMOVER/GEN_S2MM_FULL.I_S2MM_FULL_WRAPPER/GEN_ENABLE_INDET_BTT_SF.I_INDET_BTT/I_XD_FIFO/NON_BLK_MEM.I_SYNC_FIFOGEN_FIFO/xpm_fifo_instance.xpm_fifo_sync_inst/xpm_fifo_base_inst/gen_sdpram.xpm_memory_base_inst/gen_wr_a.gen_word_narrow.mem_reg_0_15_0_5/RAMC/CLK



---------------------------------------------------------------------------------------------------
Path Group:  **async_default**
From Clock:  clk_fpga_0
  To Clock:  clk_fpga_0

Setup :            0  Failing Endpoints,  Worst Slack       20.697ns,  Total Violation        0.000ns
Hold  :            0  Failing Endpoints,  Worst Slack        0.562ns,  Total Violation        0.000ns
---------------------------------------------------------------------------------------------------


Max Delay Paths
--------------------------------------------------------------------------------------
Slack (MET) :             20.697ns  (required time - arrival time)
  Source:                 design_1_i/rst_ps7_0_100M/U0/ACTIVE_LOW_PR_OUT_DFF[0].FDRE_PER_N/C
                            (rising edge-triggered cell FDRE clocked by clk_fpga_0  {rise@0.000ns fall@16.500ns period=33.000ns})
  Destination:            design_1_i/ldpc_encoder_0/inst/ldpc_encoder_core/core_parity_bit_calculator/data_in_reg_reg[2][128]/CLR
                            (recovery check against rising-edge clock clk_fpga_0  {rise@0.000ns fall@16.500ns period=33.000ns})
  Path Group:             **async_default**
  Path Type:              Recovery (Max at Slow Process Corner)
  Requirement:            33.000ns  (clk_fpga_0 rise@33.000ns - clk_fpga_0 rise@0.000ns)
  Data Path Delay:        11.301ns  (logic 0.580ns (5.132%)  route 10.721ns (94.868%))
  Logic Levels:           1  (LUT1=1)
  Clock Path Skew:        -0.101ns (DCD - SCD + CPR)
    Destination Clock Delay (DCD):    2.728ns = ( 35.729 - 33.000 ) 
    Source Clock Delay      (SCD):    2.944ns
    Clock Pessimism Removal (CPR):    0.115ns
  Clock Uncertainty:      0.496ns  ((TSJ^2 + TIJ^2)^1/2 + DJ) / 2 + PE
    Total System Jitter     (TSJ):    0.071ns
    Total Input Jitter      (TIJ):    0.990ns
    Discrete Jitter          (DJ):    0.000ns
    Phase Error              (PE):    0.000ns

    Location             Delay type                Incr(ns)  Path(ns)    Netlist Resource(s)
  -------------------------------------------------------------------    -------------------
                         (clock clk_fpga_0 rise edge)
                                                      0.000     0.000 r  
    PS7_X0Y0             PS7                          0.000     0.000 r  design_1_i/processing_system7_0/inst/PS7_i/FCLKCLK[0]
                         net (fo=1, routed)           1.193     1.193    design_1_i/processing_system7_0/inst/FCLK_CLK_unbuffered[0]
    BUFGCTRL_X0Y16       BUFG (Prop_bufg_I_O)         0.101     1.294 r  design_1_i/processing_system7_0/inst/buffer_fclk_clk_0.FCLK_CLK_0_BUFG/O
                         net (fo=9550, routed)        1.650     2.944    design_1_i/rst_ps7_0_100M/U0/slowest_sync_clk
    SLICE_X39Y90         FDRE                                         r  design_1_i/rst_ps7_0_100M/U0/ACTIVE_LOW_PR_OUT_DFF[0].FDRE_PER_N/C
  -------------------------------------------------------------------    -------------------
    SLICE_X39Y90         FDRE (Prop_fdre_C_Q)         0.456     3.400 r  design_1_i/rst_ps7_0_100M/U0/ACTIVE_LOW_PR_OUT_DFF[0].FDRE_PER_N/Q
                         net (fo=19, routed)          2.193     5.593    design_1_i/ldpc_encoder_0/inst/ldpc_encoder_core/core_parity_bit_calculator/arst_ni
    SLICE_X67Y91         LUT1 (Prop_lut1_I0_O)        0.124     5.717 f  design_1_i/ldpc_encoder_0/inst/ldpc_encoder_core/core_parity_bit_calculator/s_axil_bvalid_i_2/O
                         net (fo=4811, routed)        8.528    14.245    design_1_i/ldpc_encoder_0/inst/ldpc_encoder_core/core_parity_bit_calculator/arst_ni_0
    SLICE_X64Y17         FDCE                                         f  design_1_i/ldpc_encoder_0/inst/ldpc_encoder_core/core_parity_bit_calculator/data_in_reg_reg[2][128]/CLR
  -------------------------------------------------------------------    -------------------

                         (clock clk_fpga_0 rise edge)
                                                     33.000    33.000 r  
    PS7_X0Y0             PS7                          0.000    33.000 r  design_1_i/processing_system7_0/inst/PS7_i/FCLKCLK[0]
                         net (fo=1, routed)           1.088    34.088    design_1_i/processing_system7_0/inst/FCLK_CLK_unbuffered[0]
    BUFGCTRL_X0Y16       BUFG (Prop_bufg_I_O)         0.091    34.179 r  design_1_i/processing_system7_0/inst/buffer_fclk_clk_0.FCLK_CLK_0_BUFG/O
                         net (fo=9550, routed)        1.549    35.729    design_1_i/ldpc_encoder_0/inst/ldpc_encoder_core/core_parity_bit_calculator/clk_i
    SLICE_X64Y17         FDCE                                         r  design_1_i/ldpc_encoder_0/inst/ldpc_encoder_core/core_parity_bit_calculator/data_in_reg_reg[2][128]/C
                         clock pessimism              0.115    35.843    
                         clock uncertainty           -0.496    35.347    
    SLICE_X64Y17         FDCE (Recov_fdce_C_CLR)     -0.405    34.942    design_1_i/ldpc_encoder_0/inst/ldpc_encoder_core/core_parity_bit_calculator/data_in_reg_reg[2][128]
  -------------------------------------------------------------------
                         required time                         34.942    
                         arrival time                         -14.245    
  -------------------------------------------------------------------
                         slack                                 20.697    

Slack (MET) :             20.697ns  (required time - arrival time)
  Source:                 design_1_i/rst_ps7_0_100M/U0/ACTIVE_LOW_PR_OUT_DFF[0].FDRE_PER_N/C
                            (rising edge-triggered cell FDRE clocked by clk_fpga_0  {rise@0.000ns fall@16.500ns period=33.000ns})
  Destination:            design_1_i/ldpc_encoder_0/inst/ldpc_encoder_core/core_parity_bit_calculator/data_in_reg_reg[2][129]/CLR
                            (recovery check against rising-edge clock clk_fpga_0  {rise@0.000ns fall@16.500ns period=33.000ns})
  Path Group:             **async_default**
  Path Type:              Recovery (Max at Slow Process Corner)
  Requirement:            33.000ns  (clk_fpga_0 rise@33.000ns - clk_fpga_0 rise@0.000ns)
  Data Path Delay:        11.301ns  (logic 0.580ns (5.132%)  route 10.721ns (94.868%))
  Logic Levels:           1  (LUT1=1)
  Clock Path Skew:        -0.101ns (DCD - SCD + CPR)
    Destination Clock Delay (DCD):    2.728ns = ( 35.729 - 33.000 ) 
    Source Clock Delay      (SCD):    2.944ns
    Clock Pessimism Removal (CPR):    0.115ns
  Clock Uncertainty:      0.496ns  ((TSJ^2 + TIJ^2)^1/2 + DJ) / 2 + PE
    Total System Jitter     (TSJ):    0.071ns
    Total Input Jitter      (TIJ):    0.990ns
    Discrete Jitter          (DJ):    0.000ns
    Phase Error              (PE):    0.000ns

    Location             Delay type                Incr(ns)  Path(ns)    Netlist Resource(s)
  -------------------------------------------------------------------    -------------------
                         (clock clk_fpga_0 rise edge)
                                                      0.000     0.000 r  
    PS7_X0Y0             PS7                          0.000     0.000 r  design_1_i/processing_system7_0/inst/PS7_i/FCLKCLK[0]
                         net (fo=1, routed)           1.193     1.193    design_1_i/processing_system7_0/inst/FCLK_CLK_unbuffered[0]
    BUFGCTRL_X0Y16       BUFG (Prop_bufg_I_O)         0.101     1.294 r  design_1_i/processing_system7_0/inst/buffer_fclk_clk_0.FCLK_CLK_0_BUFG/O
                         net (fo=9550, routed)        1.650     2.944    design_1_i/rst_ps7_0_100M/U0/slowest_sync_clk
    SLICE_X39Y90         FDRE                                         r  design_1_i/rst_ps7_0_100M/U0/ACTIVE_LOW_PR_OUT_DFF[0].FDRE_PER_N/C
  -------------------------------------------------------------------    -------------------
    SLICE_X39Y90         FDRE (Prop_fdre_C_Q)         0.456     3.400 r  design_1_i/rst_ps7_0_100M/U0/ACTIVE_LOW_PR_OUT_DFF[0].FDRE_PER_N/Q
                         net (fo=19, routed)          2.193     5.593    design_1_i/ldpc_encoder_0/inst/ldpc_encoder_core/core_parity_bit_calculator/arst_ni
    SLICE_X67Y91         LUT1 (Prop_lut1_I0_O)        0.124     5.717 f  design_1_i/ldpc_encoder_0/inst/ldpc_encoder_core/core_parity_bit_calculator/s_axil_bvalid_i_2/O
                         net (fo=4811, routed)        8.528    14.245    design_1_i/ldpc_encoder_0/inst/ldpc_encoder_core/core_parity_bit_calculator/arst_ni_0
    SLICE_X64Y17         FDCE                                         f  design_1_i/ldpc_encoder_0/inst/ldpc_encoder_core/core_parity_bit_calculator/data_in_reg_reg[2][129]/CLR
  -------------------------------------------------------------------    -------------------

                         (clock clk_fpga_0 rise edge)
                                                     33.000    33.000 r  
    PS7_X0Y0             PS7                          0.000    33.000 r  design_1_i/processing_system7_0/inst/PS7_i/FCLKCLK[0]
                         net (fo=1, routed)           1.088    34.088    design_1_i/processing_system7_0/inst/FCLK_CLK_unbuffered[0]
    BUFGCTRL_X0Y16       BUFG (Prop_bufg_I_O)         0.091    34.179 r  design_1_i/processing_system7_0/inst/buffer_fclk_clk_0.FCLK_CLK_0_BUFG/O
                         net (fo=9550, routed)        1.549    35.729    design_1_i/ldpc_encoder_0/inst/ldpc_encoder_core/core_parity_bit_calculator/clk_i
    SLICE_X64Y17         FDCE                                         r  design_1_i/ldpc_encoder_0/inst/ldpc_encoder_core/core_parity_bit_calculator/data_in_reg_reg[2][129]/C
                         clock pessimism              0.115    35.843    
                         clock uncertainty           -0.496    35.347    
    SLICE_X64Y17         FDCE (Recov_fdce_C_CLR)     -0.405    34.942    design_1_i/ldpc_encoder_0/inst/ldpc_encoder_core/core_parity_bit_calculator/data_in_reg_reg[2][129]
  -------------------------------------------------------------------
                         required time                         34.942    
                         arrival time                         -14.245    
  -------------------------------------------------------------------
                         slack                                 20.697    

Slack (MET) :             20.702ns  (required time - arrival time)
  Source:                 design_1_i/rst_ps7_0_100M/U0/ACTIVE_LOW_PR_OUT_DFF[0].FDRE_PER_N/C
                            (rising edge-triggered cell FDRE clocked by clk_fpga_0  {rise@0.000ns fall@16.500ns period=33.000ns})
  Destination:            design_1_i/ldpc_encoder_0/inst/ldpc_encoder_core/core_parity_bit_calculator/data_in_reg_reg[1][8]/CLR
                            (recovery check against rising-edge clock clk_fpga_0  {rise@0.000ns fall@16.500ns period=33.000ns})
  Path Group:             **async_default**
  Path Type:              Recovery (Max at Slow Process Corner)
  Requirement:            33.000ns  (clk_fpga_0 rise@33.000ns - clk_fpga_0 rise@0.000ns)
  Data Path Delay:        11.296ns  (logic 0.580ns (5.134%)  route 10.716ns (94.866%))
  Logic Levels:           1  (LUT1=1)
  Clock Path Skew:        -0.101ns (DCD - SCD + CPR)
    Destination Clock Delay (DCD):    2.728ns = ( 35.729 - 33.000 ) 
    Source Clock Delay      (SCD):    2.944ns
    Clock Pessimism Removal (CPR):    0.115ns
  Clock Uncertainty:      0.496ns  ((TSJ^2 + TIJ^2)^1/2 + DJ) / 2 + PE
    Total System Jitter     (TSJ):    0.071ns
    Total Input Jitter      (TIJ):    0.990ns
    Discrete Jitter          (DJ):    0.000ns
    Phase Error              (PE):    0.000ns

    Location             Delay type                Incr(ns)  Path(ns)    Netlist Resource(s)
  -------------------------------------------------------------------    -------------------
                         (clock clk_fpga_0 rise edge)
                                                      0.000     0.000 r  
    PS7_X0Y0             PS7                          0.000     0.000 r  design_1_i/processing_system7_0/inst/PS7_i/FCLKCLK[0]
                         net (fo=1, routed)           1.193     1.193    design_1_i/processing_system7_0/inst/FCLK_CLK_unbuffered[0]
    BUFGCTRL_X0Y16       BUFG (Prop_bufg_I_O)         0.101     1.294 r  design_1_i/processing_system7_0/inst/buffer_fclk_clk_0.FCLK_CLK_0_BUFG/O
                         net (fo=9550, routed)        1.650     2.944    design_1_i/rst_ps7_0_100M/U0/slowest_sync_clk
    SLICE_X39Y90         FDRE                                         r  design_1_i/rst_ps7_0_100M/U0/ACTIVE_LOW_PR_OUT_DFF[0].FDRE_PER_N/C
  -------------------------------------------------------------------    -------------------
    SLICE_X39Y90         FDRE (Prop_fdre_C_Q)         0.456     3.400 r  design_1_i/rst_ps7_0_100M/U0/ACTIVE_LOW_PR_OUT_DFF[0].FDRE_PER_N/Q
                         net (fo=19, routed)          2.193     5.593    design_1_i/ldpc_encoder_0/inst/ldpc_encoder_core/core_parity_bit_calculator/arst_ni
    SLICE_X67Y91         LUT1 (Prop_lut1_I0_O)        0.124     5.717 f  design_1_i/ldpc_encoder_0/inst/ldpc_encoder_core/core_parity_bit_calculator/s_axil_bvalid_i_2/O
                         net (fo=4811, routed)        8.524    14.240    design_1_i/ldpc_encoder_0/inst/ldpc_encoder_core/core_parity_bit_calculator/arst_ni_0
    SLICE_X65Y17         FDCE                                         f  design_1_i/ldpc_encoder_0/inst/ldpc_encoder_core/core_parity_bit_calculator/data_in_reg_reg[1][8]/CLR
  -------------------------------------------------------------------    -------------------

                         (clock clk_fpga_0 rise edge)
                                                     33.000    33.000 r  
    PS7_X0Y0             PS7                          0.000    33.000 r  design_1_i/processing_system7_0/inst/PS7_i/FCLKCLK[0]
                         net (fo=1, routed)           1.088    34.088    design_1_i/processing_system7_0/inst/FCLK_CLK_unbuffered[0]
    BUFGCTRL_X0Y16       BUFG (Prop_bufg_I_O)         0.091    34.179 r  design_1_i/processing_system7_0/inst/buffer_fclk_clk_0.FCLK_CLK_0_BUFG/O
                         net (fo=9550, routed)        1.549    35.729    design_1_i/ldpc_encoder_0/inst/ldpc_encoder_core/core_parity_bit_calculator/clk_i
    SLICE_X65Y17         FDCE                                         r  design_1_i/ldpc_encoder_0/inst/ldpc_encoder_core/core_parity_bit_calculator/data_in_reg_reg[1][8]/C
                         clock pessimism              0.115    35.843    
                         clock uncertainty           -0.496    35.347    
    SLICE_X65Y17         FDCE (Recov_fdce_C_CLR)     -0.405    34.942    design_1_i/ldpc_encoder_0/inst/ldpc_encoder_core/core_parity_bit_calculator/data_in_reg_reg[1][8]
  -------------------------------------------------------------------
                         required time                         34.942    
                         arrival time                         -14.240    
  -------------------------------------------------------------------
                         slack                                 20.702    

Slack (MET) :             20.842ns  (required time - arrival time)
  Source:                 design_1_i/rst_ps7_0_100M/U0/ACTIVE_LOW_PR_OUT_DFF[0].FDRE_PER_N/C
                            (rising edge-triggered cell FDRE clocked by clk_fpga_0  {rise@0.000ns fall@16.500ns period=33.000ns})
  Destination:            design_1_i/ldpc_encoder_0/inst/ldpc_encoder_core/core_parity_bit_calculator/data_in_reg_reg[2][98]/CLR
                            (recovery check against rising-edge clock clk_fpga_0  {rise@0.000ns fall@16.500ns period=33.000ns})
  Path Group:             **async_default**
  Path Type:              Recovery (Max at Slow Process Corner)
  Requirement:            33.000ns  (clk_fpga_0 rise@33.000ns - clk_fpga_0 rise@0.000ns)
  Data Path Delay:        11.153ns  (logic 0.580ns (5.200%)  route 10.573ns (94.800%))
  Logic Levels:           1  (LUT1=1)
  Clock Path Skew:        -0.104ns (DCD - SCD + CPR)
    Destination Clock Delay (DCD):    2.725ns = ( 35.725 - 33.000 ) 
    Source Clock Delay      (SCD):    2.944ns
    Clock Pessimism Removal (CPR):    0.115ns
  Clock Uncertainty:      0.496ns  ((TSJ^2 + TIJ^2)^1/2 + DJ) / 2 + PE
    Total System Jitter     (TSJ):    0.071ns
    Total Input Jitter      (TIJ):    0.990ns
    Discrete Jitter          (DJ):    0.000ns
    Phase Error              (PE):    0.000ns

    Location             Delay type                Incr(ns)  Path(ns)    Netlist Resource(s)
  -------------------------------------------------------------------    -------------------
                         (clock clk_fpga_0 rise edge)
                                                      0.000     0.000 r  
    PS7_X0Y0             PS7                          0.000     0.000 r  design_1_i/processing_system7_0/inst/PS7_i/FCLKCLK[0]
                         net (fo=1, routed)           1.193     1.193    design_1_i/processing_system7_0/inst/FCLK_CLK_unbuffered[0]
    BUFGCTRL_X0Y16       BUFG (Prop_bufg_I_O)         0.101     1.294 r  design_1_i/processing_system7_0/inst/buffer_fclk_clk_0.FCLK_CLK_0_BUFG/O
                         net (fo=9550, routed)        1.650     2.944    design_1_i/rst_ps7_0_100M/U0/slowest_sync_clk
    SLICE_X39Y90         FDRE                                         r  design_1_i/rst_ps7_0_100M/U0/ACTIVE_LOW_PR_OUT_DFF[0].FDRE_PER_N/C
  -------------------------------------------------------------------    -------------------
    SLICE_X39Y90         FDRE (Prop_fdre_C_Q)         0.456     3.400 r  design_1_i/rst_ps7_0_100M/U0/ACTIVE_LOW_PR_OUT_DFF[0].FDRE_PER_N/Q
                         net (fo=19, routed)          2.193     5.593    design_1_i/ldpc_encoder_0/inst/ldpc_encoder_core/core_parity_bit_calculator/arst_ni
    SLICE_X67Y91         LUT1 (Prop_lut1_I0_O)        0.124     5.717 f  design_1_i/ldpc_encoder_0/inst/ldpc_encoder_core/core_parity_bit_calculator/s_axil_bvalid_i_2/O
                         net (fo=4811, routed)        8.380    14.097    design_1_i/ldpc_encoder_0/inst/ldpc_encoder_core/core_parity_bit_calculator/arst_ni_0
    SLICE_X60Y18         FDCE                                         f  design_1_i/ldpc_encoder_0/inst/ldpc_encoder_core/core_parity_bit_calculator/data_in_reg_reg[2][98]/CLR
  -------------------------------------------------------------------    -------------------

                         (clock clk_fpga_0 rise edge)
                                                     33.000    33.000 r  
    PS7_X0Y0             PS7                          0.000    33.000 r  design_1_i/processing_system7_0/inst/PS7_i/FCLKCLK[0]
                         net (fo=1, routed)           1.088    34.088    design_1_i/processing_system7_0/inst/FCLK_CLK_unbuffered[0]
    BUFGCTRL_X0Y16       BUFG (Prop_bufg_I_O)         0.091    34.179 r  design_1_i/processing_system7_0/inst/buffer_fclk_clk_0.FCLK_CLK_0_BUFG/O
                         net (fo=9550, routed)        1.546    35.725    design_1_i/ldpc_encoder_0/inst/ldpc_encoder_core/core_parity_bit_calculator/clk_i
    SLICE_X60Y18         FDCE                                         r  design_1_i/ldpc_encoder_0/inst/ldpc_encoder_core/core_parity_bit_calculator/data_in_reg_reg[2][98]/C
                         clock pessimism              0.115    35.840    
                         clock uncertainty           -0.496    35.344    
    SLICE_X60Y18         FDCE (Recov_fdce_C_CLR)     -0.405    34.939    design_1_i/ldpc_encoder_0/inst/ldpc_encoder_core/core_parity_bit_calculator/data_in_reg_reg[2][98]
  -------------------------------------------------------------------
                         required time                         34.939    
                         arrival time                         -14.097    
  -------------------------------------------------------------------
                         slack                                 20.842    

Slack (MET) :             20.842ns  (required time - arrival time)
  Source:                 design_1_i/rst_ps7_0_100M/U0/ACTIVE_LOW_PR_OUT_DFF[0].FDRE_PER_N/C
                            (rising edge-triggered cell FDRE clocked by clk_fpga_0  {rise@0.000ns fall@16.500ns period=33.000ns})
  Destination:            design_1_i/ldpc_encoder_0/inst/ldpc_encoder_core/core_parity_bit_calculator/data_in_reg_reg[2][99]/CLR
                            (recovery check against rising-edge clock clk_fpga_0  {rise@0.000ns fall@16.500ns period=33.000ns})
  Path Group:             **async_default**
  Path Type:              Recovery (Max at Slow Process Corner)
  Requirement:            33.000ns  (clk_fpga_0 rise@33.000ns - clk_fpga_0 rise@0.000ns)
  Data Path Delay:        11.153ns  (logic 0.580ns (5.200%)  route 10.573ns (94.800%))
  Logic Levels:           1  (LUT1=1)
  Clock Path Skew:        -0.104ns (DCD - SCD + CPR)
    Destination Clock Delay (DCD):    2.725ns = ( 35.725 - 33.000 ) 
    Source Clock Delay      (SCD):    2.944ns
    Clock Pessimism Removal (CPR):    0.115ns
  Clock Uncertainty:      0.496ns  ((TSJ^2 + TIJ^2)^1/2 + DJ) / 2 + PE
    Total System Jitter     (TSJ):    0.071ns
    Total Input Jitter      (TIJ):    0.990ns
    Discrete Jitter          (DJ):    0.000ns
    Phase Error              (PE):    0.000ns

    Location             Delay type                Incr(ns)  Path(ns)    Netlist Resource(s)
  -------------------------------------------------------------------    -------------------
                         (clock clk_fpga_0 rise edge)
                                                      0.000     0.000 r  
    PS7_X0Y0             PS7                          0.000     0.000 r  design_1_i/processing_system7_0/inst/PS7_i/FCLKCLK[0]
                         net (fo=1, routed)           1.193     1.193    design_1_i/processing_system7_0/inst/FCLK_CLK_unbuffered[0]
    BUFGCTRL_X0Y16       BUFG (Prop_bufg_I_O)         0.101     1.294 r  design_1_i/processing_system7_0/inst/buffer_fclk_clk_0.FCLK_CLK_0_BUFG/O
                         net (fo=9550, routed)        1.650     2.944    design_1_i/rst_ps7_0_100M/U0/slowest_sync_clk
    SLICE_X39Y90         FDRE                                         r  design_1_i/rst_ps7_0_100M/U0/ACTIVE_LOW_PR_OUT_DFF[0].FDRE_PER_N/C
  -------------------------------------------------------------------    -------------------
    SLICE_X39Y90         FDRE (Prop_fdre_C_Q)         0.456     3.400 r  design_1_i/rst_ps7_0_100M/U0/ACTIVE_LOW_PR_OUT_DFF[0].FDRE_PER_N/Q
                         net (fo=19, routed)          2.193     5.593    design_1_i/ldpc_encoder_0/inst/ldpc_encoder_core/core_parity_bit_calculator/arst_ni
    SLICE_X67Y91         LUT1 (Prop_lut1_I0_O)        0.124     5.717 f  design_1_i/ldpc_encoder_0/inst/ldpc_encoder_core/core_parity_bit_calculator/s_axil_bvalid_i_2/O
                         net (fo=4811, routed)        8.380    14.097    design_1_i/ldpc_encoder_0/inst/ldpc_encoder_core/core_parity_bit_calculator/arst_ni_0
    SLICE_X60Y18         FDCE                                         f  design_1_i/ldpc_encoder_0/inst/ldpc_encoder_core/core_parity_bit_calculator/data_in_reg_reg[2][99]/CLR
  -------------------------------------------------------------------    -------------------

                         (clock clk_fpga_0 rise edge)
                                                     33.000    33.000 r  
    PS7_X0Y0             PS7                          0.000    33.000 r  design_1_i/processing_system7_0/inst/PS7_i/FCLKCLK[0]
                         net (fo=1, routed)           1.088    34.088    design_1_i/processing_system7_0/inst/FCLK_CLK_unbuffered[0]
    BUFGCTRL_X0Y16       BUFG (Prop_bufg_I_O)         0.091    34.179 r  design_1_i/processing_system7_0/inst/buffer_fclk_clk_0.FCLK_CLK_0_BUFG/O
                         net (fo=9550, routed)        1.546    35.725    design_1_i/ldpc_encoder_0/inst/ldpc_encoder_core/core_parity_bit_calculator/clk_i
    SLICE_X60Y18         FDCE                                         r  design_1_i/ldpc_encoder_0/inst/ldpc_encoder_core/core_parity_bit_calculator/data_in_reg_reg[2][99]/C
                         clock pessimism              0.115    35.840    
                         clock uncertainty           -0.496    35.344    
    SLICE_X60Y18         FDCE (Recov_fdce_C_CLR)     -0.405    34.939    design_1_i/ldpc_encoder_0/inst/ldpc_encoder_core/core_parity_bit_calculator/data_in_reg_reg[2][99]
  -------------------------------------------------------------------
                         required time                         34.939    
                         arrival time                         -14.097    
  -------------------------------------------------------------------
                         slack                                 20.842    

Slack (MET) :             20.923ns  (required time - arrival time)
  Source:                 design_1_i/rst_ps7_0_100M/U0/ACTIVE_LOW_PR_OUT_DFF[0].FDRE_PER_N/C
                            (rising edge-triggered cell FDRE clocked by clk_fpga_0  {rise@0.000ns fall@16.500ns period=33.000ns})
  Destination:            design_1_i/ldpc_encoder_0/inst/ldpc_encoder_core/codeword_generator/pa_data_q_reg[1][17]/CLR
                            (recovery check against rising-edge clock clk_fpga_0  {rise@0.000ns fall@16.500ns period=33.000ns})
  Path Group:             **async_default**
  Path Type:              Recovery (Max at Slow Process Corner)
  Requirement:            33.000ns  (clk_fpga_0 rise@33.000ns - clk_fpga_0 rise@0.000ns)
  Data Path Delay:        11.157ns  (logic 0.580ns (5.198%)  route 10.577ns (94.802%))
  Logic Levels:           1  (LUT1=1)
  Clock Path Skew:        -0.105ns (DCD - SCD + CPR)
    Destination Clock Delay (DCD):    2.724ns = ( 35.724 - 33.000 ) 
    Source Clock Delay      (SCD):    2.944ns
    Clock Pessimism Removal (CPR):    0.115ns
  Clock Uncertainty:      0.496ns  ((TSJ^2 + TIJ^2)^1/2 + DJ) / 2 + PE
    Total System Jitter     (TSJ):    0.071ns
    Total Input Jitter      (TIJ):    0.990ns
    Discrete Jitter          (DJ):    0.000ns
    Phase Error              (PE):    0.000ns

    Location             Delay type                Incr(ns)  Path(ns)    Netlist Resource(s)
  -------------------------------------------------------------------    -------------------
                         (clock clk_fpga_0 rise edge)
                                                      0.000     0.000 r  
    PS7_X0Y0             PS7                          0.000     0.000 r  design_1_i/processing_system7_0/inst/PS7_i/FCLKCLK[0]
                         net (fo=1, routed)           1.193     1.193    design_1_i/processing_system7_0/inst/FCLK_CLK_unbuffered[0]
    BUFGCTRL_X0Y16       BUFG (Prop_bufg_I_O)         0.101     1.294 r  design_1_i/processing_system7_0/inst/buffer_fclk_clk_0.FCLK_CLK_0_BUFG/O
                         net (fo=9550, routed)        1.650     2.944    design_1_i/rst_ps7_0_100M/U0/slowest_sync_clk
    SLICE_X39Y90         FDRE                                         r  design_1_i/rst_ps7_0_100M/U0/ACTIVE_LOW_PR_OUT_DFF[0].FDRE_PER_N/C
  -------------------------------------------------------------------    -------------------
    SLICE_X39Y90         FDRE (Prop_fdre_C_Q)         0.456     3.400 r  design_1_i/rst_ps7_0_100M/U0/ACTIVE_LOW_PR_OUT_DFF[0].FDRE_PER_N/Q
                         net (fo=19, routed)          2.193     5.593    design_1_i/ldpc_encoder_0/inst/ldpc_encoder_core/core_parity_bit_calculator/arst_ni
    SLICE_X67Y91         LUT1 (Prop_lut1_I0_O)        0.124     5.717 f  design_1_i/ldpc_encoder_0/inst/ldpc_encoder_core/core_parity_bit_calculator/s_axil_bvalid_i_2/O
                         net (fo=4811, routed)        8.385    14.101    design_1_i/ldpc_encoder_0/inst/ldpc_encoder_core/codeword_generator/r_swap_q_reg_0
    SLICE_X62Y30         FDCE                                         f  design_1_i/ldpc_encoder_0/inst/ldpc_encoder_core/codeword_generator/pa_data_q_reg[1][17]/CLR
  -------------------------------------------------------------------    -------------------

                         (clock clk_fpga_0 rise edge)
                                                     33.000    33.000 r  
    PS7_X0Y0             PS7                          0.000    33.000 r  design_1_i/processing_system7_0/inst/PS7_i/FCLKCLK[0]
                         net (fo=1, routed)           1.088    34.088    design_1_i/processing_system7_0/inst/FCLK_CLK_unbuffered[0]
    BUFGCTRL_X0Y16       BUFG (Prop_bufg_I_O)         0.091    34.179 r  design_1_i/processing_system7_0/inst/buffer_fclk_clk_0.FCLK_CLK_0_BUFG/O
                         net (fo=9550, routed)        1.545    35.724    design_1_i/ldpc_encoder_0/inst/ldpc_encoder_core/codeword_generator/clk_i
    SLICE_X62Y30         FDCE                                         r  design_1_i/ldpc_encoder_0/inst/ldpc_encoder_core/codeword_generator/pa_data_q_reg[1][17]/C
                         clock pessimism              0.115    35.839    
                         clock uncertainty           -0.496    35.343    
    SLICE_X62Y30         FDCE (Recov_fdce_C_CLR)     -0.319    35.024    design_1_i/ldpc_encoder_0/inst/ldpc_encoder_core/codeword_generator/pa_data_q_reg[1][17]
  -------------------------------------------------------------------
                         required time                         35.024    
                         arrival time                         -14.101    
  -------------------------------------------------------------------
                         slack                                 20.923    

Slack (MET) :             20.978ns  (required time - arrival time)
  Source:                 design_1_i/rst_ps7_0_100M/U0/ACTIVE_LOW_PR_OUT_DFF[0].FDRE_PER_N/C
                            (rising edge-triggered cell FDRE clocked by clk_fpga_0  {rise@0.000ns fall@16.500ns period=33.000ns})
  Destination:            design_1_i/ldpc_encoder_0/inst/ldpc_encoder_core/core_parity_bit_calculator/data_in_reg_reg[1][179]/CLR
                            (recovery check against rising-edge clock clk_fpga_0  {rise@0.000ns fall@16.500ns period=33.000ns})
  Path Group:             **async_default**
  Path Type:              Recovery (Max at Slow Process Corner)
  Requirement:            33.000ns  (clk_fpga_0 rise@33.000ns - clk_fpga_0 rise@0.000ns)
  Data Path Delay:        11.016ns  (logic 0.580ns (5.265%)  route 10.436ns (94.735%))
  Logic Levels:           1  (LUT1=1)
  Clock Path Skew:        -0.105ns (DCD - SCD + CPR)
    Destination Clock Delay (DCD):    2.724ns = ( 35.724 - 33.000 ) 
    Source Clock Delay      (SCD):    2.944ns
    Clock Pessimism Removal (CPR):    0.115ns
  Clock Uncertainty:      0.496ns  ((TSJ^2 + TIJ^2)^1/2 + DJ) / 2 + PE
    Total System Jitter     (TSJ):    0.071ns
    Total Input Jitter      (TIJ):    0.990ns
    Discrete Jitter          (DJ):    0.000ns
    Phase Error              (PE):    0.000ns

    Location             Delay type                Incr(ns)  Path(ns)    Netlist Resource(s)
  -------------------------------------------------------------------    -------------------
                         (clock clk_fpga_0 rise edge)
                                                      0.000     0.000 r  
    PS7_X0Y0             PS7                          0.000     0.000 r  design_1_i/processing_system7_0/inst/PS7_i/FCLKCLK[0]
                         net (fo=1, routed)           1.193     1.193    design_1_i/processing_system7_0/inst/FCLK_CLK_unbuffered[0]
    BUFGCTRL_X0Y16       BUFG (Prop_bufg_I_O)         0.101     1.294 r  design_1_i/processing_system7_0/inst/buffer_fclk_clk_0.FCLK_CLK_0_BUFG/O
                         net (fo=9550, routed)        1.650     2.944    design_1_i/rst_ps7_0_100M/U0/slowest_sync_clk
    SLICE_X39Y90         FDRE                                         r  design_1_i/rst_ps7_0_100M/U0/ACTIVE_LOW_PR_OUT_DFF[0].FDRE_PER_N/C
  -------------------------------------------------------------------    -------------------
    SLICE_X39Y90         FDRE (Prop_fdre_C_Q)         0.456     3.400 r  design_1_i/rst_ps7_0_100M/U0/ACTIVE_LOW_PR_OUT_DFF[0].FDRE_PER_N/Q
                         net (fo=19, routed)          2.193     5.593    design_1_i/ldpc_encoder_0/inst/ldpc_encoder_core/core_parity_bit_calculator/arst_ni
    SLICE_X67Y91         LUT1 (Prop_lut1_I0_O)        0.124     5.717 f  design_1_i/ldpc_encoder_0/inst/ldpc_encoder_core/core_parity_bit_calculator/s_axil_bvalid_i_2/O
                         net (fo=4811, routed)        8.244    13.960    design_1_i/ldpc_encoder_0/inst/ldpc_encoder_core/core_parity_bit_calculator/arst_ni_0
    SLICE_X63Y29         FDCE                                         f  design_1_i/ldpc_encoder_0/inst/ldpc_encoder_core/core_parity_bit_calculator/data_in_reg_reg[1][179]/CLR
  -------------------------------------------------------------------    -------------------

                         (clock clk_fpga_0 rise edge)
                                                     33.000    33.000 r  
    PS7_X0Y0             PS7                          0.000    33.000 r  design_1_i/processing_system7_0/inst/PS7_i/FCLKCLK[0]
                         net (fo=1, routed)           1.088    34.088    design_1_i/processing_system7_0/inst/FCLK_CLK_unbuffered[0]
    BUFGCTRL_X0Y16       BUFG (Prop_bufg_I_O)         0.091    34.179 r  design_1_i/processing_system7_0/inst/buffer_fclk_clk_0.FCLK_CLK_0_BUFG/O
                         net (fo=9550, routed)        1.545    35.724    design_1_i/ldpc_encoder_0/inst/ldpc_encoder_core/core_parity_bit_calculator/clk_i
    SLICE_X63Y29         FDCE                                         r  design_1_i/ldpc_encoder_0/inst/ldpc_encoder_core/core_parity_bit_calculator/data_in_reg_reg[1][179]/C
                         clock pessimism              0.115    35.839    
                         clock uncertainty           -0.496    35.343    
    SLICE_X63Y29         FDCE (Recov_fdce_C_CLR)     -0.405    34.938    design_1_i/ldpc_encoder_0/inst/ldpc_encoder_core/core_parity_bit_calculator/data_in_reg_reg[1][179]
  -------------------------------------------------------------------
                         required time                         34.938    
                         arrival time                         -13.960    
  -------------------------------------------------------------------
                         slack                                 20.978    

Slack (MET) :             20.978ns  (required time - arrival time)
  Source:                 design_1_i/rst_ps7_0_100M/U0/ACTIVE_LOW_PR_OUT_DFF[0].FDRE_PER_N/C
                            (rising edge-triggered cell FDRE clocked by clk_fpga_0  {rise@0.000ns fall@16.500ns period=33.000ns})
  Destination:            design_1_i/ldpc_encoder_0/inst/ldpc_encoder_core/core_parity_bit_calculator/data_in_reg_reg[1][371]/CLR
                            (recovery check against rising-edge clock clk_fpga_0  {rise@0.000ns fall@16.500ns period=33.000ns})
  Path Group:             **async_default**
  Path Type:              Recovery (Max at Slow Process Corner)
  Requirement:            33.000ns  (clk_fpga_0 rise@33.000ns - clk_fpga_0 rise@0.000ns)
  Data Path Delay:        11.016ns  (logic 0.580ns (5.265%)  route 10.436ns (94.735%))
  Logic Levels:           1  (LUT1=1)
  Clock Path Skew:        -0.105ns (DCD - SCD + CPR)
    Destination Clock Delay (DCD):    2.724ns = ( 35.724 - 33.000 ) 
    Source Clock Delay      (SCD):    2.944ns
    Clock Pessimism Removal (CPR):    0.115ns
  Clock Uncertainty:      0.496ns  ((TSJ^2 + TIJ^2)^1/2 + DJ) / 2 + PE
    Total System Jitter     (TSJ):    0.071ns
    Total Input Jitter      (TIJ):    0.990ns
    Discrete Jitter          (DJ):    0.000ns
    Phase Error              (PE):    0.000ns

    Location             Delay type                Incr(ns)  Path(ns)    Netlist Resource(s)
  -------------------------------------------------------------------    -------------------
                         (clock clk_fpga_0 rise edge)
                                                      0.000     0.000 r  
    PS7_X0Y0             PS7                          0.000     0.000 r  design_1_i/processing_system7_0/inst/PS7_i/FCLKCLK[0]
                         net (fo=1, routed)           1.193     1.193    design_1_i/processing_system7_0/inst/FCLK_CLK_unbuffered[0]
    BUFGCTRL_X0Y16       BUFG (Prop_bufg_I_O)         0.101     1.294 r  design_1_i/processing_system7_0/inst/buffer_fclk_clk_0.FCLK_CLK_0_BUFG/O
                         net (fo=9550, routed)        1.650     2.944    design_1_i/rst_ps7_0_100M/U0/slowest_sync_clk
    SLICE_X39Y90         FDRE                                         r  design_1_i/rst_ps7_0_100M/U0/ACTIVE_LOW_PR_OUT_DFF[0].FDRE_PER_N/C
  -------------------------------------------------------------------    -------------------
    SLICE_X39Y90         FDRE (Prop_fdre_C_Q)         0.456     3.400 r  design_1_i/rst_ps7_0_100M/U0/ACTIVE_LOW_PR_OUT_DFF[0].FDRE_PER_N/Q
                         net (fo=19, routed)          2.193     5.593    design_1_i/ldpc_encoder_0/inst/ldpc_encoder_core/core_parity_bit_calculator/arst_ni
    SLICE_X67Y91         LUT1 (Prop_lut1_I0_O)        0.124     5.717 f  design_1_i/ldpc_encoder_0/inst/ldpc_encoder_core/core_parity_bit_calculator/s_axil_bvalid_i_2/O
                         net (fo=4811, routed)        8.244    13.960    design_1_i/ldpc_encoder_0/inst/ldpc_encoder_core/core_parity_bit_calculator/arst_ni_0
    SLICE_X63Y29         FDCE                                         f  design_1_i/ldpc_encoder_0/inst/ldpc_encoder_core/core_parity_bit_calculator/data_in_reg_reg[1][371]/CLR
  -------------------------------------------------------------------    -------------------

                         (clock clk_fpga_0 rise edge)
                                                     33.000    33.000 r  
    PS7_X0Y0             PS7                          0.000    33.000 r  design_1_i/processing_system7_0/inst/PS7_i/FCLKCLK[0]
                         net (fo=1, routed)           1.088    34.088    design_1_i/processing_system7_0/inst/FCLK_CLK_unbuffered[0]
    BUFGCTRL_X0Y16       BUFG (Prop_bufg_I_O)         0.091    34.179 r  design_1_i/processing_system7_0/inst/buffer_fclk_clk_0.FCLK_CLK_0_BUFG/O
                         net (fo=9550, routed)        1.545    35.724    design_1_i/ldpc_encoder_0/inst/ldpc_encoder_core/core_parity_bit_calculator/clk_i
    SLICE_X63Y29         FDCE                                         r  design_1_i/ldpc_encoder_0/inst/ldpc_encoder_core/core_parity_bit_calculator/data_in_reg_reg[1][371]/C
                         clock pessimism              0.115    35.839    
                         clock uncertainty           -0.496    35.343    
    SLICE_X63Y29         FDCE (Recov_fdce_C_CLR)     -0.405    34.938    design_1_i/ldpc_encoder_0/inst/ldpc_encoder_core/core_parity_bit_calculator/data_in_reg_reg[1][371]
  -------------------------------------------------------------------
                         required time                         34.938    
                         arrival time                         -13.960    
  -------------------------------------------------------------------
                         slack                                 20.978    

Slack (MET) :             20.982ns  (required time - arrival time)
  Source:                 design_1_i/rst_ps7_0_100M/U0/ACTIVE_LOW_PR_OUT_DFF[0].FDRE_PER_N/C
                            (rising edge-triggered cell FDRE clocked by clk_fpga_0  {rise@0.000ns fall@16.500ns period=33.000ns})
  Destination:            design_1_i/ldpc_encoder_0/inst/ldpc_encoder_core/core_parity_bit_calculator/data_in_reg_reg[0][64]/CLR
                            (recovery check against rising-edge clock clk_fpga_0  {rise@0.000ns fall@16.500ns period=33.000ns})
  Path Group:             **async_default**
  Path Type:              Recovery (Max at Slow Process Corner)
  Requirement:            33.000ns  (clk_fpga_0 rise@33.000ns - clk_fpga_0 rise@0.000ns)
  Data Path Delay:        11.015ns  (logic 0.580ns (5.266%)  route 10.435ns (94.734%))
  Logic Levels:           1  (LUT1=1)
  Clock Path Skew:        -0.102ns (DCD - SCD + CPR)
    Destination Clock Delay (DCD):    2.727ns = ( 35.728 - 33.000 ) 
    Source Clock Delay      (SCD):    2.944ns
    Clock Pessimism Removal (CPR):    0.115ns
  Clock Uncertainty:      0.496ns  ((TSJ^2 + TIJ^2)^1/2 + DJ) / 2 + PE
    Total System Jitter     (TSJ):    0.071ns
    Total Input Jitter      (TIJ):    0.990ns
    Discrete Jitter          (DJ):    0.000ns
    Phase Error              (PE):    0.000ns

    Location             Delay type                Incr(ns)  Path(ns)    Netlist Resource(s)
  -------------------------------------------------------------------    -------------------
                         (clock clk_fpga_0 rise edge)
                                                      0.000     0.000 r  
    PS7_X0Y0             PS7                          0.000     0.000 r  design_1_i/processing_system7_0/inst/PS7_i/FCLKCLK[0]
                         net (fo=1, routed)           1.193     1.193    design_1_i/processing_system7_0/inst/FCLK_CLK_unbuffered[0]
    BUFGCTRL_X0Y16       BUFG (Prop_bufg_I_O)         0.101     1.294 r  design_1_i/processing_system7_0/inst/buffer_fclk_clk_0.FCLK_CLK_0_BUFG/O
                         net (fo=9550, routed)        1.650     2.944    design_1_i/rst_ps7_0_100M/U0/slowest_sync_clk
    SLICE_X39Y90         FDRE                                         r  design_1_i/rst_ps7_0_100M/U0/ACTIVE_LOW_PR_OUT_DFF[0].FDRE_PER_N/C
  -------------------------------------------------------------------    -------------------
    SLICE_X39Y90         FDRE (Prop_fdre_C_Q)         0.456     3.400 r  design_1_i/rst_ps7_0_100M/U0/ACTIVE_LOW_PR_OUT_DFF[0].FDRE_PER_N/Q
                         net (fo=19, routed)          2.193     5.593    design_1_i/ldpc_encoder_0/inst/ldpc_encoder_core/core_parity_bit_calculator/arst_ni
    SLICE_X67Y91         LUT1 (Prop_lut1_I0_O)        0.124     5.717 f  design_1_i/ldpc_encoder_0/inst/ldpc_encoder_core/core_parity_bit_calculator/s_axil_bvalid_i_2/O
                         net (fo=4811, routed)        8.242    13.959    design_1_i/ldpc_encoder_0/inst/ldpc_encoder_core/core_parity_bit_calculator/arst_ni_0
    SLICE_X60Y17         FDCE                                         f  design_1_i/ldpc_encoder_0/inst/ldpc_encoder_core/core_parity_bit_calculator/data_in_reg_reg[0][64]/CLR
  -------------------------------------------------------------------    -------------------

                         (clock clk_fpga_0 rise edge)
                                                     33.000    33.000 r  
    PS7_X0Y0             PS7                          0.000    33.000 r  design_1_i/processing_system7_0/inst/PS7_i/FCLKCLK[0]
                         net (fo=1, routed)           1.088    34.088    design_1_i/processing_system7_0/inst/FCLK_CLK_unbuffered[0]
    BUFGCTRL_X0Y16       BUFG (Prop_bufg_I_O)         0.091    34.179 r  design_1_i/processing_system7_0/inst/buffer_fclk_clk_0.FCLK_CLK_0_BUFG/O
                         net (fo=9550, routed)        1.548    35.728    design_1_i/ldpc_encoder_0/inst/ldpc_encoder_core/core_parity_bit_calculator/clk_i
    SLICE_X60Y17         FDCE                                         r  design_1_i/ldpc_encoder_0/inst/ldpc_encoder_core/core_parity_bit_calculator/data_in_reg_reg[0][64]/C
                         clock pessimism              0.115    35.842    
                         clock uncertainty           -0.496    35.346    
    SLICE_X60Y17         FDCE (Recov_fdce_C_CLR)     -0.405    34.941    design_1_i/ldpc_encoder_0/inst/ldpc_encoder_core/core_parity_bit_calculator/data_in_reg_reg[0][64]
  -------------------------------------------------------------------
                         required time                         34.941    
                         arrival time                         -13.959    
  -------------------------------------------------------------------
                         slack                                 20.982    

Slack (MET) :             21.012ns  (required time - arrival time)
  Source:                 design_1_i/rst_ps7_0_100M/U0/ACTIVE_LOW_PR_OUT_DFF[0].FDRE_PER_N/C
                            (rising edge-triggered cell FDRE clocked by clk_fpga_0  {rise@0.000ns fall@16.500ns period=33.000ns})
  Destination:            design_1_i/ldpc_encoder_0/inst/ldpc_encoder_core/cs_data_in_q_reg[0][4]/CLR
                            (recovery check against rising-edge clock clk_fpga_0  {rise@0.000ns fall@16.500ns period=33.000ns})
  Path Group:             **async_default**
  Path Type:              Recovery (Max at Slow Process Corner)
  Requirement:            33.000ns  (clk_fpga_0 rise@33.000ns - clk_fpga_0 rise@0.000ns)
  Data Path Delay:        10.987ns  (logic 0.580ns (5.279%)  route 10.407ns (94.721%))
  Logic Levels:           1  (LUT1=1)
  Clock Path Skew:        -0.100ns (DCD - SCD + CPR)
    Destination Clock Delay (DCD):    2.730ns = ( 35.729 - 33.000 ) 
    Source Clock Delay      (SCD):    2.944ns
    Clock Pessimism Removal (CPR):    0.115ns
  Clock Uncertainty:      0.496ns  ((TSJ^2 + TIJ^2)^1/2 + DJ) / 2 + PE
    Total System Jitter     (TSJ):    0.071ns
    Total Input Jitter      (TIJ):    0.990ns
    Discrete Jitter          (DJ):    0.000ns
    Phase Error              (PE):    0.000ns

    Location             Delay type                Incr(ns)  Path(ns)    Netlist Resource(s)
  -------------------------------------------------------------------    -------------------
                         (clock clk_fpga_0 rise edge)
                                                      0.000     0.000 r  
    PS7_X0Y0             PS7                          0.000     0.000 r  design_1_i/processing_system7_0/inst/PS7_i/FCLKCLK[0]
                         net (fo=1, routed)           1.193     1.193    design_1_i/processing_system7_0/inst/FCLK_CLK_unbuffered[0]
    BUFGCTRL_X0Y16       BUFG (Prop_bufg_I_O)         0.101     1.294 r  design_1_i/processing_system7_0/inst/buffer_fclk_clk_0.FCLK_CLK_0_BUFG/O
                         net (fo=9550, routed)        1.650     2.944    design_1_i/rst_ps7_0_100M/U0/slowest_sync_clk
    SLICE_X39Y90         FDRE                                         r  design_1_i/rst_ps7_0_100M/U0/ACTIVE_LOW_PR_OUT_DFF[0].FDRE_PER_N/C
  -------------------------------------------------------------------    -------------------
    SLICE_X39Y90         FDRE (Prop_fdre_C_Q)         0.456     3.400 r  design_1_i/rst_ps7_0_100M/U0/ACTIVE_LOW_PR_OUT_DFF[0].FDRE_PER_N/Q
                         net (fo=19, routed)          2.193     5.593    design_1_i/ldpc_encoder_0/inst/ldpc_encoder_core/core_parity_bit_calculator/arst_ni
    SLICE_X67Y91         LUT1 (Prop_lut1_I0_O)        0.124     5.717 f  design_1_i/ldpc_encoder_0/inst/ldpc_encoder_core/core_parity_bit_calculator/s_axil_bvalid_i_2/O
                         net (fo=4811, routed)        8.214    13.931    design_1_i/ldpc_encoder_0/inst/ldpc_encoder_core/arst_ni_0
    SLICE_X56Y12         FDCE                                         f  design_1_i/ldpc_encoder_0/inst/ldpc_encoder_core/cs_data_in_q_reg[0][4]/CLR
  -------------------------------------------------------------------    -------------------

                         (clock clk_fpga_0 rise edge)
                                                     33.000    33.000 r  
    PS7_X0Y0             PS7                          0.000    33.000 r  design_1_i/processing_system7_0/inst/PS7_i/FCLKCLK[0]
                         net (fo=1, routed)           1.088    34.088    design_1_i/processing_system7_0/inst/FCLK_CLK_unbuffered[0]
    BUFGCTRL_X0Y16       BUFG (Prop_bufg_I_O)         0.091    34.179 r  design_1_i/processing_system7_0/inst/buffer_fclk_clk_0.FCLK_CLK_0_BUFG/O
                         net (fo=9550, routed)        1.550    35.729    design_1_i/ldpc_encoder_0/inst/ldpc_encoder_core/clk_i
    SLICE_X56Y12         FDCE                                         r  design_1_i/ldpc_encoder_0/inst/ldpc_encoder_core/cs_data_in_q_reg[0][4]/C
                         clock pessimism              0.115    35.844    
                         clock uncertainty           -0.496    35.348    
    SLICE_X56Y12         FDCE (Recov_fdce_C_CLR)     -0.405    34.943    design_1_i/ldpc_encoder_0/inst/ldpc_encoder_core/cs_data_in_q_reg[0][4]
  -------------------------------------------------------------------
                         required time                         34.943    
                         arrival time                         -13.931    
  -------------------------------------------------------------------
                         slack                                 21.012    





Min Delay Paths
--------------------------------------------------------------------------------------
Slack (MET) :             0.562ns  (arrival time - required time)
  Source:                 <hidden>
                            (rising edge-triggered cell FDRE clocked by clk_fpga_0  {rise@0.000ns fall@16.500ns period=33.000ns})
  Destination:            <hidden>
                            (removal check against rising-edge clock clk_fpga_0  {rise@0.000ns fall@16.500ns period=33.000ns})
  Path Group:             **async_default**
  Path Type:              Removal (Min at Fast Process Corner)
  Requirement:            0.000ns  (clk_fpga_0 rise@0.000ns - clk_fpga_0 rise@0.000ns)
  Data Path Delay:        0.526ns  (logic 0.226ns (42.955%)  route 0.300ns (57.045%))
  Logic Levels:           1  (LUT3=1)
  Clock Path Skew:        0.031ns (DCD - SCD - CPR)
    Destination Clock Delay (DCD):    1.174ns
    Source Clock Delay      (SCD):    0.879ns
    Clock Pessimism Removal (CPR):    0.264ns

    Location             Delay type                Incr(ns)  Path(ns)    Netlist Resource(s)
  -------------------------------------------------------------------    -------------------
                         (clock clk_fpga_0 rise edge)
                                                      0.000     0.000 r  
    PS7_X0Y0             PS7                          0.000     0.000 r  design_1_i/processing_system7_0/inst/PS7_i/FCLKCLK[0]
                         net (fo=1, routed)           0.310     0.310    design_1_i/processing_system7_0/inst/FCLK_CLK_unbuffered[0]
    BUFGCTRL_X0Y16       BUFG (Prop_bufg_I_O)         0.026     0.336 r  design_1_i/processing_system7_0/inst/buffer_fclk_clk_0.FCLK_CLK_0_BUFG/O
                         net (fo=9550, routed)        0.543     0.879    <hidden>
    SLICE_X37Y75         FDRE                                         r  <hidden>
  -------------------------------------------------------------------    -------------------
    SLICE_X37Y75         FDRE (Prop_fdre_C_Q)         0.128     1.007 f  <hidden>
                         net (fo=1, routed)           0.086     1.092    <hidden>
    SLICE_X37Y75         LUT3 (Prop_lut3_I0_O)        0.098     1.190 f  <hidden>
                         net (fo=33, routed)          0.215     1.405    <hidden>
    SLICE_X38Y74         FDCE                                         f  <hidden>
  -------------------------------------------------------------------    -------------------

                         (clock clk_fpga_0 rise edge)
                                                      0.000     0.000 r  
    PS7_X0Y0             PS7                          0.000     0.000 r  design_1_i/processing_system7_0/inst/PS7_i/FCLKCLK[0]
                         net (fo=1, routed)           0.337     0.337    design_1_i/processing_system7_0/inst/FCLK_CLK_unbuffered[0]
    BUFGCTRL_X0Y16       BUFG (Prop_bufg_I_O)         0.029     0.366 r  design_1_i/processing_system7_0/inst/buffer_fclk_clk_0.FCLK_CLK_0_BUFG/O
                         net (fo=9550, routed)        0.808     1.174    <hidden>
    SLICE_X38Y74         FDCE                                         r  <hidden>
                         clock pessimism             -0.264     0.910    
    SLICE_X38Y74         FDCE (Remov_fdce_C_CLR)     -0.067     0.843    <hidden>
  -------------------------------------------------------------------
                         required time                         -0.843    
                         arrival time                           1.405    
  -------------------------------------------------------------------
                         slack                                  0.562    

Slack (MET) :             0.562ns  (arrival time - required time)
  Source:                 <hidden>
                            (rising edge-triggered cell FDRE clocked by clk_fpga_0  {rise@0.000ns fall@16.500ns period=33.000ns})
  Destination:            <hidden>
                            (removal check against rising-edge clock clk_fpga_0  {rise@0.000ns fall@16.500ns period=33.000ns})
  Path Group:             **async_default**
  Path Type:              Removal (Min at Fast Process Corner)
  Requirement:            0.000ns  (clk_fpga_0 rise@0.000ns - clk_fpga_0 rise@0.000ns)
  Data Path Delay:        0.526ns  (logic 0.226ns (42.955%)  route 0.300ns (57.045%))
  Logic Levels:           1  (LUT3=1)
  Clock Path Skew:        0.031ns (DCD - SCD - CPR)
    Destination Clock Delay (DCD):    1.174ns
    Source Clock Delay      (SCD):    0.879ns
    Clock Pessimism Removal (CPR):    0.264ns

    Location             Delay type                Incr(ns)  Path(ns)    Netlist Resource(s)
  -------------------------------------------------------------------    -------------------
                         (clock clk_fpga_0 rise edge)
                                                      0.000     0.000 r  
    PS7_X0Y0             PS7                          0.000     0.000 r  design_1_i/processing_system7_0/inst/PS7_i/FCLKCLK[0]
                         net (fo=1, routed)           0.310     0.310    design_1_i/processing_system7_0/inst/FCLK_CLK_unbuffered[0]
    BUFGCTRL_X0Y16       BUFG (Prop_bufg_I_O)         0.026     0.336 r  design_1_i/processing_system7_0/inst/buffer_fclk_clk_0.FCLK_CLK_0_BUFG/O
                         net (fo=9550, routed)        0.543     0.879    <hidden>
    SLICE_X37Y75         FDRE                                         r  <hidden>
  -------------------------------------------------------------------    -------------------
    SLICE_X37Y75         FDRE (Prop_fdre_C_Q)         0.128     1.007 f  <hidden>
                         net (fo=1, routed)           0.086     1.092    <hidden>
    SLICE_X37Y75         LUT3 (Prop_lut3_I0_O)        0.098     1.190 f  <hidden>
                         net (fo=33, routed)          0.215     1.405    <hidden>
    SLICE_X38Y74         FDCE                                         f  <hidden>
  -------------------------------------------------------------------    -------------------

                         (clock clk_fpga_0 rise edge)
                                                      0.000     0.000 r  
    PS7_X0Y0             PS7                          0.000     0.000 r  design_1_i/processing_system7_0/inst/PS7_i/FCLKCLK[0]
                         net (fo=1, routed)           0.337     0.337    design_1_i/processing_system7_0/inst/FCLK_CLK_unbuffered[0]
    BUFGCTRL_X0Y16       BUFG (Prop_bufg_I_O)         0.029     0.366 r  design_1_i/processing_system7_0/inst/buffer_fclk_clk_0.FCLK_CLK_0_BUFG/O
                         net (fo=9550, routed)        0.808     1.174    <hidden>
    SLICE_X38Y74         FDCE                                         r  <hidden>
                         clock pessimism             -0.264     0.910    
    SLICE_X38Y74         FDCE (Remov_fdce_C_CLR)     -0.067     0.843    <hidden>
  -------------------------------------------------------------------
                         required time                         -0.843    
                         arrival time                           1.405    
  -------------------------------------------------------------------
                         slack                                  0.562    

Slack (MET) :             0.562ns  (arrival time - required time)
  Source:                 <hidden>
                            (rising edge-triggered cell FDRE clocked by clk_fpga_0  {rise@0.000ns fall@16.500ns period=33.000ns})
  Destination:            <hidden>
                            (removal check against rising-edge clock clk_fpga_0  {rise@0.000ns fall@16.500ns period=33.000ns})
  Path Group:             **async_default**
  Path Type:              Removal (Min at Fast Process Corner)
  Requirement:            0.000ns  (clk_fpga_0 rise@0.000ns - clk_fpga_0 rise@0.000ns)
  Data Path Delay:        0.526ns  (logic 0.226ns (42.955%)  route 0.300ns (57.045%))
  Logic Levels:           1  (LUT3=1)
  Clock Path Skew:        0.031ns (DCD - SCD - CPR)
    Destination Clock Delay (DCD):    1.174ns
    Source Clock Delay      (SCD):    0.879ns
    Clock Pessimism Removal (CPR):    0.264ns

    Location             Delay type                Incr(ns)  Path(ns)    Netlist Resource(s)
  -------------------------------------------------------------------    -------------------
                         (clock clk_fpga_0 rise edge)
                                                      0.000     0.000 r  
    PS7_X0Y0             PS7                          0.000     0.000 r  design_1_i/processing_system7_0/inst/PS7_i/FCLKCLK[0]
                         net (fo=1, routed)           0.310     0.310    design_1_i/processing_system7_0/inst/FCLK_CLK_unbuffered[0]
    BUFGCTRL_X0Y16       BUFG (Prop_bufg_I_O)         0.026     0.336 r  design_1_i/processing_system7_0/inst/buffer_fclk_clk_0.FCLK_CLK_0_BUFG/O
                         net (fo=9550, routed)        0.543     0.879    <hidden>
    SLICE_X37Y75         FDRE                                         r  <hidden>
  -------------------------------------------------------------------    -------------------
    SLICE_X37Y75         FDRE (Prop_fdre_C_Q)         0.128     1.007 f  <hidden>
                         net (fo=1, routed)           0.086     1.092    <hidden>
    SLICE_X37Y75         LUT3 (Prop_lut3_I0_O)        0.098     1.190 f  <hidden>
                         net (fo=33, routed)          0.215     1.405    <hidden>
    SLICE_X38Y74         FDCE                                         f  <hidden>
  -------------------------------------------------------------------    -------------------

                         (clock clk_fpga_0 rise edge)
                                                      0.000     0.000 r  
    PS7_X0Y0             PS7                          0.000     0.000 r  design_1_i/processing_system7_0/inst/PS7_i/FCLKCLK[0]
                         net (fo=1, routed)           0.337     0.337    design_1_i/processing_system7_0/inst/FCLK_CLK_unbuffered[0]
    BUFGCTRL_X0Y16       BUFG (Prop_bufg_I_O)         0.029     0.366 r  design_1_i/processing_system7_0/inst/buffer_fclk_clk_0.FCLK_CLK_0_BUFG/O
                         net (fo=9550, routed)        0.808     1.174    <hidden>
    SLICE_X38Y74         FDCE                                         r  <hidden>
                         clock pessimism             -0.264     0.910    
    SLICE_X38Y74         FDCE (Remov_fdce_C_CLR)     -0.067     0.843    <hidden>
  -------------------------------------------------------------------
                         required time                         -0.843    
                         arrival time                           1.405    
  -------------------------------------------------------------------
                         slack                                  0.562    

Slack (MET) :             0.566ns  (arrival time - required time)
  Source:                 <hidden>
                            (rising edge-triggered cell FDRE clocked by clk_fpga_0  {rise@0.000ns fall@16.500ns period=33.000ns})
  Destination:            <hidden>
                            (removal check against rising-edge clock clk_fpga_0  {rise@0.000ns fall@16.500ns period=33.000ns})
  Path Group:             **async_default**
  Path Type:              Removal (Min at Fast Process Corner)
  Requirement:            0.000ns  (clk_fpga_0 rise@0.000ns - clk_fpga_0 rise@0.000ns)
  Data Path Delay:        0.526ns  (logic 0.226ns (42.955%)  route 0.300ns (57.045%))
  Logic Levels:           1  (LUT3=1)
  Clock Path Skew:        0.031ns (DCD - SCD - CPR)
    Destination Clock Delay (DCD):    1.174ns
    Source Clock Delay      (SCD):    0.879ns
    Clock Pessimism Removal (CPR):    0.264ns

    Location             Delay type                Incr(ns)  Path(ns)    Netlist Resource(s)
  -------------------------------------------------------------------    -------------------
                         (clock clk_fpga_0 rise edge)
                                                      0.000     0.000 r  
    PS7_X0Y0             PS7                          0.000     0.000 r  design_1_i/processing_system7_0/inst/PS7_i/FCLKCLK[0]
                         net (fo=1, routed)           0.310     0.310    design_1_i/processing_system7_0/inst/FCLK_CLK_unbuffered[0]
    BUFGCTRL_X0Y16       BUFG (Prop_bufg_I_O)         0.026     0.336 r  design_1_i/processing_system7_0/inst/buffer_fclk_clk_0.FCLK_CLK_0_BUFG/O
                         net (fo=9550, routed)        0.543     0.879    <hidden>
    SLICE_X37Y75         FDRE                                         r  <hidden>
  -------------------------------------------------------------------    -------------------
    SLICE_X37Y75         FDRE (Prop_fdre_C_Q)         0.128     1.007 f  <hidden>
                         net (fo=1, routed)           0.086     1.092    <hidden>
    SLICE_X37Y75         LUT3 (Prop_lut3_I0_O)        0.098     1.190 f  <hidden>
                         net (fo=33, routed)          0.215     1.405    <hidden>
    SLICE_X38Y74         FDPE                                         f  <hidden>
  -------------------------------------------------------------------    -------------------

                         (clock clk_fpga_0 rise edge)
                                                      0.000     0.000 r  
    PS7_X0Y0             PS7                          0.000     0.000 r  design_1_i/processing_system7_0/inst/PS7_i/FCLKCLK[0]
                         net (fo=1, routed)           0.337     0.337    design_1_i/processing_system7_0/inst/FCLK_CLK_unbuffered[0]
    BUFGCTRL_X0Y16       BUFG (Prop_bufg_I_O)         0.029     0.366 r  design_1_i/processing_system7_0/inst/buffer_fclk_clk_0.FCLK_CLK_0_BUFG/O
                         net (fo=9550, routed)        0.808     1.174    <hidden>
    SLICE_X38Y74         FDPE                                         r  <hidden>
                         clock pessimism             -0.264     0.910    
    SLICE_X38Y74         FDPE (Remov_fdpe_C_PRE)     -0.071     0.839    <hidden>
  -------------------------------------------------------------------
                         required time                         -0.839    
                         arrival time                           1.405    
  -------------------------------------------------------------------
                         slack                                  0.566    

Slack (MET) :             0.590ns  (arrival time - required time)
  Source:                 <hidden>
                            (rising edge-triggered cell FDRE clocked by clk_fpga_0  {rise@0.000ns fall@16.500ns period=33.000ns})
  Destination:            <hidden>
                            (removal check against rising-edge clock clk_fpga_0  {rise@0.000ns fall@16.500ns period=33.000ns})
  Path Group:             **async_default**
  Path Type:              Removal (Min at Fast Process Corner)
  Requirement:            0.000ns  (clk_fpga_0 rise@0.000ns - clk_fpga_0 rise@0.000ns)
  Data Path Delay:        0.526ns  (logic 0.226ns (42.955%)  route 0.300ns (57.045%))
  Logic Levels:           1  (LUT3=1)
  Clock Path Skew:        0.031ns (DCD - SCD - CPR)
    Destination Clock Delay (DCD):    1.174ns
    Source Clock Delay      (SCD):    0.879ns
    Clock Pessimism Removal (CPR):    0.264ns

    Location             Delay type                Incr(ns)  Path(ns)    Netlist Resource(s)
  -------------------------------------------------------------------    -------------------
                         (clock clk_fpga_0 rise edge)
                                                      0.000     0.000 r  
    PS7_X0Y0             PS7                          0.000     0.000 r  design_1_i/processing_system7_0/inst/PS7_i/FCLKCLK[0]
                         net (fo=1, routed)           0.310     0.310    design_1_i/processing_system7_0/inst/FCLK_CLK_unbuffered[0]
    BUFGCTRL_X0Y16       BUFG (Prop_bufg_I_O)         0.026     0.336 r  design_1_i/processing_system7_0/inst/buffer_fclk_clk_0.FCLK_CLK_0_BUFG/O
                         net (fo=9550, routed)        0.543     0.879    <hidden>
    SLICE_X37Y75         FDRE                                         r  <hidden>
  -------------------------------------------------------------------    -------------------
    SLICE_X37Y75         FDRE (Prop_fdre_C_Q)         0.128     1.007 f  <hidden>
                         net (fo=1, routed)           0.086     1.092    <hidden>
    SLICE_X37Y75         LUT3 (Prop_lut3_I0_O)        0.098     1.190 f  <hidden>
                         net (fo=33, routed)          0.215     1.405    <hidden>
    SLICE_X39Y74         FDPE                                         f  <hidden>
  -------------------------------------------------------------------    -------------------

                         (clock clk_fpga_0 rise edge)
                                                      0.000     0.000 r  
    PS7_X0Y0             PS7                          0.000     0.000 r  design_1_i/processing_system7_0/inst/PS7_i/FCLKCLK[0]
                         net (fo=1, routed)           0.337     0.337    design_1_i/processing_system7_0/inst/FCLK_CLK_unbuffered[0]
    BUFGCTRL_X0Y16       BUFG (Prop_bufg_I_O)         0.029     0.366 r  design_1_i/processing_system7_0/inst/buffer_fclk_clk_0.FCLK_CLK_0_BUFG/O
                         net (fo=9550, routed)        0.808     1.174    <hidden>
    SLICE_X39Y74         FDPE                                         r  <hidden>
                         clock pessimism             -0.264     0.910    
    SLICE_X39Y74         FDPE (Remov_fdpe_C_PRE)     -0.095     0.815    <hidden>
  -------------------------------------------------------------------
                         required time                         -0.815    
                         arrival time                           1.405    
  -------------------------------------------------------------------
                         slack                                  0.590    

Slack (MET) :             0.590ns  (arrival time - required time)
  Source:                 <hidden>
                            (rising edge-triggered cell FDRE clocked by clk_fpga_0  {rise@0.000ns fall@16.500ns period=33.000ns})
  Destination:            <hidden>
                            (removal check against rising-edge clock clk_fpga_0  {rise@0.000ns fall@16.500ns period=33.000ns})
  Path Group:             **async_default**
  Path Type:              Removal (Min at Fast Process Corner)
  Requirement:            0.000ns  (clk_fpga_0 rise@0.000ns - clk_fpga_0 rise@0.000ns)
  Data Path Delay:        0.526ns  (logic 0.226ns (42.955%)  route 0.300ns (57.045%))
  Logic Levels:           1  (LUT3=1)
  Clock Path Skew:        0.031ns (DCD - SCD - CPR)
    Destination Clock Delay (DCD):    1.174ns
    Source Clock Delay      (SCD):    0.879ns
    Clock Pessimism Removal (CPR):    0.264ns

    Location             Delay type                Incr(ns)  Path(ns)    Netlist Resource(s)
  -------------------------------------------------------------------    -------------------
                         (clock clk_fpga_0 rise edge)
                                                      0.000     0.000 r  
    PS7_X0Y0             PS7                          0.000     0.000 r  design_1_i/processing_system7_0/inst/PS7_i/FCLKCLK[0]
                         net (fo=1, routed)           0.310     0.310    design_1_i/processing_system7_0/inst/FCLK_CLK_unbuffered[0]
    BUFGCTRL_X0Y16       BUFG (Prop_bufg_I_O)         0.026     0.336 r  design_1_i/processing_system7_0/inst/buffer_fclk_clk_0.FCLK_CLK_0_BUFG/O
                         net (fo=9550, routed)        0.543     0.879    <hidden>
    SLICE_X37Y75         FDRE                                         r  <hidden>
  -------------------------------------------------------------------    -------------------
    SLICE_X37Y75         FDRE (Prop_fdre_C_Q)         0.128     1.007 f  <hidden>
                         net (fo=1, routed)           0.086     1.092    <hidden>
    SLICE_X37Y75         LUT3 (Prop_lut3_I0_O)        0.098     1.190 f  <hidden>
                         net (fo=33, routed)          0.215     1.405    <hidden>
    SLICE_X39Y74         FDPE                                         f  <hidden>
  -------------------------------------------------------------------    -------------------

                         (clock clk_fpga_0 rise edge)
                                                      0.000     0.000 r  
    PS7_X0Y0             PS7                          0.000     0.000 r  design_1_i/processing_system7_0/inst/PS7_i/FCLKCLK[0]
                         net (fo=1, routed)           0.337     0.337    design_1_i/processing_system7_0/inst/FCLK_CLK_unbuffered[0]
    BUFGCTRL_X0Y16       BUFG (Prop_bufg_I_O)         0.029     0.366 r  design_1_i/processing_system7_0/inst/buffer_fclk_clk_0.FCLK_CLK_0_BUFG/O
                         net (fo=9550, routed)        0.808     1.174    <hidden>
    SLICE_X39Y74         FDPE                                         r  <hidden>
                         clock pessimism             -0.264     0.910    
    SLICE_X39Y74         FDPE (Remov_fdpe_C_PRE)     -0.095     0.815    <hidden>
  -------------------------------------------------------------------
                         required time                         -0.815    
                         arrival time                           1.405    
  -------------------------------------------------------------------
                         slack                                  0.590    

Slack (MET) :             0.590ns  (arrival time - required time)
  Source:                 <hidden>
                            (rising edge-triggered cell FDRE clocked by clk_fpga_0  {rise@0.000ns fall@16.500ns period=33.000ns})
  Destination:            <hidden>
                            (removal check against rising-edge clock clk_fpga_0  {rise@0.000ns fall@16.500ns period=33.000ns})
  Path Group:             **async_default**
  Path Type:              Removal (Min at Fast Process Corner)
  Requirement:            0.000ns  (clk_fpga_0 rise@0.000ns - clk_fpga_0 rise@0.000ns)
  Data Path Delay:        0.526ns  (logic 0.226ns (42.955%)  route 0.300ns (57.045%))
  Logic Levels:           1  (LUT3=1)
  Clock Path Skew:        0.031ns (DCD - SCD - CPR)
    Destination Clock Delay (DCD):    1.174ns
    Source Clock Delay      (SCD):    0.879ns
    Clock Pessimism Removal (CPR):    0.264ns

    Location             Delay type                Incr(ns)  Path(ns)    Netlist Resource(s)
  -------------------------------------------------------------------    -------------------
                         (clock clk_fpga_0 rise edge)
                                                      0.000     0.000 r  
    PS7_X0Y0             PS7                          0.000     0.000 r  design_1_i/processing_system7_0/inst/PS7_i/FCLKCLK[0]
                         net (fo=1, routed)           0.310     0.310    design_1_i/processing_system7_0/inst/FCLK_CLK_unbuffered[0]
    BUFGCTRL_X0Y16       BUFG (Prop_bufg_I_O)         0.026     0.336 r  design_1_i/processing_system7_0/inst/buffer_fclk_clk_0.FCLK_CLK_0_BUFG/O
                         net (fo=9550, routed)        0.543     0.879    <hidden>
    SLICE_X37Y75         FDRE                                         r  <hidden>
  -------------------------------------------------------------------    -------------------
    SLICE_X37Y75         FDRE (Prop_fdre_C_Q)         0.128     1.007 f  <hidden>
                         net (fo=1, routed)           0.086     1.092    <hidden>
    SLICE_X37Y75         LUT3 (Prop_lut3_I0_O)        0.098     1.190 f  <hidden>
                         net (fo=33, routed)          0.215     1.405    <hidden>
    SLICE_X39Y74         FDPE                                         f  <hidden>
  -------------------------------------------------------------------    -------------------

                         (clock clk_fpga_0 rise edge)
                                                      0.000     0.000 r  
    PS7_X0Y0             PS7                          0.000     0.000 r  design_1_i/processing_system7_0/inst/PS7_i/FCLKCLK[0]
                         net (fo=1, routed)           0.337     0.337    design_1_i/processing_system7_0/inst/FCLK_CLK_unbuffered[0]
    BUFGCTRL_X0Y16       BUFG (Prop_bufg_I_O)         0.029     0.366 r  design_1_i/processing_system7_0/inst/buffer_fclk_clk_0.FCLK_CLK_0_BUFG/O
                         net (fo=9550, routed)        0.808     1.174    <hidden>
    SLICE_X39Y74         FDPE                                         r  <hidden>
                         clock pessimism             -0.264     0.910    
    SLICE_X39Y74         FDPE (Remov_fdpe_C_PRE)     -0.095     0.815    <hidden>
  -------------------------------------------------------------------
                         required time                         -0.815    
                         arrival time                           1.405    
  -------------------------------------------------------------------
                         slack                                  0.590    

Slack (MET) :             0.590ns  (arrival time - required time)
  Source:                 <hidden>
                            (rising edge-triggered cell FDRE clocked by clk_fpga_0  {rise@0.000ns fall@16.500ns period=33.000ns})
  Destination:            <hidden>
                            (removal check against rising-edge clock clk_fpga_0  {rise@0.000ns fall@16.500ns period=33.000ns})
  Path Group:             **async_default**
  Path Type:              Removal (Min at Fast Process Corner)
  Requirement:            0.000ns  (clk_fpga_0 rise@0.000ns - clk_fpga_0 rise@0.000ns)
  Data Path Delay:        0.526ns  (logic 0.226ns (42.955%)  route 0.300ns (57.045%))
  Logic Levels:           1  (LUT3=1)
  Clock Path Skew:        0.031ns (DCD - SCD - CPR)
    Destination Clock Delay (DCD):    1.174ns
    Source Clock Delay      (SCD):    0.879ns
    Clock Pessimism Removal (CPR):    0.264ns

    Location             Delay type                Incr(ns)  Path(ns)    Netlist Resource(s)
  -------------------------------------------------------------------    -------------------
                         (clock clk_fpga_0 rise edge)
                                                      0.000     0.000 r  
    PS7_X0Y0             PS7                          0.000     0.000 r  design_1_i/processing_system7_0/inst/PS7_i/FCLKCLK[0]
                         net (fo=1, routed)           0.310     0.310    design_1_i/processing_system7_0/inst/FCLK_CLK_unbuffered[0]
    BUFGCTRL_X0Y16       BUFG (Prop_bufg_I_O)         0.026     0.336 r  design_1_i/processing_system7_0/inst/buffer_fclk_clk_0.FCLK_CLK_0_BUFG/O
                         net (fo=9550, routed)        0.543     0.879    <hidden>
    SLICE_X37Y75         FDRE                                         r  <hidden>
  -------------------------------------------------------------------    -------------------
    SLICE_X37Y75         FDRE (Prop_fdre_C_Q)         0.128     1.007 f  <hidden>
                         net (fo=1, routed)           0.086     1.092    <hidden>
    SLICE_X37Y75         LUT3 (Prop_lut3_I0_O)        0.098     1.190 f  <hidden>
                         net (fo=33, routed)          0.215     1.405    <hidden>
    SLICE_X39Y74         FDPE                                         f  <hidden>
  -------------------------------------------------------------------    -------------------

                         (clock clk_fpga_0 rise edge)
                                                      0.000     0.000 r  
    PS7_X0Y0             PS7                          0.000     0.000 r  design_1_i/processing_system7_0/inst/PS7_i/FCLKCLK[0]
                         net (fo=1, routed)           0.337     0.337    design_1_i/processing_system7_0/inst/FCLK_CLK_unbuffered[0]
    BUFGCTRL_X0Y16       BUFG (Prop_bufg_I_O)         0.029     0.366 r  design_1_i/processing_system7_0/inst/buffer_fclk_clk_0.FCLK_CLK_0_BUFG/O
                         net (fo=9550, routed)        0.808     1.174    <hidden>
    SLICE_X39Y74         FDPE                                         r  <hidden>
                         clock pessimism             -0.264     0.910    
    SLICE_X39Y74         FDPE (Remov_fdpe_C_PRE)     -0.095     0.815    <hidden>
  -------------------------------------------------------------------
                         required time                         -0.815    
                         arrival time                           1.405    
  -------------------------------------------------------------------
                         slack                                  0.590    

Slack (MET) :             0.653ns  (arrival time - required time)
  Source:                 <hidden>
                            (rising edge-triggered cell FDRE clocked by clk_fpga_0  {rise@0.000ns fall@16.500ns period=33.000ns})
  Destination:            <hidden>
                            (removal check against rising-edge clock clk_fpga_0  {rise@0.000ns fall@16.500ns period=33.000ns})
  Path Group:             **async_default**
  Path Type:              Removal (Min at Fast Process Corner)
  Requirement:            0.000ns  (clk_fpga_0 rise@0.000ns - clk_fpga_0 rise@0.000ns)
  Data Path Delay:        0.574ns  (logic 0.226ns (39.405%)  route 0.348ns (60.595%))
  Logic Levels:           1  (LUT3=1)
  Clock Path Skew:        0.013ns (DCD - SCD - CPR)
    Destination Clock Delay (DCD):    1.174ns
    Source Clock Delay      (SCD):    0.879ns
    Clock Pessimism Removal (CPR):    0.282ns

    Location             Delay type                Incr(ns)  Path(ns)    Netlist Resource(s)
  -------------------------------------------------------------------    -------------------
                         (clock clk_fpga_0 rise edge)
                                                      0.000     0.000 r  
    PS7_X0Y0             PS7                          0.000     0.000 r  design_1_i/processing_system7_0/inst/PS7_i/FCLKCLK[0]
                         net (fo=1, routed)           0.310     0.310    design_1_i/processing_system7_0/inst/FCLK_CLK_unbuffered[0]
    BUFGCTRL_X0Y16       BUFG (Prop_bufg_I_O)         0.026     0.336 r  design_1_i/processing_system7_0/inst/buffer_fclk_clk_0.FCLK_CLK_0_BUFG/O
                         net (fo=9550, routed)        0.543     0.879    <hidden>
    SLICE_X37Y75         FDRE                                         r  <hidden>
  -------------------------------------------------------------------    -------------------
    SLICE_X37Y75         FDRE (Prop_fdre_C_Q)         0.128     1.007 f  <hidden>
                         net (fo=1, routed)           0.086     1.092    <hidden>
    SLICE_X37Y75         LUT3 (Prop_lut3_I0_O)        0.098     1.190 f  <hidden>
                         net (fo=33, routed)          0.262     1.452    <hidden>
    SLICE_X39Y75         FDCE                                         f  <hidden>
  -------------------------------------------------------------------    -------------------

                         (clock clk_fpga_0 rise edge)
                                                      0.000     0.000 r  
    PS7_X0Y0             PS7                          0.000     0.000 r  design_1_i/processing_system7_0/inst/PS7_i/FCLKCLK[0]
                         net (fo=1, routed)           0.337     0.337    design_1_i/processing_system7_0/inst/FCLK_CLK_unbuffered[0]
    BUFGCTRL_X0Y16       BUFG (Prop_bufg_I_O)         0.029     0.366 r  design_1_i/processing_system7_0/inst/buffer_fclk_clk_0.FCLK_CLK_0_BUFG/O
                         net (fo=9550, routed)        0.808     1.174    <hidden>
    SLICE_X39Y75         FDCE                                         r  <hidden>
                         clock pessimism             -0.282     0.892    
    SLICE_X39Y75         FDCE (Remov_fdce_C_CLR)     -0.092     0.800    <hidden>
  -------------------------------------------------------------------
                         required time                         -0.800    
                         arrival time                           1.452    
  -------------------------------------------------------------------
                         slack                                  0.653    

Slack (MET) :             0.653ns  (arrival time - required time)
  Source:                 <hidden>
                            (rising edge-triggered cell FDRE clocked by clk_fpga_0  {rise@0.000ns fall@16.500ns period=33.000ns})
  Destination:            <hidden>
                            (removal check against rising-edge clock clk_fpga_0  {rise@0.000ns fall@16.500ns period=33.000ns})
  Path Group:             **async_default**
  Path Type:              Removal (Min at Fast Process Corner)
  Requirement:            0.000ns  (clk_fpga_0 rise@0.000ns - clk_fpga_0 rise@0.000ns)
  Data Path Delay:        0.574ns  (logic 0.226ns (39.405%)  route 0.348ns (60.595%))
  Logic Levels:           1  (LUT3=1)
  Clock Path Skew:        0.013ns (DCD - SCD - CPR)
    Destination Clock Delay (DCD):    1.174ns
    Source Clock Delay      (SCD):    0.879ns
    Clock Pessimism Removal (CPR):    0.282ns

    Location             Delay type                Incr(ns)  Path(ns)    Netlist Resource(s)
  -------------------------------------------------------------------    -------------------
                         (clock clk_fpga_0 rise edge)
                                                      0.000     0.000 r  
    PS7_X0Y0             PS7                          0.000     0.000 r  design_1_i/processing_system7_0/inst/PS7_i/FCLKCLK[0]
                         net (fo=1, routed)           0.310     0.310    design_1_i/processing_system7_0/inst/FCLK_CLK_unbuffered[0]
    BUFGCTRL_X0Y16       BUFG (Prop_bufg_I_O)         0.026     0.336 r  design_1_i/processing_system7_0/inst/buffer_fclk_clk_0.FCLK_CLK_0_BUFG/O
                         net (fo=9550, routed)        0.543     0.879    <hidden>
    SLICE_X37Y75         FDRE                                         r  <hidden>
  -------------------------------------------------------------------    -------------------
    SLICE_X37Y75         FDRE (Prop_fdre_C_Q)         0.128     1.007 f  <hidden>
                         net (fo=1, routed)           0.086     1.092    <hidden>
    SLICE_X37Y75         LUT3 (Prop_lut3_I0_O)        0.098     1.190 f  <hidden>
                         net (fo=33, routed)          0.262     1.452    <hidden>
    SLICE_X39Y75         FDCE                                         f  <hidden>
  -------------------------------------------------------------------    -------------------

                         (clock clk_fpga_0 rise edge)
                                                      0.000     0.000 r  
    PS7_X0Y0             PS7                          0.000     0.000 r  design_1_i/processing_system7_0/inst/PS7_i/FCLKCLK[0]
                         net (fo=1, routed)           0.337     0.337    design_1_i/processing_system7_0/inst/FCLK_CLK_unbuffered[0]
    BUFGCTRL_X0Y16       BUFG (Prop_bufg_I_O)         0.029     0.366 r  design_1_i/processing_system7_0/inst/buffer_fclk_clk_0.FCLK_CLK_0_BUFG/O
                         net (fo=9550, routed)        0.808     1.174    <hidden>
    SLICE_X39Y75         FDCE                                         r  <hidden>
                         clock pessimism             -0.282     0.892    
    SLICE_X39Y75         FDCE (Remov_fdce_C_CLR)     -0.092     0.800    <hidden>
  -------------------------------------------------------------------
                         required time                         -0.800    
                         arrival time                           1.452    
  -------------------------------------------------------------------
                         slack                                  0.653    





--------------------------------------------------------------------------------------
Path Group:  (none)
From Clock:  
  To Clock:  clk_fpga_0

Max Delay             1 Endpoint
Min Delay             1 Endpoint
--------------------------------------------------------------------------------------


Max Delay Paths
--------------------------------------------------------------------------------------
Slack:                    inf
  Source:                 design_1_i/processing_system7_0/inst/PS7_i/FCLKRESETN[0]
                            (internal pin)
  Destination:            design_1_i/rst_ps7_0_100M/U0/EXT_LPF/ACTIVE_LOW_EXT.ACT_LO_EXT/GENERATE_LEVEL_P_S_CDC.SINGLE_BIT.CROSS_PLEVEL_IN2SCNDRY_IN_cdc_to/D
                            (rising edge-triggered cell FDRE clocked by clk_fpga_0  {rise@0.000ns fall@16.500ns period=33.000ns})
  Path Group:             (none)
  Path Type:              Setup (Max at Slow Process Corner)
  Data Path Delay:        2.672ns  (logic 0.124ns (4.641%)  route 2.548ns (95.359%))
  Logic Levels:           1  (LUT1=1)
  Clock Uncertainty:      0.496ns  ((TSJ^2 + TIJ^2)^1/2 + DJ) / 2 + PE
    Total System Jitter     (TSJ):    0.050ns
    Total Input Jitter      (TIJ):    0.990ns
    Discrete Jitter          (DJ):    0.000ns
    Phase Error              (PE):    0.000ns
  Timing Exception:       False Path

    Location             Delay type                Incr(ns)  Path(ns)    Netlist Resource(s)
  -------------------------------------------------------------------    -------------------
    PS7_X0Y0             PS7                          0.000     0.000 f  design_1_i/processing_system7_0/inst/PS7_i/FCLKRESETN[0]
                         net (fo=1, routed)           1.988     1.988    design_1_i/rst_ps7_0_100M/U0/EXT_LPF/ACTIVE_LOW_EXT.ACT_LO_EXT/ext_reset_in
    SLICE_X50Y97         LUT1 (Prop_lut1_I0_O)        0.124     2.112 r  design_1_i/rst_ps7_0_100M/U0/EXT_LPF/ACTIVE_LOW_EXT.ACT_LO_EXT/GENERATE_LEVEL_P_S_CDC.SINGLE_BIT.CROSS_PLEVEL_IN2SCNDRY_IN_cdc_to_i_1/O
                         net (fo=1, routed)           0.560     2.672    design_1_i/rst_ps7_0_100M/U0/EXT_LPF/ACTIVE_LOW_EXT.ACT_LO_EXT/exr_d1
    SLICE_X51Y97         FDRE                                         r  design_1_i/rst_ps7_0_100M/U0/EXT_LPF/ACTIVE_LOW_EXT.ACT_LO_EXT/GENERATE_LEVEL_P_S_CDC.SINGLE_BIT.CROSS_PLEVEL_IN2SCNDRY_IN_cdc_to/D
  -------------------------------------------------------------------    -------------------

                         (clock clk_fpga_0 rise edge)
                                                      0.000     0.000 r  
    PS7_X0Y0             PS7                          0.000     0.000 r  design_1_i/processing_system7_0/inst/PS7_i/FCLKCLK[0]
                         net (fo=1, routed)           1.088     1.088    design_1_i/processing_system7_0/inst/FCLK_CLK_unbuffered[0]
    BUFGCTRL_X0Y16       BUFG (Prop_bufg_I_O)         0.091     1.179 r  design_1_i/processing_system7_0/inst/buffer_fclk_clk_0.FCLK_CLK_0_BUFG/O
                         net (fo=9550, routed)        1.467     2.646    design_1_i/rst_ps7_0_100M/U0/EXT_LPF/ACTIVE_LOW_EXT.ACT_LO_EXT/slowest_sync_clk
    SLICE_X51Y97         FDRE                                         r  design_1_i/rst_ps7_0_100M/U0/EXT_LPF/ACTIVE_LOW_EXT.ACT_LO_EXT/GENERATE_LEVEL_P_S_CDC.SINGLE_BIT.CROSS_PLEVEL_IN2SCNDRY_IN_cdc_to/C





Min Delay Paths
--------------------------------------------------------------------------------------
Slack:                    inf
  Source:                 design_1_i/processing_system7_0/inst/PS7_i/FCLKRESETN[0]
                            (internal pin)
  Destination:            design_1_i/rst_ps7_0_100M/U0/EXT_LPF/ACTIVE_LOW_EXT.ACT_LO_EXT/GENERATE_LEVEL_P_S_CDC.SINGLE_BIT.CROSS_PLEVEL_IN2SCNDRY_IN_cdc_to/D
                            (rising edge-triggered cell FDRE clocked by clk_fpga_0  {rise@0.000ns fall@16.500ns period=33.000ns})
  Path Group:             (none)
  Path Type:              Hold (Min at Fast Process Corner)
  Data Path Delay:        1.040ns  (logic 0.045ns (4.328%)  route 0.995ns (95.672%))
  Logic Levels:           1  (LUT1=1)
  Clock Uncertainty:      0.496ns  ((TSJ^2 + TIJ^2)^1/2 + DJ) / 2 + PE
    Total System Jitter     (TSJ):    0.050ns
    Total Input Jitter      (TIJ):    0.990ns
    Discrete Jitter          (DJ):    0.000ns
    Phase Error              (PE):    0.000ns
  Timing Exception:       False Path

    Location             Delay type                Incr(ns)  Path(ns)    Netlist Resource(s)
  -------------------------------------------------------------------    -------------------
    PS7_X0Y0             PS7                          0.000     0.000 f  design_1_i/processing_system7_0/inst/PS7_i/FCLKRESETN[0]
                         net (fo=1, routed)           0.803     0.803    design_1_i/rst_ps7_0_100M/U0/EXT_LPF/ACTIVE_LOW_EXT.ACT_LO_EXT/ext_reset_in
    SLICE_X50Y97         LUT1 (Prop_lut1_I0_O)        0.045     0.848 r  design_1_i/rst_ps7_0_100M/U0/EXT_LPF/ACTIVE_LOW_EXT.ACT_LO_EXT/GENERATE_LEVEL_P_S_CDC.SINGLE_BIT.CROSS_PLEVEL_IN2SCNDRY_IN_cdc_to_i_1/O
                         net (fo=1, routed)           0.192     1.040    design_1_i/rst_ps7_0_100M/U0/EXT_LPF/ACTIVE_LOW_EXT.ACT_LO_EXT/exr_d1
    SLICE_X51Y97         FDRE                                         r  design_1_i/rst_ps7_0_100M/U0/EXT_LPF/ACTIVE_LOW_EXT.ACT_LO_EXT/GENERATE_LEVEL_P_S_CDC.SINGLE_BIT.CROSS_PLEVEL_IN2SCNDRY_IN_cdc_to/D
  -------------------------------------------------------------------    -------------------

                         (clock clk_fpga_0 rise edge)
                                                      0.000     0.000 r  
    PS7_X0Y0             PS7                          0.000     0.000 r  design_1_i/processing_system7_0/inst/PS7_i/FCLKCLK[0]
                         net (fo=1, routed)           0.337     0.337    design_1_i/processing_system7_0/inst/FCLK_CLK_unbuffered[0]
    BUFGCTRL_X0Y16       BUFG (Prop_bufg_I_O)         0.029     0.366 r  design_1_i/processing_system7_0/inst/buffer_fclk_clk_0.FCLK_CLK_0_BUFG/O
                         net (fo=9550, routed)        0.821     1.187    design_1_i/rst_ps7_0_100M/U0/EXT_LPF/ACTIVE_LOW_EXT.ACT_LO_EXT/slowest_sync_clk
    SLICE_X51Y97         FDRE                                         r  design_1_i/rst_ps7_0_100M/U0/EXT_LPF/ACTIVE_LOW_EXT.ACT_LO_EXT/GENERATE_LEVEL_P_S_CDC.SINGLE_BIT.CROSS_PLEVEL_IN2SCNDRY_IN_cdc_to/C





--------------------------------------------------------------------------------------
Path Group:  (none)
From Clock:  clk_fpga_0
  To Clock:  clk_fpga_0

Max Delay            84 Endpoints
Min Delay            84 Endpoints
--------------------------------------------------------------------------------------


Max Delay Paths
--------------------------------------------------------------------------------------
Slack:                    inf
  Source:                 design_1_i/axi_smc/inst/clk_map/psr_aclk/U0/ACTIVE_LOW_BSR_OUT_DFF[0].FDRE_BSR_N/C
                            (rising edge-triggered cell FDRE clocked by clk_fpga_0  {rise@0.000ns fall@16.500ns period=33.000ns})
  Destination:            <hidden>
                            (recovery check against rising-edge clock clk_fpga_0  {rise@0.000ns fall@16.500ns period=33.000ns})
  Path Group:             (none)
  Path Type:              Recovery (Max at Slow Process Corner)
  Data Path Delay:        3.665ns  (logic 0.674ns (18.391%)  route 2.991ns (81.609%))
  Logic Levels:           1  (LUT1=1)
  Clock Path Skew:        -0.291ns (DCD - SCD + CPR)
    Destination Clock Delay (DCD):    2.834ns
    Source Clock Delay      (SCD):    3.125ns
    Clock Pessimism Removal (CPR):    0.000ns
  Clock Uncertainty:      0.496ns  ((TSJ^2 + TIJ^2)^1/2 + DJ) / 2 + PE
    Total System Jitter     (TSJ):    0.071ns
    Total Input Jitter      (TIJ):    0.990ns
    Discrete Jitter          (DJ):    0.000ns
    Phase Error              (PE):    0.000ns
  Timing Exception:       False Path

    Location             Delay type                Incr(ns)  Path(ns)    Netlist Resource(s)
  -------------------------------------------------------------------    -------------------
                         (clock clk_fpga_0 rise edge)
                                                      0.000     0.000 r  
    PS7_X0Y0             PS7                          0.000     0.000 r  design_1_i/processing_system7_0/inst/PS7_i/FCLKCLK[0]
                         net (fo=1, routed)           1.193     1.193    design_1_i/processing_system7_0/inst/FCLK_CLK_unbuffered[0]
    BUFGCTRL_X0Y16       BUFG (Prop_bufg_I_O)         0.101     1.294 r  design_1_i/processing_system7_0/inst/buffer_fclk_clk_0.FCLK_CLK_0_BUFG/O
                         net (fo=9550, routed)        1.831     3.125    design_1_i/axi_smc/inst/clk_map/psr_aclk/U0/aclk
    SLICE_X50Y104        FDRE                                         r  design_1_i/axi_smc/inst/clk_map/psr_aclk/U0/ACTIVE_LOW_BSR_OUT_DFF[0].FDRE_BSR_N/C
  -------------------------------------------------------------------    -------------------
    SLICE_X50Y104        FDRE (Prop_fdre_C_Q)         0.518     3.643 r  design_1_i/axi_smc/inst/clk_map/psr_aclk/U0/ACTIVE_LOW_BSR_OUT_DFF[0].FDRE_BSR_N/Q
                         net (fo=25, routed)          2.343     5.986    <hidden>
    SLICE_X34Y102        LUT1 (Prop_lut1_I0_O)        0.156     6.142 f  <hidden>
                         net (fo=3, routed)           0.648     6.790    <hidden>
    SLICE_X34Y102        FDCE                                         f  <hidden>
  -------------------------------------------------------------------    -------------------

                         (clock clk_fpga_0 rise edge)
                                                      0.000     0.000 r  
    PS7_X0Y0             PS7                          0.000     0.000 r  design_1_i/processing_system7_0/inst/PS7_i/FCLKCLK[0]
                         net (fo=1, routed)           1.088     1.088    design_1_i/processing_system7_0/inst/FCLK_CLK_unbuffered[0]
    BUFGCTRL_X0Y16       BUFG (Prop_bufg_I_O)         0.091     1.179 r  design_1_i/processing_system7_0/inst/buffer_fclk_clk_0.FCLK_CLK_0_BUFG/O
                         net (fo=9550, routed)        1.655     2.834    <hidden>
    SLICE_X34Y102        FDCE                                         r  <hidden>

Slack:                    inf
  Source:                 design_1_i/axi_smc/inst/clk_map/psr_aclk/U0/ACTIVE_LOW_BSR_OUT_DFF[0].FDRE_BSR_N/C
                            (rising edge-triggered cell FDRE clocked by clk_fpga_0  {rise@0.000ns fall@16.500ns period=33.000ns})
  Destination:            <hidden>
                            (recovery check against rising-edge clock clk_fpga_0  {rise@0.000ns fall@16.500ns period=33.000ns})
  Path Group:             (none)
  Path Type:              Recovery (Max at Slow Process Corner)
  Data Path Delay:        3.665ns  (logic 0.674ns (18.391%)  route 2.991ns (81.609%))
  Logic Levels:           1  (LUT1=1)
  Clock Path Skew:        -0.291ns (DCD - SCD + CPR)
    Destination Clock Delay (DCD):    2.834ns
    Source Clock Delay      (SCD):    3.125ns
    Clock Pessimism Removal (CPR):    0.000ns
  Clock Uncertainty:      0.496ns  ((TSJ^2 + TIJ^2)^1/2 + DJ) / 2 + PE
    Total System Jitter     (TSJ):    0.071ns
    Total Input Jitter      (TIJ):    0.990ns
    Discrete Jitter          (DJ):    0.000ns
    Phase Error              (PE):    0.000ns
  Timing Exception:       False Path

    Location             Delay type                Incr(ns)  Path(ns)    Netlist Resource(s)
  -------------------------------------------------------------------    -------------------
                         (clock clk_fpga_0 rise edge)
                                                      0.000     0.000 r  
    PS7_X0Y0             PS7                          0.000     0.000 r  design_1_i/processing_system7_0/inst/PS7_i/FCLKCLK[0]
                         net (fo=1, routed)           1.193     1.193    design_1_i/processing_system7_0/inst/FCLK_CLK_unbuffered[0]
    BUFGCTRL_X0Y16       BUFG (Prop_bufg_I_O)         0.101     1.294 r  design_1_i/processing_system7_0/inst/buffer_fclk_clk_0.FCLK_CLK_0_BUFG/O
                         net (fo=9550, routed)        1.831     3.125    design_1_i/axi_smc/inst/clk_map/psr_aclk/U0/aclk
    SLICE_X50Y104        FDRE                                         r  design_1_i/axi_smc/inst/clk_map/psr_aclk/U0/ACTIVE_LOW_BSR_OUT_DFF[0].FDRE_BSR_N/C
  -------------------------------------------------------------------    -------------------
    SLICE_X50Y104        FDRE (Prop_fdre_C_Q)         0.518     3.643 r  design_1_i/axi_smc/inst/clk_map/psr_aclk/U0/ACTIVE_LOW_BSR_OUT_DFF[0].FDRE_BSR_N/Q
                         net (fo=25, routed)          2.343     5.986    <hidden>
    SLICE_X34Y102        LUT1 (Prop_lut1_I0_O)        0.156     6.142 f  <hidden>
                         net (fo=3, routed)           0.648     6.790    <hidden>
    SLICE_X34Y102        FDCE                                         f  <hidden>
  -------------------------------------------------------------------    -------------------

                         (clock clk_fpga_0 rise edge)
                                                      0.000     0.000 r  
    PS7_X0Y0             PS7                          0.000     0.000 r  design_1_i/processing_system7_0/inst/PS7_i/FCLKCLK[0]
                         net (fo=1, routed)           1.088     1.088    design_1_i/processing_system7_0/inst/FCLK_CLK_unbuffered[0]
    BUFGCTRL_X0Y16       BUFG (Prop_bufg_I_O)         0.091     1.179 r  design_1_i/processing_system7_0/inst/buffer_fclk_clk_0.FCLK_CLK_0_BUFG/O
                         net (fo=9550, routed)        1.655     2.834    <hidden>
    SLICE_X34Y102        FDCE                                         r  <hidden>

Slack:                    inf
  Source:                 design_1_i/axi_smc/inst/clk_map/psr_aclk/U0/ACTIVE_LOW_BSR_OUT_DFF[0].FDRE_BSR_N/C
                            (rising edge-triggered cell FDRE clocked by clk_fpga_0  {rise@0.000ns fall@16.500ns period=33.000ns})
  Destination:            <hidden>
                            (recovery check against rising-edge clock clk_fpga_0  {rise@0.000ns fall@16.500ns period=33.000ns})
  Path Group:             (none)
  Path Type:              Recovery (Max at Slow Process Corner)
  Data Path Delay:        3.665ns  (logic 0.674ns (18.391%)  route 2.991ns (81.609%))
  Logic Levels:           1  (LUT1=1)
  Clock Path Skew:        -0.291ns (DCD - SCD + CPR)
    Destination Clock Delay (DCD):    2.834ns
    Source Clock Delay      (SCD):    3.125ns
    Clock Pessimism Removal (CPR):    0.000ns
  Clock Uncertainty:      0.496ns  ((TSJ^2 + TIJ^2)^1/2 + DJ) / 2 + PE
    Total System Jitter     (TSJ):    0.071ns
    Total Input Jitter      (TIJ):    0.990ns
    Discrete Jitter          (DJ):    0.000ns
    Phase Error              (PE):    0.000ns
  Timing Exception:       False Path

    Location             Delay type                Incr(ns)  Path(ns)    Netlist Resource(s)
  -------------------------------------------------------------------    -------------------
                         (clock clk_fpga_0 rise edge)
                                                      0.000     0.000 r  
    PS7_X0Y0             PS7                          0.000     0.000 r  design_1_i/processing_system7_0/inst/PS7_i/FCLKCLK[0]
                         net (fo=1, routed)           1.193     1.193    design_1_i/processing_system7_0/inst/FCLK_CLK_unbuffered[0]
    BUFGCTRL_X0Y16       BUFG (Prop_bufg_I_O)         0.101     1.294 r  design_1_i/processing_system7_0/inst/buffer_fclk_clk_0.FCLK_CLK_0_BUFG/O
                         net (fo=9550, routed)        1.831     3.125    design_1_i/axi_smc/inst/clk_map/psr_aclk/U0/aclk
    SLICE_X50Y104        FDRE                                         r  design_1_i/axi_smc/inst/clk_map/psr_aclk/U0/ACTIVE_LOW_BSR_OUT_DFF[0].FDRE_BSR_N/C
  -------------------------------------------------------------------    -------------------
    SLICE_X50Y104        FDRE (Prop_fdre_C_Q)         0.518     3.643 r  design_1_i/axi_smc/inst/clk_map/psr_aclk/U0/ACTIVE_LOW_BSR_OUT_DFF[0].FDRE_BSR_N/Q
                         net (fo=25, routed)          2.343     5.986    <hidden>
    SLICE_X34Y102        LUT1 (Prop_lut1_I0_O)        0.156     6.142 f  <hidden>
                         net (fo=3, routed)           0.648     6.790    <hidden>
    SLICE_X34Y102        FDCE                                         f  <hidden>
  -------------------------------------------------------------------    -------------------

                         (clock clk_fpga_0 rise edge)
                                                      0.000     0.000 r  
    PS7_X0Y0             PS7                          0.000     0.000 r  design_1_i/processing_system7_0/inst/PS7_i/FCLKCLK[0]
                         net (fo=1, routed)           1.088     1.088    design_1_i/processing_system7_0/inst/FCLK_CLK_unbuffered[0]
    BUFGCTRL_X0Y16       BUFG (Prop_bufg_I_O)         0.091     1.179 r  design_1_i/processing_system7_0/inst/buffer_fclk_clk_0.FCLK_CLK_0_BUFG/O
                         net (fo=9550, routed)        1.655     2.834    <hidden>
    SLICE_X34Y102        FDCE                                         r  <hidden>

Slack:                    inf
  Source:                 design_1_i/rst_ps7_0_100M/U0/ACTIVE_LOW_PR_OUT_DFF[0].FDRE_PER_N/C
                            (rising edge-triggered cell FDRE clocked by clk_fpga_0  {rise@0.000ns fall@16.500ns period=33.000ns})
  Destination:            <hidden>
                            (recovery check against rising-edge clock clk_fpga_0  {rise@0.000ns fall@16.500ns period=33.000ns})
  Path Group:             (none)
  Path Type:              Recovery (Max at Slow Process Corner)
  Data Path Delay:        3.824ns  (logic 0.580ns (15.169%)  route 3.244ns (84.831%))
  Logic Levels:           1  (LUT1=1)
  Clock Path Skew:        -0.300ns (DCD - SCD + CPR)
    Destination Clock Delay (DCD):    2.644ns
    Source Clock Delay      (SCD):    2.944ns
    Clock Pessimism Removal (CPR):    0.000ns
  Clock Uncertainty:      0.496ns  ((TSJ^2 + TIJ^2)^1/2 + DJ) / 2 + PE
    Total System Jitter     (TSJ):    0.071ns
    Total Input Jitter      (TIJ):    0.990ns
    Discrete Jitter          (DJ):    0.000ns
    Phase Error              (PE):    0.000ns
  Timing Exception:       False Path

    Location             Delay type                Incr(ns)  Path(ns)    Netlist Resource(s)
  -------------------------------------------------------------------    -------------------
                         (clock clk_fpga_0 rise edge)
                                                      0.000     0.000 r  
    PS7_X0Y0             PS7                          0.000     0.000 r  design_1_i/processing_system7_0/inst/PS7_i/FCLKCLK[0]
                         net (fo=1, routed)           1.193     1.193    design_1_i/processing_system7_0/inst/FCLK_CLK_unbuffered[0]
    BUFGCTRL_X0Y16       BUFG (Prop_bufg_I_O)         0.101     1.294 r  design_1_i/processing_system7_0/inst/buffer_fclk_clk_0.FCLK_CLK_0_BUFG/O
                         net (fo=9550, routed)        1.650     2.944    design_1_i/rst_ps7_0_100M/U0/slowest_sync_clk
    SLICE_X39Y90         FDRE                                         r  design_1_i/rst_ps7_0_100M/U0/ACTIVE_LOW_PR_OUT_DFF[0].FDRE_PER_N/C
  -------------------------------------------------------------------    -------------------
    SLICE_X39Y90         FDRE (Prop_fdre_C_Q)         0.456     3.400 r  design_1_i/rst_ps7_0_100M/U0/ACTIVE_LOW_PR_OUT_DFF[0].FDRE_PER_N/Q
                         net (fo=19, routed)          2.484     5.884    design_1_i/axi_mem_intercon/s00_couplers/auto_pc/inst/gen_axi4_axi3.axi3_conv_inst/USE_READ.USE_SPLIT_R.read_addr_inst/USE_R_CHANNEL.cmd_queue/inst/aresetn
    SLICE_X30Y74         LUT1 (Prop_lut1_I0_O)        0.124     6.008 f  design_1_i/axi_mem_intercon/s00_couplers/auto_pc/inst/gen_axi4_axi3.axi3_conv_inst/USE_READ.USE_SPLIT_R.read_addr_inst/USE_R_CHANNEL.cmd_queue/inst/S_AXI_ASIZE_Q[2]_i_1/O
                         net (fo=44, routed)          0.760     6.768    <hidden>
    SLICE_X35Y73         FDPE                                         f  <hidden>
  -------------------------------------------------------------------    -------------------

                         (clock clk_fpga_0 rise edge)
                                                      0.000     0.000 r  
    PS7_X0Y0             PS7                          0.000     0.000 r  design_1_i/processing_system7_0/inst/PS7_i/FCLKCLK[0]
                         net (fo=1, routed)           1.088     1.088    design_1_i/processing_system7_0/inst/FCLK_CLK_unbuffered[0]
    BUFGCTRL_X0Y16       BUFG (Prop_bufg_I_O)         0.091     1.179 r  design_1_i/processing_system7_0/inst/buffer_fclk_clk_0.FCLK_CLK_0_BUFG/O
                         net (fo=9550, routed)        1.465     2.644    <hidden>
    SLICE_X35Y73         FDPE                                         r  <hidden>

Slack:                    inf
  Source:                 design_1_i/rst_ps7_0_100M/U0/ACTIVE_LOW_PR_OUT_DFF[0].FDRE_PER_N/C
                            (rising edge-triggered cell FDRE clocked by clk_fpga_0  {rise@0.000ns fall@16.500ns period=33.000ns})
  Destination:            <hidden>
                            (recovery check against rising-edge clock clk_fpga_0  {rise@0.000ns fall@16.500ns period=33.000ns})
  Path Group:             (none)
  Path Type:              Recovery (Max at Slow Process Corner)
  Data Path Delay:        3.824ns  (logic 0.580ns (15.169%)  route 3.244ns (84.831%))
  Logic Levels:           1  (LUT1=1)
  Clock Path Skew:        -0.300ns (DCD - SCD + CPR)
    Destination Clock Delay (DCD):    2.644ns
    Source Clock Delay      (SCD):    2.944ns
    Clock Pessimism Removal (CPR):    0.000ns
  Clock Uncertainty:      0.496ns  ((TSJ^2 + TIJ^2)^1/2 + DJ) / 2 + PE
    Total System Jitter     (TSJ):    0.071ns
    Total Input Jitter      (TIJ):    0.990ns
    Discrete Jitter          (DJ):    0.000ns
    Phase Error              (PE):    0.000ns
  Timing Exception:       False Path

    Location             Delay type                Incr(ns)  Path(ns)    Netlist Resource(s)
  -------------------------------------------------------------------    -------------------
                         (clock clk_fpga_0 rise edge)
                                                      0.000     0.000 r  
    PS7_X0Y0             PS7                          0.000     0.000 r  design_1_i/processing_system7_0/inst/PS7_i/FCLKCLK[0]
                         net (fo=1, routed)           1.193     1.193    design_1_i/processing_system7_0/inst/FCLK_CLK_unbuffered[0]
    BUFGCTRL_X0Y16       BUFG (Prop_bufg_I_O)         0.101     1.294 r  design_1_i/processing_system7_0/inst/buffer_fclk_clk_0.FCLK_CLK_0_BUFG/O
                         net (fo=9550, routed)        1.650     2.944    design_1_i/rst_ps7_0_100M/U0/slowest_sync_clk
    SLICE_X39Y90         FDRE                                         r  design_1_i/rst_ps7_0_100M/U0/ACTIVE_LOW_PR_OUT_DFF[0].FDRE_PER_N/C
  -------------------------------------------------------------------    -------------------
    SLICE_X39Y90         FDRE (Prop_fdre_C_Q)         0.456     3.400 r  design_1_i/rst_ps7_0_100M/U0/ACTIVE_LOW_PR_OUT_DFF[0].FDRE_PER_N/Q
                         net (fo=19, routed)          2.484     5.884    design_1_i/axi_mem_intercon/s00_couplers/auto_pc/inst/gen_axi4_axi3.axi3_conv_inst/USE_READ.USE_SPLIT_R.read_addr_inst/USE_R_CHANNEL.cmd_queue/inst/aresetn
    SLICE_X30Y74         LUT1 (Prop_lut1_I0_O)        0.124     6.008 f  design_1_i/axi_mem_intercon/s00_couplers/auto_pc/inst/gen_axi4_axi3.axi3_conv_inst/USE_READ.USE_SPLIT_R.read_addr_inst/USE_R_CHANNEL.cmd_queue/inst/S_AXI_ASIZE_Q[2]_i_1/O
                         net (fo=44, routed)          0.760     6.768    <hidden>
    SLICE_X35Y73         FDPE                                         f  <hidden>
  -------------------------------------------------------------------    -------------------

                         (clock clk_fpga_0 rise edge)
                                                      0.000     0.000 r  
    PS7_X0Y0             PS7                          0.000     0.000 r  design_1_i/processing_system7_0/inst/PS7_i/FCLKCLK[0]
                         net (fo=1, routed)           1.088     1.088    design_1_i/processing_system7_0/inst/FCLK_CLK_unbuffered[0]
    BUFGCTRL_X0Y16       BUFG (Prop_bufg_I_O)         0.091     1.179 r  design_1_i/processing_system7_0/inst/buffer_fclk_clk_0.FCLK_CLK_0_BUFG/O
                         net (fo=9550, routed)        1.465     2.644    <hidden>
    SLICE_X35Y73         FDPE                                         r  <hidden>

Slack:                    inf
  Source:                 design_1_i/axi_smc/inst/clk_map/psr_aclk/U0/ACTIVE_LOW_BSR_OUT_DFF[0].FDRE_BSR_N/C
                            (rising edge-triggered cell FDRE clocked by clk_fpga_0  {rise@0.000ns fall@16.500ns period=33.000ns})
  Destination:            <hidden>
                            (recovery check against rising-edge clock clk_fpga_0  {rise@0.000ns fall@16.500ns period=33.000ns})
  Path Group:             (none)
  Path Type:              Recovery (Max at Slow Process Corner)
  Data Path Delay:        3.513ns  (logic 0.642ns (18.276%)  route 2.871ns (81.724%))
  Logic Levels:           1  (LUT1=1)
  Clock Path Skew:        -0.291ns (DCD - SCD + CPR)
    Destination Clock Delay (DCD):    2.834ns
    Source Clock Delay      (SCD):    3.125ns
    Clock Pessimism Removal (CPR):    0.000ns
  Clock Uncertainty:      0.496ns  ((TSJ^2 + TIJ^2)^1/2 + DJ) / 2 + PE
    Total System Jitter     (TSJ):    0.071ns
    Total Input Jitter      (TIJ):    0.990ns
    Discrete Jitter          (DJ):    0.000ns
    Phase Error              (PE):    0.000ns
  Timing Exception:       False Path

    Location             Delay type                Incr(ns)  Path(ns)    Netlist Resource(s)
  -------------------------------------------------------------------    -------------------
                         (clock clk_fpga_0 rise edge)
                                                      0.000     0.000 r  
    PS7_X0Y0             PS7                          0.000     0.000 r  design_1_i/processing_system7_0/inst/PS7_i/FCLKCLK[0]
                         net (fo=1, routed)           1.193     1.193    design_1_i/processing_system7_0/inst/FCLK_CLK_unbuffered[0]
    BUFGCTRL_X0Y16       BUFG (Prop_bufg_I_O)         0.101     1.294 r  design_1_i/processing_system7_0/inst/buffer_fclk_clk_0.FCLK_CLK_0_BUFG/O
                         net (fo=9550, routed)        1.831     3.125    design_1_i/axi_smc/inst/clk_map/psr_aclk/U0/aclk
    SLICE_X50Y104        FDRE                                         r  design_1_i/axi_smc/inst/clk_map/psr_aclk/U0/ACTIVE_LOW_BSR_OUT_DFF[0].FDRE_BSR_N/C
  -------------------------------------------------------------------    -------------------
    SLICE_X50Y104        FDRE (Prop_fdre_C_Q)         0.518     3.643 r  design_1_i/axi_smc/inst/clk_map/psr_aclk/U0/ACTIVE_LOW_BSR_OUT_DFF[0].FDRE_BSR_N/Q
                         net (fo=25, routed)          2.343     5.986    <hidden>
    SLICE_X34Y102        LUT1 (Prop_lut1_I0_O)        0.124     6.110 f  <hidden>
                         net (fo=3, routed)           0.528     6.638    <hidden>
    SLICE_X34Y101        FDCE                                         f  <hidden>
  -------------------------------------------------------------------    -------------------

                         (clock clk_fpga_0 rise edge)
                                                      0.000     0.000 r  
    PS7_X0Y0             PS7                          0.000     0.000 r  design_1_i/processing_system7_0/inst/PS7_i/FCLKCLK[0]
                         net (fo=1, routed)           1.088     1.088    design_1_i/processing_system7_0/inst/FCLK_CLK_unbuffered[0]
    BUFGCTRL_X0Y16       BUFG (Prop_bufg_I_O)         0.091     1.179 r  design_1_i/processing_system7_0/inst/buffer_fclk_clk_0.FCLK_CLK_0_BUFG/O
                         net (fo=9550, routed)        1.655     2.834    <hidden>
    SLICE_X34Y101        FDCE                                         r  <hidden>

Slack:                    inf
  Source:                 design_1_i/axi_smc/inst/clk_map/psr_aclk/U0/ACTIVE_LOW_BSR_OUT_DFF[0].FDRE_BSR_N/C
                            (rising edge-triggered cell FDRE clocked by clk_fpga_0  {rise@0.000ns fall@16.500ns period=33.000ns})
  Destination:            <hidden>
                            (recovery check against rising-edge clock clk_fpga_0  {rise@0.000ns fall@16.500ns period=33.000ns})
  Path Group:             (none)
  Path Type:              Recovery (Max at Slow Process Corner)
  Data Path Delay:        3.513ns  (logic 0.642ns (18.276%)  route 2.871ns (81.724%))
  Logic Levels:           1  (LUT1=1)
  Clock Path Skew:        -0.291ns (DCD - SCD + CPR)
    Destination Clock Delay (DCD):    2.834ns
    Source Clock Delay      (SCD):    3.125ns
    Clock Pessimism Removal (CPR):    0.000ns
  Clock Uncertainty:      0.496ns  ((TSJ^2 + TIJ^2)^1/2 + DJ) / 2 + PE
    Total System Jitter     (TSJ):    0.071ns
    Total Input Jitter      (TIJ):    0.990ns
    Discrete Jitter          (DJ):    0.000ns
    Phase Error              (PE):    0.000ns
  Timing Exception:       False Path

    Location             Delay type                Incr(ns)  Path(ns)    Netlist Resource(s)
  -------------------------------------------------------------------    -------------------
                         (clock clk_fpga_0 rise edge)
                                                      0.000     0.000 r  
    PS7_X0Y0             PS7                          0.000     0.000 r  design_1_i/processing_system7_0/inst/PS7_i/FCLKCLK[0]
                         net (fo=1, routed)           1.193     1.193    design_1_i/processing_system7_0/inst/FCLK_CLK_unbuffered[0]
    BUFGCTRL_X0Y16       BUFG (Prop_bufg_I_O)         0.101     1.294 r  design_1_i/processing_system7_0/inst/buffer_fclk_clk_0.FCLK_CLK_0_BUFG/O
                         net (fo=9550, routed)        1.831     3.125    design_1_i/axi_smc/inst/clk_map/psr_aclk/U0/aclk
    SLICE_X50Y104        FDRE                                         r  design_1_i/axi_smc/inst/clk_map/psr_aclk/U0/ACTIVE_LOW_BSR_OUT_DFF[0].FDRE_BSR_N/C
  -------------------------------------------------------------------    -------------------
    SLICE_X50Y104        FDRE (Prop_fdre_C_Q)         0.518     3.643 r  design_1_i/axi_smc/inst/clk_map/psr_aclk/U0/ACTIVE_LOW_BSR_OUT_DFF[0].FDRE_BSR_N/Q
                         net (fo=25, routed)          2.343     5.986    <hidden>
    SLICE_X34Y102        LUT1 (Prop_lut1_I0_O)        0.124     6.110 f  <hidden>
                         net (fo=3, routed)           0.528     6.638    <hidden>
    SLICE_X34Y101        FDCE                                         f  <hidden>
  -------------------------------------------------------------------    -------------------

                         (clock clk_fpga_0 rise edge)
                                                      0.000     0.000 r  
    PS7_X0Y0             PS7                          0.000     0.000 r  design_1_i/processing_system7_0/inst/PS7_i/FCLKCLK[0]
                         net (fo=1, routed)           1.088     1.088    design_1_i/processing_system7_0/inst/FCLK_CLK_unbuffered[0]
    BUFGCTRL_X0Y16       BUFG (Prop_bufg_I_O)         0.091     1.179 r  design_1_i/processing_system7_0/inst/buffer_fclk_clk_0.FCLK_CLK_0_BUFG/O
                         net (fo=9550, routed)        1.655     2.834    <hidden>
    SLICE_X34Y101        FDCE                                         r  <hidden>

Slack:                    inf
  Source:                 design_1_i/axi_smc/inst/clk_map/psr_aclk/U0/ACTIVE_LOW_BSR_OUT_DFF[0].FDRE_BSR_N/C
                            (rising edge-triggered cell FDRE clocked by clk_fpga_0  {rise@0.000ns fall@16.500ns period=33.000ns})
  Destination:            <hidden>
                            (recovery check against rising-edge clock clk_fpga_0  {rise@0.000ns fall@16.500ns period=33.000ns})
  Path Group:             (none)
  Path Type:              Recovery (Max at Slow Process Corner)
  Data Path Delay:        3.513ns  (logic 0.642ns (18.276%)  route 2.871ns (81.724%))
  Logic Levels:           1  (LUT1=1)
  Clock Path Skew:        -0.291ns (DCD - SCD + CPR)
    Destination Clock Delay (DCD):    2.834ns
    Source Clock Delay      (SCD):    3.125ns
    Clock Pessimism Removal (CPR):    0.000ns
  Clock Uncertainty:      0.496ns  ((TSJ^2 + TIJ^2)^1/2 + DJ) / 2 + PE
    Total System Jitter     (TSJ):    0.071ns
    Total Input Jitter      (TIJ):    0.990ns
    Discrete Jitter          (DJ):    0.000ns
    Phase Error              (PE):    0.000ns
  Timing Exception:       False Path

    Location             Delay type                Incr(ns)  Path(ns)    Netlist Resource(s)
  -------------------------------------------------------------------    -------------------
                         (clock clk_fpga_0 rise edge)
                                                      0.000     0.000 r  
    PS7_X0Y0             PS7                          0.000     0.000 r  design_1_i/processing_system7_0/inst/PS7_i/FCLKCLK[0]
                         net (fo=1, routed)           1.193     1.193    design_1_i/processing_system7_0/inst/FCLK_CLK_unbuffered[0]
    BUFGCTRL_X0Y16       BUFG (Prop_bufg_I_O)         0.101     1.294 r  design_1_i/processing_system7_0/inst/buffer_fclk_clk_0.FCLK_CLK_0_BUFG/O
                         net (fo=9550, routed)        1.831     3.125    design_1_i/axi_smc/inst/clk_map/psr_aclk/U0/aclk
    SLICE_X50Y104        FDRE                                         r  design_1_i/axi_smc/inst/clk_map/psr_aclk/U0/ACTIVE_LOW_BSR_OUT_DFF[0].FDRE_BSR_N/C
  -------------------------------------------------------------------    -------------------
    SLICE_X50Y104        FDRE (Prop_fdre_C_Q)         0.518     3.643 r  design_1_i/axi_smc/inst/clk_map/psr_aclk/U0/ACTIVE_LOW_BSR_OUT_DFF[0].FDRE_BSR_N/Q
                         net (fo=25, routed)          2.343     5.986    <hidden>
    SLICE_X34Y102        LUT1 (Prop_lut1_I0_O)        0.124     6.110 f  <hidden>
                         net (fo=3, routed)           0.528     6.638    <hidden>
    SLICE_X34Y101        FDCE                                         f  <hidden>
  -------------------------------------------------------------------    -------------------

                         (clock clk_fpga_0 rise edge)
                                                      0.000     0.000 r  
    PS7_X0Y0             PS7                          0.000     0.000 r  design_1_i/processing_system7_0/inst/PS7_i/FCLKCLK[0]
                         net (fo=1, routed)           1.088     1.088    design_1_i/processing_system7_0/inst/FCLK_CLK_unbuffered[0]
    BUFGCTRL_X0Y16       BUFG (Prop_bufg_I_O)         0.091     1.179 r  design_1_i/processing_system7_0/inst/buffer_fclk_clk_0.FCLK_CLK_0_BUFG/O
                         net (fo=9550, routed)        1.655     2.834    <hidden>
    SLICE_X34Y101        FDCE                                         r  <hidden>

Slack:                    inf
  Source:                 design_1_i/axi_smc/inst/clk_map/psr_aclk/U0/ACTIVE_LOW_BSR_OUT_DFF[0].FDRE_BSR_N/C
                            (rising edge-triggered cell FDRE clocked by clk_fpga_0  {rise@0.000ns fall@16.500ns period=33.000ns})
  Destination:            <hidden>
                            (recovery check against rising-edge clock clk_fpga_0  {rise@0.000ns fall@16.500ns period=33.000ns})
  Path Group:             (none)
  Path Type:              Recovery (Max at Slow Process Corner)
  Data Path Delay:        3.391ns  (logic 0.642ns (18.932%)  route 2.749ns (81.068%))
  Logic Levels:           1  (LUT1=1)
  Clock Path Skew:        -0.294ns (DCD - SCD + CPR)
    Destination Clock Delay (DCD):    2.831ns
    Source Clock Delay      (SCD):    3.125ns
    Clock Pessimism Removal (CPR):    0.000ns
  Clock Uncertainty:      0.496ns  ((TSJ^2 + TIJ^2)^1/2 + DJ) / 2 + PE
    Total System Jitter     (TSJ):    0.071ns
    Total Input Jitter      (TIJ):    0.990ns
    Discrete Jitter          (DJ):    0.000ns
    Phase Error              (PE):    0.000ns
  Timing Exception:       False Path

    Location             Delay type                Incr(ns)  Path(ns)    Netlist Resource(s)
  -------------------------------------------------------------------    -------------------
                         (clock clk_fpga_0 rise edge)
                                                      0.000     0.000 r  
    PS7_X0Y0             PS7                          0.000     0.000 r  design_1_i/processing_system7_0/inst/PS7_i/FCLKCLK[0]
                         net (fo=1, routed)           1.193     1.193    design_1_i/processing_system7_0/inst/FCLK_CLK_unbuffered[0]
    BUFGCTRL_X0Y16       BUFG (Prop_bufg_I_O)         0.101     1.294 r  design_1_i/processing_system7_0/inst/buffer_fclk_clk_0.FCLK_CLK_0_BUFG/O
                         net (fo=9550, routed)        1.831     3.125    design_1_i/axi_smc/inst/clk_map/psr_aclk/U0/aclk
    SLICE_X50Y104        FDRE                                         r  design_1_i/axi_smc/inst/clk_map/psr_aclk/U0/ACTIVE_LOW_BSR_OUT_DFF[0].FDRE_BSR_N/C
  -------------------------------------------------------------------    -------------------
    SLICE_X50Y104        FDRE (Prop_fdre_C_Q)         0.518     3.643 r  design_1_i/axi_smc/inst/clk_map/psr_aclk/U0/ACTIVE_LOW_BSR_OUT_DFF[0].FDRE_BSR_N/Q
                         net (fo=25, routed)          2.127     5.770    <hidden>
    SLICE_X33Y108        LUT1 (Prop_lut1_I0_O)        0.124     5.894 f  <hidden>
                         net (fo=3, routed)           0.622     6.516    <hidden>
    SLICE_X32Y108        FDCE                                         f  <hidden>
  -------------------------------------------------------------------    -------------------

                         (clock clk_fpga_0 rise edge)
                                                      0.000     0.000 r  
    PS7_X0Y0             PS7                          0.000     0.000 r  design_1_i/processing_system7_0/inst/PS7_i/FCLKCLK[0]
                         net (fo=1, routed)           1.088     1.088    design_1_i/processing_system7_0/inst/FCLK_CLK_unbuffered[0]
    BUFGCTRL_X0Y16       BUFG (Prop_bufg_I_O)         0.091     1.179 r  design_1_i/processing_system7_0/inst/buffer_fclk_clk_0.FCLK_CLK_0_BUFG/O
                         net (fo=9550, routed)        1.652     2.831    <hidden>
    SLICE_X32Y108        FDCE                                         r  <hidden>

Slack:                    inf
  Source:                 design_1_i/axi_smc/inst/clk_map/psr_aclk/U0/ACTIVE_LOW_BSR_OUT_DFF[0].FDRE_BSR_N/C
                            (rising edge-triggered cell FDRE clocked by clk_fpga_0  {rise@0.000ns fall@16.500ns period=33.000ns})
  Destination:            <hidden>
                            (recovery check against rising-edge clock clk_fpga_0  {rise@0.000ns fall@16.500ns period=33.000ns})
  Path Group:             (none)
  Path Type:              Recovery (Max at Slow Process Corner)
  Data Path Delay:        3.391ns  (logic 0.642ns (18.932%)  route 2.749ns (81.068%))
  Logic Levels:           1  (LUT1=1)
  Clock Path Skew:        -0.294ns (DCD - SCD + CPR)
    Destination Clock Delay (DCD):    2.831ns
    Source Clock Delay      (SCD):    3.125ns
    Clock Pessimism Removal (CPR):    0.000ns
  Clock Uncertainty:      0.496ns  ((TSJ^2 + TIJ^2)^1/2 + DJ) / 2 + PE
    Total System Jitter     (TSJ):    0.071ns
    Total Input Jitter      (TIJ):    0.990ns
    Discrete Jitter          (DJ):    0.000ns
    Phase Error              (PE):    0.000ns
  Timing Exception:       False Path

    Location             Delay type                Incr(ns)  Path(ns)    Netlist Resource(s)
  -------------------------------------------------------------------    -------------------
                         (clock clk_fpga_0 rise edge)
                                                      0.000     0.000 r  
    PS7_X0Y0             PS7                          0.000     0.000 r  design_1_i/processing_system7_0/inst/PS7_i/FCLKCLK[0]
                         net (fo=1, routed)           1.193     1.193    design_1_i/processing_system7_0/inst/FCLK_CLK_unbuffered[0]
    BUFGCTRL_X0Y16       BUFG (Prop_bufg_I_O)         0.101     1.294 r  design_1_i/processing_system7_0/inst/buffer_fclk_clk_0.FCLK_CLK_0_BUFG/O
                         net (fo=9550, routed)        1.831     3.125    design_1_i/axi_smc/inst/clk_map/psr_aclk/U0/aclk
    SLICE_X50Y104        FDRE                                         r  design_1_i/axi_smc/inst/clk_map/psr_aclk/U0/ACTIVE_LOW_BSR_OUT_DFF[0].FDRE_BSR_N/C
  -------------------------------------------------------------------    -------------------
    SLICE_X50Y104        FDRE (Prop_fdre_C_Q)         0.518     3.643 r  design_1_i/axi_smc/inst/clk_map/psr_aclk/U0/ACTIVE_LOW_BSR_OUT_DFF[0].FDRE_BSR_N/Q
                         net (fo=25, routed)          2.127     5.770    <hidden>
    SLICE_X33Y108        LUT1 (Prop_lut1_I0_O)        0.124     5.894 f  <hidden>
                         net (fo=3, routed)           0.622     6.516    <hidden>
    SLICE_X32Y108        FDCE                                         f  <hidden>
  -------------------------------------------------------------------    -------------------

                         (clock clk_fpga_0 rise edge)
                                                      0.000     0.000 r  
    PS7_X0Y0             PS7                          0.000     0.000 r  design_1_i/processing_system7_0/inst/PS7_i/FCLKCLK[0]
                         net (fo=1, routed)           1.088     1.088    design_1_i/processing_system7_0/inst/FCLK_CLK_unbuffered[0]
    BUFGCTRL_X0Y16       BUFG (Prop_bufg_I_O)         0.091     1.179 r  design_1_i/processing_system7_0/inst/buffer_fclk_clk_0.FCLK_CLK_0_BUFG/O
                         net (fo=9550, routed)        1.652     2.831    <hidden>
    SLICE_X32Y108        FDCE                                         r  <hidden>





Min Delay Paths
--------------------------------------------------------------------------------------
Slack:                    inf
  Source:                 design_1_i/rst_ps7_0_100M/U0/ACTIVE_LOW_PR_OUT_DFF[0].FDRE_PER_N/C
                            (rising edge-triggered cell FDRE clocked by clk_fpga_0  {rise@0.000ns fall@16.500ns period=33.000ns})
  Destination:            design_1_i/axi_dma_0/U0/I_RST_MODULE/REG_HRD_RST/GENERATE_LEVEL_P_S_CDC.SINGLE_BIT.CROSS_PLEVEL_IN2SCNDRY_IN_cdc_to/D
                            (rising edge-triggered cell FDRE clocked by clk_fpga_0  {rise@0.000ns fall@16.500ns period=33.000ns})
  Path Group:             (none)
  Path Type:              Hold (Min at Fast Process Corner)
  Data Path Delay:        0.410ns  (logic 0.141ns (34.420%)  route 0.269ns (65.580%))
  Logic Levels:           0  
  Clock Path Skew:        0.299ns (DCD - SCD - CPR)
    Destination Clock Delay (DCD):    1.190ns
    Source Clock Delay      (SCD):    0.891ns
    Clock Pessimism Removal (CPR):    -0.000ns
  Clock Uncertainty:      0.496ns  ((TSJ^2 + TIJ^2)^1/2 + DJ) / 2 + PE
    Total System Jitter     (TSJ):    0.071ns
    Total Input Jitter      (TIJ):    0.990ns
    Discrete Jitter          (DJ):    0.000ns
    Phase Error              (PE):    0.000ns
  Timing Exception:       False Path

    Location             Delay type                Incr(ns)  Path(ns)    Netlist Resource(s)
  -------------------------------------------------------------------    -------------------
                         (clock clk_fpga_0 rise edge)
                                                      0.000     0.000 r  
    PS7_X0Y0             PS7                          0.000     0.000 r  design_1_i/processing_system7_0/inst/PS7_i/FCLKCLK[0]
                         net (fo=1, routed)           0.310     0.310    design_1_i/processing_system7_0/inst/FCLK_CLK_unbuffered[0]
    BUFGCTRL_X0Y16       BUFG (Prop_bufg_I_O)         0.026     0.336 r  design_1_i/processing_system7_0/inst/buffer_fclk_clk_0.FCLK_CLK_0_BUFG/O
                         net (fo=9550, routed)        0.555     0.891    design_1_i/rst_ps7_0_100M/U0/slowest_sync_clk
    SLICE_X39Y90         FDRE                                         r  design_1_i/rst_ps7_0_100M/U0/ACTIVE_LOW_PR_OUT_DFF[0].FDRE_PER_N/C
  -------------------------------------------------------------------    -------------------
    SLICE_X39Y90         FDRE (Prop_fdre_C_Q)         0.141     1.032 r  design_1_i/rst_ps7_0_100M/U0/ACTIVE_LOW_PR_OUT_DFF[0].FDRE_PER_N/Q
                         net (fo=19, routed)          0.269     1.300    design_1_i/axi_dma_0/U0/I_RST_MODULE/REG_HRD_RST/axi_resetn
    SLICE_X45Y95         FDRE                                         r  design_1_i/axi_dma_0/U0/I_RST_MODULE/REG_HRD_RST/GENERATE_LEVEL_P_S_CDC.SINGLE_BIT.CROSS_PLEVEL_IN2SCNDRY_IN_cdc_to/D
  -------------------------------------------------------------------    -------------------

                         (clock clk_fpga_0 rise edge)
                                                      0.000     0.000 r  
    PS7_X0Y0             PS7                          0.000     0.000 r  design_1_i/processing_system7_0/inst/PS7_i/FCLKCLK[0]
                         net (fo=1, routed)           0.337     0.337    design_1_i/processing_system7_0/inst/FCLK_CLK_unbuffered[0]
    BUFGCTRL_X0Y16       BUFG (Prop_bufg_I_O)         0.029     0.366 r  design_1_i/processing_system7_0/inst/buffer_fclk_clk_0.FCLK_CLK_0_BUFG/O
                         net (fo=9550, routed)        0.824     1.190    design_1_i/axi_dma_0/U0/I_RST_MODULE/REG_HRD_RST/s_axi_lite_aclk
    SLICE_X45Y95         FDRE                                         r  design_1_i/axi_dma_0/U0/I_RST_MODULE/REG_HRD_RST/GENERATE_LEVEL_P_S_CDC.SINGLE_BIT.CROSS_PLEVEL_IN2SCNDRY_IN_cdc_to/C

Slack:                    inf
  Source:                 design_1_i/rst_ps7_0_100M/U0/ACTIVE_LOW_PR_OUT_DFF[0].FDRE_PER_N/C
                            (rising edge-triggered cell FDRE clocked by clk_fpga_0  {rise@0.000ns fall@16.500ns period=33.000ns})
  Destination:            design_1_i/axi_dma_0/U0/I_RST_MODULE/REG_HRD_RST_OUT/GENERATE_LEVEL_P_S_CDC.SINGLE_BIT.CROSS_PLEVEL_IN2SCNDRY_IN_cdc_to/D
                            (rising edge-triggered cell FDRE clocked by clk_fpga_0  {rise@0.000ns fall@16.500ns period=33.000ns})
  Path Group:             (none)
  Path Type:              Hold (Min at Fast Process Corner)
  Data Path Delay:        0.607ns  (logic 0.141ns (23.211%)  route 0.466ns (76.789%))
  Logic Levels:           0  
  Clock Path Skew:        0.386ns (DCD - SCD - CPR)
    Destination Clock Delay (DCD):    1.277ns
    Source Clock Delay      (SCD):    0.891ns
    Clock Pessimism Removal (CPR):    -0.000ns
  Clock Uncertainty:      0.496ns  ((TSJ^2 + TIJ^2)^1/2 + DJ) / 2 + PE
    Total System Jitter     (TSJ):    0.071ns
    Total Input Jitter      (TIJ):    0.990ns
    Discrete Jitter          (DJ):    0.000ns
    Phase Error              (PE):    0.000ns
  Timing Exception:       False Path

    Location             Delay type                Incr(ns)  Path(ns)    Netlist Resource(s)
  -------------------------------------------------------------------    -------------------
                         (clock clk_fpga_0 rise edge)
                                                      0.000     0.000 r  
    PS7_X0Y0             PS7                          0.000     0.000 r  design_1_i/processing_system7_0/inst/PS7_i/FCLKCLK[0]
                         net (fo=1, routed)           0.310     0.310    design_1_i/processing_system7_0/inst/FCLK_CLK_unbuffered[0]
    BUFGCTRL_X0Y16       BUFG (Prop_bufg_I_O)         0.026     0.336 r  design_1_i/processing_system7_0/inst/buffer_fclk_clk_0.FCLK_CLK_0_BUFG/O
                         net (fo=9550, routed)        0.555     0.891    design_1_i/rst_ps7_0_100M/U0/slowest_sync_clk
    SLICE_X39Y90         FDRE                                         r  design_1_i/rst_ps7_0_100M/U0/ACTIVE_LOW_PR_OUT_DFF[0].FDRE_PER_N/C
  -------------------------------------------------------------------    -------------------
    SLICE_X39Y90         FDRE (Prop_fdre_C_Q)         0.141     1.032 r  design_1_i/rst_ps7_0_100M/U0/ACTIVE_LOW_PR_OUT_DFF[0].FDRE_PER_N/Q
                         net (fo=19, routed)          0.466     1.498    design_1_i/axi_dma_0/U0/I_RST_MODULE/REG_HRD_RST_OUT/axi_resetn
    SLICE_X46Y102        FDRE                                         r  design_1_i/axi_dma_0/U0/I_RST_MODULE/REG_HRD_RST_OUT/GENERATE_LEVEL_P_S_CDC.SINGLE_BIT.CROSS_PLEVEL_IN2SCNDRY_IN_cdc_to/D
  -------------------------------------------------------------------    -------------------

                         (clock clk_fpga_0 rise edge)
                                                      0.000     0.000 r  
    PS7_X0Y0             PS7                          0.000     0.000 r  design_1_i/processing_system7_0/inst/PS7_i/FCLKCLK[0]
                         net (fo=1, routed)           0.337     0.337    design_1_i/processing_system7_0/inst/FCLK_CLK_unbuffered[0]
    BUFGCTRL_X0Y16       BUFG (Prop_bufg_I_O)         0.029     0.366 r  design_1_i/processing_system7_0/inst/buffer_fclk_clk_0.FCLK_CLK_0_BUFG/O
                         net (fo=9550, routed)        0.911     1.277    design_1_i/axi_dma_0/U0/I_RST_MODULE/REG_HRD_RST_OUT/s_axi_lite_aclk
    SLICE_X46Y102        FDRE                                         r  design_1_i/axi_dma_0/U0/I_RST_MODULE/REG_HRD_RST_OUT/GENERATE_LEVEL_P_S_CDC.SINGLE_BIT.CROSS_PLEVEL_IN2SCNDRY_IN_cdc_to/C

Slack:                    inf
  Source:                 design_1_i/axi_smc/inst/clk_map/psr_aclk/U0/ACTIVE_LOW_BSR_OUT_DFF[0].FDRE_BSR_N/C
                            (rising edge-triggered cell FDRE clocked by clk_fpga_0  {rise@0.000ns fall@16.500ns period=33.000ns})
  Destination:            <hidden>
                            (removal check against rising-edge clock clk_fpga_0  {rise@0.000ns fall@16.500ns period=33.000ns})
  Path Group:             (none)
  Path Type:              Removal (Min at Fast Process Corner)
  Data Path Delay:        0.557ns  (logic 0.209ns (37.509%)  route 0.348ns (62.491%))
  Logic Levels:           1  (LUT1=1)
  Clock Path Skew:        0.302ns (DCD - SCD - CPR)
    Destination Clock Delay (DCD):    1.272ns
    Source Clock Delay      (SCD):    0.970ns
    Clock Pessimism Removal (CPR):    -0.000ns
  Clock Uncertainty:      0.496ns  ((TSJ^2 + TIJ^2)^1/2 + DJ) / 2 + PE
    Total System Jitter     (TSJ):    0.071ns
    Total Input Jitter      (TIJ):    0.990ns
    Discrete Jitter          (DJ):    0.000ns
    Phase Error              (PE):    0.000ns
  Timing Exception:       False Path

    Location             Delay type                Incr(ns)  Path(ns)    Netlist Resource(s)
  -------------------------------------------------------------------    -------------------
                         (clock clk_fpga_0 rise edge)
                                                      0.000     0.000 r  
    PS7_X0Y0             PS7                          0.000     0.000 r  design_1_i/processing_system7_0/inst/PS7_i/FCLKCLK[0]
                         net (fo=1, routed)           0.310     0.310    design_1_i/processing_system7_0/inst/FCLK_CLK_unbuffered[0]
    BUFGCTRL_X0Y16       BUFG (Prop_bufg_I_O)         0.026     0.336 r  design_1_i/processing_system7_0/inst/buffer_fclk_clk_0.FCLK_CLK_0_BUFG/O
                         net (fo=9550, routed)        0.634     0.970    design_1_i/axi_smc/inst/clk_map/psr_aclk/U0/aclk
    SLICE_X50Y104        FDRE                                         r  design_1_i/axi_smc/inst/clk_map/psr_aclk/U0/ACTIVE_LOW_BSR_OUT_DFF[0].FDRE_BSR_N/C
  -------------------------------------------------------------------    -------------------
    SLICE_X50Y104        FDRE (Prop_fdre_C_Q)         0.164     1.134 r  design_1_i/axi_smc/inst/clk_map/psr_aclk/U0/ACTIVE_LOW_BSR_OUT_DFF[0].FDRE_BSR_N/Q
                         net (fo=25, routed)          0.228     1.362    <hidden>
    SLICE_X52Y103        LUT1 (Prop_lut1_I0_O)        0.045     1.407 f  <hidden>
                         net (fo=3, routed)           0.120     1.527    <hidden>
    SLICE_X52Y104        FDCE                                         f  <hidden>
  -------------------------------------------------------------------    -------------------

                         (clock clk_fpga_0 rise edge)
                                                      0.000     0.000 r  
    PS7_X0Y0             PS7                          0.000     0.000 r  design_1_i/processing_system7_0/inst/PS7_i/FCLKCLK[0]
                         net (fo=1, routed)           0.337     0.337    design_1_i/processing_system7_0/inst/FCLK_CLK_unbuffered[0]
    BUFGCTRL_X0Y16       BUFG (Prop_bufg_I_O)         0.029     0.366 r  design_1_i/processing_system7_0/inst/buffer_fclk_clk_0.FCLK_CLK_0_BUFG/O
                         net (fo=9550, routed)        0.906     1.272    <hidden>
    SLICE_X52Y104        FDCE                                         r  <hidden>

Slack:                    inf
  Source:                 design_1_i/axi_smc/inst/clk_map/psr_aclk/U0/ACTIVE_LOW_BSR_OUT_DFF[0].FDRE_BSR_N/C
                            (rising edge-triggered cell FDRE clocked by clk_fpga_0  {rise@0.000ns fall@16.500ns period=33.000ns})
  Destination:            <hidden>
                            (removal check against rising-edge clock clk_fpga_0  {rise@0.000ns fall@16.500ns period=33.000ns})
  Path Group:             (none)
  Path Type:              Removal (Min at Fast Process Corner)
  Data Path Delay:        0.557ns  (logic 0.209ns (37.509%)  route 0.348ns (62.491%))
  Logic Levels:           1  (LUT1=1)
  Clock Path Skew:        0.302ns (DCD - SCD - CPR)
    Destination Clock Delay (DCD):    1.272ns
    Source Clock Delay      (SCD):    0.970ns
    Clock Pessimism Removal (CPR):    -0.000ns
  Clock Uncertainty:      0.496ns  ((TSJ^2 + TIJ^2)^1/2 + DJ) / 2 + PE
    Total System Jitter     (TSJ):    0.071ns
    Total Input Jitter      (TIJ):    0.990ns
    Discrete Jitter          (DJ):    0.000ns
    Phase Error              (PE):    0.000ns
  Timing Exception:       False Path

    Location             Delay type                Incr(ns)  Path(ns)    Netlist Resource(s)
  -------------------------------------------------------------------    -------------------
                         (clock clk_fpga_0 rise edge)
                                                      0.000     0.000 r  
    PS7_X0Y0             PS7                          0.000     0.000 r  design_1_i/processing_system7_0/inst/PS7_i/FCLKCLK[0]
                         net (fo=1, routed)           0.310     0.310    design_1_i/processing_system7_0/inst/FCLK_CLK_unbuffered[0]
    BUFGCTRL_X0Y16       BUFG (Prop_bufg_I_O)         0.026     0.336 r  design_1_i/processing_system7_0/inst/buffer_fclk_clk_0.FCLK_CLK_0_BUFG/O
                         net (fo=9550, routed)        0.634     0.970    design_1_i/axi_smc/inst/clk_map/psr_aclk/U0/aclk
    SLICE_X50Y104        FDRE                                         r  design_1_i/axi_smc/inst/clk_map/psr_aclk/U0/ACTIVE_LOW_BSR_OUT_DFF[0].FDRE_BSR_N/C
  -------------------------------------------------------------------    -------------------
    SLICE_X50Y104        FDRE (Prop_fdre_C_Q)         0.164     1.134 r  design_1_i/axi_smc/inst/clk_map/psr_aclk/U0/ACTIVE_LOW_BSR_OUT_DFF[0].FDRE_BSR_N/Q
                         net (fo=25, routed)          0.228     1.362    <hidden>
    SLICE_X52Y103        LUT1 (Prop_lut1_I0_O)        0.045     1.407 f  <hidden>
                         net (fo=3, routed)           0.120     1.527    <hidden>
    SLICE_X52Y104        FDCE                                         f  <hidden>
  -------------------------------------------------------------------    -------------------

                         (clock clk_fpga_0 rise edge)
                                                      0.000     0.000 r  
    PS7_X0Y0             PS7                          0.000     0.000 r  design_1_i/processing_system7_0/inst/PS7_i/FCLKCLK[0]
                         net (fo=1, routed)           0.337     0.337    design_1_i/processing_system7_0/inst/FCLK_CLK_unbuffered[0]
    BUFGCTRL_X0Y16       BUFG (Prop_bufg_I_O)         0.029     0.366 r  design_1_i/processing_system7_0/inst/buffer_fclk_clk_0.FCLK_CLK_0_BUFG/O
                         net (fo=9550, routed)        0.906     1.272    <hidden>
    SLICE_X52Y104        FDCE                                         r  <hidden>

Slack:                    inf
  Source:                 design_1_i/axi_smc/inst/clk_map/psr_aclk/U0/ACTIVE_LOW_BSR_OUT_DFF[0].FDRE_BSR_N/C
                            (rising edge-triggered cell FDRE clocked by clk_fpga_0  {rise@0.000ns fall@16.500ns period=33.000ns})
  Destination:            <hidden>
                            (removal check against rising-edge clock clk_fpga_0  {rise@0.000ns fall@16.500ns period=33.000ns})
  Path Group:             (none)
  Path Type:              Removal (Min at Fast Process Corner)
  Data Path Delay:        0.557ns  (logic 0.209ns (37.509%)  route 0.348ns (62.491%))
  Logic Levels:           1  (LUT1=1)
  Clock Path Skew:        0.302ns (DCD - SCD - CPR)
    Destination Clock Delay (DCD):    1.272ns
    Source Clock Delay      (SCD):    0.970ns
    Clock Pessimism Removal (CPR):    -0.000ns
  Clock Uncertainty:      0.496ns  ((TSJ^2 + TIJ^2)^1/2 + DJ) / 2 + PE
    Total System Jitter     (TSJ):    0.071ns
    Total Input Jitter      (TIJ):    0.990ns
    Discrete Jitter          (DJ):    0.000ns
    Phase Error              (PE):    0.000ns
  Timing Exception:       False Path

    Location             Delay type                Incr(ns)  Path(ns)    Netlist Resource(s)
  -------------------------------------------------------------------    -------------------
                         (clock clk_fpga_0 rise edge)
                                                      0.000     0.000 r  
    PS7_X0Y0             PS7                          0.000     0.000 r  design_1_i/processing_system7_0/inst/PS7_i/FCLKCLK[0]
                         net (fo=1, routed)           0.310     0.310    design_1_i/processing_system7_0/inst/FCLK_CLK_unbuffered[0]
    BUFGCTRL_X0Y16       BUFG (Prop_bufg_I_O)         0.026     0.336 r  design_1_i/processing_system7_0/inst/buffer_fclk_clk_0.FCLK_CLK_0_BUFG/O
                         net (fo=9550, routed)        0.634     0.970    design_1_i/axi_smc/inst/clk_map/psr_aclk/U0/aclk
    SLICE_X50Y104        FDRE                                         r  design_1_i/axi_smc/inst/clk_map/psr_aclk/U0/ACTIVE_LOW_BSR_OUT_DFF[0].FDRE_BSR_N/C
  -------------------------------------------------------------------    -------------------
    SLICE_X50Y104        FDRE (Prop_fdre_C_Q)         0.164     1.134 r  design_1_i/axi_smc/inst/clk_map/psr_aclk/U0/ACTIVE_LOW_BSR_OUT_DFF[0].FDRE_BSR_N/Q
                         net (fo=25, routed)          0.228     1.362    <hidden>
    SLICE_X52Y103        LUT1 (Prop_lut1_I0_O)        0.045     1.407 f  <hidden>
                         net (fo=3, routed)           0.120     1.527    <hidden>
    SLICE_X52Y104        FDCE                                         f  <hidden>
  -------------------------------------------------------------------    -------------------

                         (clock clk_fpga_0 rise edge)
                                                      0.000     0.000 r  
    PS7_X0Y0             PS7                          0.000     0.000 r  design_1_i/processing_system7_0/inst/PS7_i/FCLKCLK[0]
                         net (fo=1, routed)           0.337     0.337    design_1_i/processing_system7_0/inst/FCLK_CLK_unbuffered[0]
    BUFGCTRL_X0Y16       BUFG (Prop_bufg_I_O)         0.029     0.366 r  design_1_i/processing_system7_0/inst/buffer_fclk_clk_0.FCLK_CLK_0_BUFG/O
                         net (fo=9550, routed)        0.906     1.272    <hidden>
    SLICE_X52Y104        FDCE                                         r  <hidden>

Slack:                    inf
  Source:                 design_1_i/rst_ps7_0_100M/U0/ACTIVE_LOW_PR_OUT_DFF[0].FDRE_PER_N/C
                            (rising edge-triggered cell FDRE clocked by clk_fpga_0  {rise@0.000ns fall@16.500ns period=33.000ns})
  Destination:            design_1_i/axi_smc/inst/clk_map/psr_aclk/U0/EXT_LPF/ACTIVE_LOW_AUX.ACT_LO_AUX/GENERATE_LEVEL_P_S_CDC.SINGLE_BIT.CROSS_PLEVEL_IN2SCNDRY_IN_cdc_to/D
                            (rising edge-triggered cell FDRE clocked by clk_fpga_0  {rise@0.000ns fall@16.500ns period=33.000ns})
  Path Group:             (none)
  Path Type:              Hold (Min at Fast Process Corner)
  Data Path Delay:        0.678ns  (logic 0.186ns (27.435%)  route 0.492ns (72.564%))
  Logic Levels:           1  (LUT1=1)
  Clock Path Skew:        0.296ns (DCD - SCD - CPR)
    Destination Clock Delay (DCD):    1.187ns
    Source Clock Delay      (SCD):    0.891ns
    Clock Pessimism Removal (CPR):    -0.000ns
  Clock Uncertainty:      0.496ns  ((TSJ^2 + TIJ^2)^1/2 + DJ) / 2 + PE
    Total System Jitter     (TSJ):    0.071ns
    Total Input Jitter      (TIJ):    0.990ns
    Discrete Jitter          (DJ):    0.000ns
    Phase Error              (PE):    0.000ns
  Timing Exception:       False Path

    Location             Delay type                Incr(ns)  Path(ns)    Netlist Resource(s)
  -------------------------------------------------------------------    -------------------
                         (clock clk_fpga_0 rise edge)
                                                      0.000     0.000 r  
    PS7_X0Y0             PS7                          0.000     0.000 r  design_1_i/processing_system7_0/inst/PS7_i/FCLKCLK[0]
                         net (fo=1, routed)           0.310     0.310    design_1_i/processing_system7_0/inst/FCLK_CLK_unbuffered[0]
    BUFGCTRL_X0Y16       BUFG (Prop_bufg_I_O)         0.026     0.336 r  design_1_i/processing_system7_0/inst/buffer_fclk_clk_0.FCLK_CLK_0_BUFG/O
                         net (fo=9550, routed)        0.555     0.891    design_1_i/rst_ps7_0_100M/U0/slowest_sync_clk
    SLICE_X39Y90         FDRE                                         r  design_1_i/rst_ps7_0_100M/U0/ACTIVE_LOW_PR_OUT_DFF[0].FDRE_PER_N/C
  -------------------------------------------------------------------    -------------------
    SLICE_X39Y90         FDRE (Prop_fdre_C_Q)         0.141     1.032 f  design_1_i/rst_ps7_0_100M/U0/ACTIVE_LOW_PR_OUT_DFF[0].FDRE_PER_N/Q
                         net (fo=19, routed)          0.492     1.524    design_1_i/axi_smc/inst/clk_map/psr_aclk/U0/EXT_LPF/ACTIVE_LOW_AUX.ACT_LO_AUX/aresetn
    SLICE_X50Y99         LUT1 (Prop_lut1_I0_O)        0.045     1.569 r  design_1_i/axi_smc/inst/clk_map/psr_aclk/U0/EXT_LPF/ACTIVE_LOW_AUX.ACT_LO_AUX/GENERATE_LEVEL_P_S_CDC.SINGLE_BIT.CROSS_PLEVEL_IN2SCNDRY_IN_cdc_to_i_1/O
                         net (fo=1, routed)           0.000     1.569    design_1_i/axi_smc/inst/clk_map/psr_aclk/U0/EXT_LPF/ACTIVE_LOW_AUX.ACT_LO_AUX/asr_d1
    SLICE_X50Y99         FDRE                                         r  design_1_i/axi_smc/inst/clk_map/psr_aclk/U0/EXT_LPF/ACTIVE_LOW_AUX.ACT_LO_AUX/GENERATE_LEVEL_P_S_CDC.SINGLE_BIT.CROSS_PLEVEL_IN2SCNDRY_IN_cdc_to/D
  -------------------------------------------------------------------    -------------------

                         (clock clk_fpga_0 rise edge)
                                                      0.000     0.000 r  
    PS7_X0Y0             PS7                          0.000     0.000 r  design_1_i/processing_system7_0/inst/PS7_i/FCLKCLK[0]
                         net (fo=1, routed)           0.337     0.337    design_1_i/processing_system7_0/inst/FCLK_CLK_unbuffered[0]
    BUFGCTRL_X0Y16       BUFG (Prop_bufg_I_O)         0.029     0.366 r  design_1_i/processing_system7_0/inst/buffer_fclk_clk_0.FCLK_CLK_0_BUFG/O
                         net (fo=9550, routed)        0.821     1.187    design_1_i/axi_smc/inst/clk_map/psr_aclk/U0/EXT_LPF/ACTIVE_LOW_AUX.ACT_LO_AUX/aclk
    SLICE_X50Y99         FDRE                                         r  design_1_i/axi_smc/inst/clk_map/psr_aclk/U0/EXT_LPF/ACTIVE_LOW_AUX.ACT_LO_AUX/GENERATE_LEVEL_P_S_CDC.SINGLE_BIT.CROSS_PLEVEL_IN2SCNDRY_IN_cdc_to/C

Slack:                    inf
  Source:                 design_1_i/axi_smc/inst/clk_map/psr_aclk/U0/ACTIVE_LOW_BSR_OUT_DFF[0].FDRE_BSR_N/C
                            (rising edge-triggered cell FDRE clocked by clk_fpga_0  {rise@0.000ns fall@16.500ns period=33.000ns})
  Destination:            <hidden>
                            (removal check against rising-edge clock clk_fpga_0  {rise@0.000ns fall@16.500ns period=33.000ns})
  Path Group:             (none)
  Path Type:              Removal (Min at Fast Process Corner)
  Data Path Delay:        0.615ns  (logic 0.206ns (33.482%)  route 0.409ns (66.518%))
  Logic Levels:           1  (LUT1=1)
  Clock Path Skew:        0.302ns (DCD - SCD - CPR)
    Destination Clock Delay (DCD):    1.272ns
    Source Clock Delay      (SCD):    0.970ns
    Clock Pessimism Removal (CPR):    -0.000ns
  Clock Uncertainty:      0.496ns  ((TSJ^2 + TIJ^2)^1/2 + DJ) / 2 + PE
    Total System Jitter     (TSJ):    0.071ns
    Total Input Jitter      (TIJ):    0.990ns
    Discrete Jitter          (DJ):    0.000ns
    Phase Error              (PE):    0.000ns
  Timing Exception:       False Path

    Location             Delay type                Incr(ns)  Path(ns)    Netlist Resource(s)
  -------------------------------------------------------------------    -------------------
                         (clock clk_fpga_0 rise edge)
                                                      0.000     0.000 r  
    PS7_X0Y0             PS7                          0.000     0.000 r  design_1_i/processing_system7_0/inst/PS7_i/FCLKCLK[0]
                         net (fo=1, routed)           0.310     0.310    design_1_i/processing_system7_0/inst/FCLK_CLK_unbuffered[0]
    BUFGCTRL_X0Y16       BUFG (Prop_bufg_I_O)         0.026     0.336 r  design_1_i/processing_system7_0/inst/buffer_fclk_clk_0.FCLK_CLK_0_BUFG/O
                         net (fo=9550, routed)        0.634     0.970    design_1_i/axi_smc/inst/clk_map/psr_aclk/U0/aclk
    SLICE_X50Y104        FDRE                                         r  design_1_i/axi_smc/inst/clk_map/psr_aclk/U0/ACTIVE_LOW_BSR_OUT_DFF[0].FDRE_BSR_N/C
  -------------------------------------------------------------------    -------------------
    SLICE_X50Y104        FDRE (Prop_fdre_C_Q)         0.164     1.134 r  design_1_i/axi_smc/inst/clk_map/psr_aclk/U0/ACTIVE_LOW_BSR_OUT_DFF[0].FDRE_BSR_N/Q
                         net (fo=25, routed)          0.228     1.362    <hidden>
    SLICE_X52Y103        LUT1 (Prop_lut1_I0_O)        0.042     1.404 f  <hidden>
                         net (fo=3, routed)           0.181     1.585    <hidden>
    SLICE_X52Y103        FDCE                                         f  <hidden>
  -------------------------------------------------------------------    -------------------

                         (clock clk_fpga_0 rise edge)
                                                      0.000     0.000 r  
    PS7_X0Y0             PS7                          0.000     0.000 r  design_1_i/processing_system7_0/inst/PS7_i/FCLKCLK[0]
                         net (fo=1, routed)           0.337     0.337    design_1_i/processing_system7_0/inst/FCLK_CLK_unbuffered[0]
    BUFGCTRL_X0Y16       BUFG (Prop_bufg_I_O)         0.029     0.366 r  design_1_i/processing_system7_0/inst/buffer_fclk_clk_0.FCLK_CLK_0_BUFG/O
                         net (fo=9550, routed)        0.906     1.272    <hidden>
    SLICE_X52Y103        FDCE                                         r  <hidden>

Slack:                    inf
  Source:                 design_1_i/axi_smc/inst/clk_map/psr_aclk/U0/ACTIVE_LOW_BSR_OUT_DFF[0].FDRE_BSR_N/C
                            (rising edge-triggered cell FDRE clocked by clk_fpga_0  {rise@0.000ns fall@16.500ns period=33.000ns})
  Destination:            <hidden>
                            (removal check against rising-edge clock clk_fpga_0  {rise@0.000ns fall@16.500ns period=33.000ns})
  Path Group:             (none)
  Path Type:              Removal (Min at Fast Process Corner)
  Data Path Delay:        0.615ns  (logic 0.206ns (33.482%)  route 0.409ns (66.518%))
  Logic Levels:           1  (LUT1=1)
  Clock Path Skew:        0.302ns (DCD - SCD - CPR)
    Destination Clock Delay (DCD):    1.272ns
    Source Clock Delay      (SCD):    0.970ns
    Clock Pessimism Removal (CPR):    -0.000ns
  Clock Uncertainty:      0.496ns  ((TSJ^2 + TIJ^2)^1/2 + DJ) / 2 + PE
    Total System Jitter     (TSJ):    0.071ns
    Total Input Jitter      (TIJ):    0.990ns
    Discrete Jitter          (DJ):    0.000ns
    Phase Error              (PE):    0.000ns
  Timing Exception:       False Path

    Location             Delay type                Incr(ns)  Path(ns)    Netlist Resource(s)
  -------------------------------------------------------------------    -------------------
                         (clock clk_fpga_0 rise edge)
                                                      0.000     0.000 r  
    PS7_X0Y0             PS7                          0.000     0.000 r  design_1_i/processing_system7_0/inst/PS7_i/FCLKCLK[0]
                         net (fo=1, routed)           0.310     0.310    design_1_i/processing_system7_0/inst/FCLK_CLK_unbuffered[0]
    BUFGCTRL_X0Y16       BUFG (Prop_bufg_I_O)         0.026     0.336 r  design_1_i/processing_system7_0/inst/buffer_fclk_clk_0.FCLK_CLK_0_BUFG/O
                         net (fo=9550, routed)        0.634     0.970    design_1_i/axi_smc/inst/clk_map/psr_aclk/U0/aclk
    SLICE_X50Y104        FDRE                                         r  design_1_i/axi_smc/inst/clk_map/psr_aclk/U0/ACTIVE_LOW_BSR_OUT_DFF[0].FDRE_BSR_N/C
  -------------------------------------------------------------------    -------------------
    SLICE_X50Y104        FDRE (Prop_fdre_C_Q)         0.164     1.134 r  design_1_i/axi_smc/inst/clk_map/psr_aclk/U0/ACTIVE_LOW_BSR_OUT_DFF[0].FDRE_BSR_N/Q
                         net (fo=25, routed)          0.228     1.362    <hidden>
    SLICE_X52Y103        LUT1 (Prop_lut1_I0_O)        0.042     1.404 f  <hidden>
                         net (fo=3, routed)           0.181     1.585    <hidden>
    SLICE_X52Y103        FDCE                                         f  <hidden>
  -------------------------------------------------------------------    -------------------

                         (clock clk_fpga_0 rise edge)
                                                      0.000     0.000 r  
    PS7_X0Y0             PS7                          0.000     0.000 r  design_1_i/processing_system7_0/inst/PS7_i/FCLKCLK[0]
                         net (fo=1, routed)           0.337     0.337    design_1_i/processing_system7_0/inst/FCLK_CLK_unbuffered[0]
    BUFGCTRL_X0Y16       BUFG (Prop_bufg_I_O)         0.029     0.366 r  design_1_i/processing_system7_0/inst/buffer_fclk_clk_0.FCLK_CLK_0_BUFG/O
                         net (fo=9550, routed)        0.906     1.272    <hidden>
    SLICE_X52Y103        FDCE                                         r  <hidden>

Slack:                    inf
  Source:                 design_1_i/axi_smc/inst/clk_map/psr_aclk/U0/ACTIVE_LOW_BSR_OUT_DFF[0].FDRE_BSR_N/C
                            (rising edge-triggered cell FDRE clocked by clk_fpga_0  {rise@0.000ns fall@16.500ns period=33.000ns})
  Destination:            <hidden>
                            (removal check against rising-edge clock clk_fpga_0  {rise@0.000ns fall@16.500ns period=33.000ns})
  Path Group:             (none)
  Path Type:              Removal (Min at Fast Process Corner)
  Data Path Delay:        0.615ns  (logic 0.206ns (33.482%)  route 0.409ns (66.518%))
  Logic Levels:           1  (LUT1=1)
  Clock Path Skew:        0.302ns (DCD - SCD - CPR)
    Destination Clock Delay (DCD):    1.272ns
    Source Clock Delay      (SCD):    0.970ns
    Clock Pessimism Removal (CPR):    -0.000ns
  Clock Uncertainty:      0.496ns  ((TSJ^2 + TIJ^2)^1/2 + DJ) / 2 + PE
    Total System Jitter     (TSJ):    0.071ns
    Total Input Jitter      (TIJ):    0.990ns
    Discrete Jitter          (DJ):    0.000ns
    Phase Error              (PE):    0.000ns
  Timing Exception:       False Path

    Location             Delay type                Incr(ns)  Path(ns)    Netlist Resource(s)
  -------------------------------------------------------------------    -------------------
                         (clock clk_fpga_0 rise edge)
                                                      0.000     0.000 r  
    PS7_X0Y0             PS7                          0.000     0.000 r  design_1_i/processing_system7_0/inst/PS7_i/FCLKCLK[0]
                         net (fo=1, routed)           0.310     0.310    design_1_i/processing_system7_0/inst/FCLK_CLK_unbuffered[0]
    BUFGCTRL_X0Y16       BUFG (Prop_bufg_I_O)         0.026     0.336 r  design_1_i/processing_system7_0/inst/buffer_fclk_clk_0.FCLK_CLK_0_BUFG/O
                         net (fo=9550, routed)        0.634     0.970    design_1_i/axi_smc/inst/clk_map/psr_aclk/U0/aclk
    SLICE_X50Y104        FDRE                                         r  design_1_i/axi_smc/inst/clk_map/psr_aclk/U0/ACTIVE_LOW_BSR_OUT_DFF[0].FDRE_BSR_N/C
  -------------------------------------------------------------------    -------------------
    SLICE_X50Y104        FDRE (Prop_fdre_C_Q)         0.164     1.134 r  design_1_i/axi_smc/inst/clk_map/psr_aclk/U0/ACTIVE_LOW_BSR_OUT_DFF[0].FDRE_BSR_N/Q
                         net (fo=25, routed)          0.228     1.362    <hidden>
    SLICE_X52Y103        LUT1 (Prop_lut1_I0_O)        0.042     1.404 f  <hidden>
                         net (fo=3, routed)           0.181     1.585    <hidden>
    SLICE_X52Y103        FDCE                                         f  <hidden>
  -------------------------------------------------------------------    -------------------

                         (clock clk_fpga_0 rise edge)
                                                      0.000     0.000 r  
    PS7_X0Y0             PS7                          0.000     0.000 r  design_1_i/processing_system7_0/inst/PS7_i/FCLKCLK[0]
                         net (fo=1, routed)           0.337     0.337    design_1_i/processing_system7_0/inst/FCLK_CLK_unbuffered[0]
    BUFGCTRL_X0Y16       BUFG (Prop_bufg_I_O)         0.029     0.366 r  design_1_i/processing_system7_0/inst/buffer_fclk_clk_0.FCLK_CLK_0_BUFG/O
                         net (fo=9550, routed)        0.906     1.272    <hidden>
    SLICE_X52Y103        FDCE                                         r  <hidden>

Slack:                    inf
  Source:                 design_1_i/axi_smc/inst/clk_map/psr_aclk/U0/ACTIVE_LOW_BSR_OUT_DFF[0].FDRE_BSR_N/C
                            (rising edge-triggered cell FDRE clocked by clk_fpga_0  {rise@0.000ns fall@16.500ns period=33.000ns})
  Destination:            <hidden>
                            (removal check against rising-edge clock clk_fpga_0  {rise@0.000ns fall@16.500ns period=33.000ns})
  Path Group:             (none)
  Path Type:              Removal (Min at Fast Process Corner)
  Data Path Delay:        0.786ns  (logic 0.213ns (27.114%)  route 0.573ns (72.886%))
  Logic Levels:           1  (LUT1=1)
  Clock Path Skew:        0.328ns (DCD - SCD - CPR)
    Destination Clock Delay (DCD):    1.298ns
    Source Clock Delay      (SCD):    0.970ns
    Clock Pessimism Removal (CPR):    -0.000ns
  Clock Uncertainty:      0.496ns  ((TSJ^2 + TIJ^2)^1/2 + DJ) / 2 + PE
    Total System Jitter     (TSJ):    0.071ns
    Total Input Jitter      (TIJ):    0.990ns
    Discrete Jitter          (DJ):    0.000ns
    Phase Error              (PE):    0.000ns
  Timing Exception:       False Path

    Location             Delay type                Incr(ns)  Path(ns)    Netlist Resource(s)
  -------------------------------------------------------------------    -------------------
                         (clock clk_fpga_0 rise edge)
                                                      0.000     0.000 r  
    PS7_X0Y0             PS7                          0.000     0.000 r  design_1_i/processing_system7_0/inst/PS7_i/FCLKCLK[0]
                         net (fo=1, routed)           0.310     0.310    design_1_i/processing_system7_0/inst/FCLK_CLK_unbuffered[0]
    BUFGCTRL_X0Y16       BUFG (Prop_bufg_I_O)         0.026     0.336 r  design_1_i/processing_system7_0/inst/buffer_fclk_clk_0.FCLK_CLK_0_BUFG/O
                         net (fo=9550, routed)        0.634     0.970    design_1_i/axi_smc/inst/clk_map/psr_aclk/U0/aclk
    SLICE_X50Y104        FDRE                                         r  design_1_i/axi_smc/inst/clk_map/psr_aclk/U0/ACTIVE_LOW_BSR_OUT_DFF[0].FDRE_BSR_N/C
  -------------------------------------------------------------------    -------------------
    SLICE_X50Y104        FDRE (Prop_fdre_C_Q)         0.164     1.134 r  design_1_i/axi_smc/inst/clk_map/psr_aclk/U0/ACTIVE_LOW_BSR_OUT_DFF[0].FDRE_BSR_N/Q
                         net (fo=25, routed)          0.396     1.530    <hidden>
    SLICE_X54Y102        LUT1 (Prop_lut1_I0_O)        0.049     1.579 f  <hidden>
                         net (fo=3, routed)           0.177     1.756    <hidden>
    SLICE_X54Y102        FDCE                                         f  <hidden>
  -------------------------------------------------------------------    -------------------

                         (clock clk_fpga_0 rise edge)
                                                      0.000     0.000 r  
    PS7_X0Y0             PS7                          0.000     0.000 r  design_1_i/processing_system7_0/inst/PS7_i/FCLKCLK[0]
                         net (fo=1, routed)           0.337     0.337    design_1_i/processing_system7_0/inst/FCLK_CLK_unbuffered[0]
    BUFGCTRL_X0Y16       BUFG (Prop_bufg_I_O)         0.029     0.366 r  design_1_i/processing_system7_0/inst/buffer_fclk_clk_0.FCLK_CLK_0_BUFG/O
                         net (fo=9550, routed)        0.932     1.298    <hidden>
    SLICE_X54Y102        FDCE                                         r  <hidden>





