Copyright 1986-2022 Xilinx, Inc. All Rights Reserved. Copyright 2022-2024 Advanced Micro Devices, Inc. All Rights Reserved.
-----------------------------------------------------------------------------------------------------------------------------------------------------------------------------------------------------------------------------------------------------------------------------------------
| Tool Version      : Vivado v.2024.2 (win64) Build 5239630 Fri Nov 08 22:35:27 MST 2024
| Date              : Tue Sep  8 17:18:20 2026
| Host              : LAPTOP-T2KVGKLT running 64-bit major release  (build 9200)
| Command           : report_timing_summary -max_paths 10 -report_unconstrained -warn_on_violation -file design_1_wrapper_timing_summary_postroute_physopted.rpt -pb design_1_wrapper_timing_summary_postroute_physopted.pb -rpx design_1_wrapper_timing_summary_postroute_physopted.rpx
| Design            : design_1_wrapper
| Device            : xck26-sfvc784
| Speed File        : -2LV  PRODUCTION 1.30 05-15-2022
| Design State      : Physopt postRoute
| Temperature Grade : C
-----------------------------------------------------------------------------------------------------------------------------------------------------------------------------------------------------------------------------------------------------------------------------------------

Timing Summary Report

------------------------------------------------------------------------------------------------
| Timer Settings
| --------------
------------------------------------------------------------------------------------------------

  Enable Multi Corner Analysis               :  Yes
  Enable Pessimism Removal                   :  Yes
  Pessimism Removal Resolution               :  Nearest Common Node
  Enable Input Delay Default Clock           :  No
  Enable Preset / Clear Arcs                 :  No
  Disable Flight Delays                      :  No
  Ignore I/O Paths                           :  No
  Timing Early Launch at Borrowing Latches   :  No
  Borrow Time for Max Delay Exceptions       :  Yes
  Merge Timing Exceptions                    :  Yes
  Inter-SLR Compensation                     :  Conservative

  Corner  Analyze    Analyze    
  Name    Max Paths  Min Paths  
  ------  ---------  ---------  
  Slow    Yes        Yes        
  Fast    Yes        Yes        


------------------------------------------------------------------------------------------------
| Report Methodology
| ------------------
------------------------------------------------------------------------------------------------

No report available as report_methodology has not been run prior. Run report_methodology on the current design for the summary of methodology violations.



check_timing report

Table of Contents
-----------------
1. checking no_clock (0)
2. checking constant_clock (0)
3. checking pulse_width_clock (0)
4. checking unconstrained_internal_endpoints (0)
5. checking no_input_delay (0)
6. checking no_output_delay (0)
7. checking multiple_clock (0)
8. checking generated_clocks (0)
9. checking loops (0)
10. checking partial_input_delay (0)
11. checking partial_output_delay (0)
12. checking latch_loops (0)

1. checking no_clock (0)
------------------------
 There are 0 register/latch pins with no clock.


2. checking constant_clock (0)
------------------------------
 There are 0 register/latch pins with constant_clock.


3. checking pulse_width_clock (0)
---------------------------------
 There are 0 register/latch pins which need pulse_width check


4. checking unconstrained_internal_endpoints (0)
------------------------------------------------
 There are 0 pins that are not constrained for maximum delay.

 There are 0 pins that are not constrained for maximum delay due to constant clock.


5. checking no_input_delay (0)
------------------------------
 There are 0 input ports with no input delay specified.

 There are 0 input ports with no input delay but user has a false path constraint.


6. checking no_output_delay (0)
-------------------------------
 There are 0 ports with no output delay specified.

 There are 0 ports with no output delay but user has a false path constraint

 There are 0 ports with no output delay but with a timing clock defined on it or propagating through it


7. checking multiple_clock (0)
------------------------------
 There are 0 register/latch pins with multiple clocks.


8. checking generated_clocks (0)
--------------------------------
 There are 0 generated clocks that are not connected to a clock source.


9. checking loops (0)
---------------------
 There are 0 combinational loops in the design.


10. checking partial_input_delay (0)
------------------------------------
 There are 0 input ports with partial input delay specified.


11. checking partial_output_delay (0)
-------------------------------------
 There are 0 ports with partial output delay specified.


12. checking latch_loops (0)
----------------------------
 There are 0 combinational latch loops in the design through latch input



------------------------------------------------------------------------------------------------
| Design Timing Summary
| ---------------------
------------------------------------------------------------------------------------------------

    WNS(ns)      TNS(ns)  TNS Failing Endpoints  TNS Total Endpoints      WHS(ns)      THS(ns)  THS Failing Endpoints  THS Total Endpoints     WPWS(ns)     TPWS(ns)  TPWS Failing Endpoints  TPWS Total Endpoints  
    -------      -------  ---------------------  -------------------      -------      -------  ---------------------  -------------------     --------     --------  ----------------------  --------------------  
     11.492        0.000                      0                34592        0.012        0.000                      0                34592       15.500        0.000                       0                 10238  


All user specified timing constraints are met.


------------------------------------------------------------------------------------------------
| Clock Summary
| -------------
------------------------------------------------------------------------------------------------

Clock     Waveform(ns)       Period(ns)      Frequency(MHz)
-----     ------------       ----------      --------------
clk_pl_0  {0.000 17.000}     34.000          29.412          


------------------------------------------------------------------------------------------------
| Intra Clock Table
| -----------------
------------------------------------------------------------------------------------------------

Clock             WNS(ns)      TNS(ns)  TNS Failing Endpoints  TNS Total Endpoints      WHS(ns)      THS(ns)  THS Failing Endpoints  THS Total Endpoints     WPWS(ns)     TPWS(ns)  TPWS Failing Endpoints  TPWS Total Endpoints  
-----             -------      -------  ---------------------  -------------------      -------      -------  ---------------------  -------------------     --------     --------  ----------------------  --------------------  
clk_pl_0           11.492        0.000                      0                30644        0.012        0.000                      0                30644       15.500        0.000                       0                 10238  


------------------------------------------------------------------------------------------------
| Inter Clock Table
| -----------------
------------------------------------------------------------------------------------------------

From Clock    To Clock          WNS(ns)      TNS(ns)  TNS Failing Endpoints  TNS Total Endpoints      WHS(ns)      THS(ns)  THS Failing Endpoints  THS Total Endpoints  
----------    --------          -------      -------  ---------------------  -------------------      -------      -------  ---------------------  -------------------  


------------------------------------------------------------------------------------------------
| Other Path Groups Table
| -----------------------
------------------------------------------------------------------------------------------------

Path Group         From Clock         To Clock               WNS(ns)      TNS(ns)  TNS Failing Endpoints  TNS Total Endpoints      WHS(ns)      THS(ns)  THS Failing Endpoints  THS Total Endpoints  
----------         ----------         --------               -------      -------  ---------------------  -------------------      -------      -------  ---------------------  -------------------  
**async_default**  clk_pl_0           clk_pl_0                23.552        0.000                      0                 3948        0.180        0.000                      0                 3948  


------------------------------------------------------------------------------------------------
| User Ignored Path Table
| -----------------------
------------------------------------------------------------------------------------------------

Path Group    From Clock    To Clock    
----------    ----------    --------    
(none)                      clk_pl_0      
(none)        clk_pl_0      clk_pl_0      


------------------------------------------------------------------------------------------------
| Unconstrained Path Table
| ------------------------
------------------------------------------------------------------------------------------------

Path Group    From Clock    To Clock    
----------    ----------    --------    


------------------------------------------------------------------------------------------------
| Timing Details
| --------------
------------------------------------------------------------------------------------------------


---------------------------------------------------------------------------------------------------
From Clock:  clk_pl_0
  To Clock:  clk_pl_0

Setup :            0  Failing Endpoints,  Worst Slack       11.492ns,  Total Violation        0.000ns
Hold  :            0  Failing Endpoints,  Worst Slack        0.012ns,  Total Violation        0.000ns
PW    :            0  Failing Endpoints,  Worst Slack       15.500ns,  Total Violation        0.000ns
---------------------------------------------------------------------------------------------------


Max Delay Paths
--------------------------------------------------------------------------------------
Slack (MET) :             11.492ns  (required time - arrival time)
  Source:                 design_1_i/ldpc_encoder_0/inst/ldpc_encoder_core/lifting_size_q_reg[6]/C
                            (rising edge-triggered cell FDCE clocked by clk_pl_0  {rise@0.000ns fall@17.000ns period=34.000ns})
  Destination:            design_1_i/ldpc_encoder_0/inst/ldpc_encoder_core/gf2_sum/data_out_internal_reg[2][60]/D
                            (rising edge-triggered cell FDCE clocked by clk_pl_0  {rise@0.000ns fall@17.000ns period=34.000ns})
  Path Group:             clk_pl_0
  Path Type:              Setup (Max at Slow Process Corner)
  Requirement:            34.000ns  (clk_pl_0 rise@34.000ns - clk_pl_0 rise@0.000ns)
  Data Path Delay:        22.191ns  (logic 3.677ns (16.569%)  route 18.514ns (83.431%))
  Logic Levels:           22  (CARRY8=2 LUT2=2 LUT3=3 LUT4=1 LUT5=3 LUT6=11)
  Clock Path Skew:        -0.100ns (DCD - SCD + CPR)
    Destination Clock Delay (DCD):    3.051ns = ( 37.051 - 34.000 ) 
    Source Clock Delay      (SCD):    3.336ns
    Clock Pessimism Removal (CPR):    0.185ns
  Clock Uncertainty:      0.262ns  ((TSJ^2 + DJ^2)^1/2) / 2 + PE
    Total System Jitter     (TSJ):    0.071ns
    Discrete Jitter          (DJ):    0.520ns
    Phase Error              (PE):    0.000ns
  Clock Net Delay (Source):      3.069ns (routing 1.584ns, distribution 1.485ns)
  Clock Net Delay (Destination): 2.835ns (routing 1.450ns, distribution 1.385ns)

    Location             Delay type                Incr(ns)  Path(ns)    Netlist Resource(s)
  -------------------------------------------------------------------    -------------------
                         (clock clk_pl_0 rise edge)
                                                      0.000     0.000 r  
    PS8_X0Y0             PS8                          0.000     0.000 r  design_1_i/zynq_ultra_ps_e_0/inst/PS8_i/PLCLK[0]
                         net (fo=1, routed)           0.229     0.229    design_1_i/zynq_ultra_ps_e_0/inst/pl_clk_unbuffered[0]
    BUFG_PS_X0Y80        BUFG_PS (Prop_BUFG_PS_I_O)
                                                      0.038     0.267 r  design_1_i/zynq_ultra_ps_e_0/inst/buffer_pl_clk_0.PL_CLK_0_BUFG/O
    X1Y1 (CLOCK_ROOT)    net (fo=10238, routed)       3.069     3.336    design_1_i/ldpc_encoder_0/inst/ldpc_encoder_core/clk_i
    SLICE_X16Y93         FDCE                                         r  design_1_i/ldpc_encoder_0/inst/ldpc_encoder_core/lifting_size_q_reg[6]/C
  -------------------------------------------------------------------    -------------------
    SLICE_X16Y93         FDCE (Prop_EFF_SLICEL_C_Q)
                                                      0.114     3.450 r  design_1_i/ldpc_encoder_0/inst/ldpc_encoder_core/lifting_size_q_reg[6]/Q
                         net (fo=239, routed)         3.774     7.224    design_1_i/ldpc_encoder_0/inst/ldpc_encoder_core/core_parity_bit_calculator/shifter_amt_q_reg[8]_0[4]
    SLICE_X35Y223        LUT4 (Prop_D6LUT_SLICEM_I2_O)
                                                      0.134     7.358 r  design_1_i/ldpc_encoder_0/inst/ldpc_encoder_core/core_parity_bit_calculator/i__i_331/O
                         net (fo=1, routed)           0.032     7.390    design_1_i/ldpc_encoder_0/inst/ldpc_encoder_core/core_parity_bit_calculator/i__i_331_n_0
    SLICE_X35Y223        CARRY8 (Prop_CARRY8_SLICEM_S[3]_CO[4])
                                                      0.233     7.623 r  design_1_i/ldpc_encoder_0/inst/ldpc_encoder_core/core_parity_bit_calculator/i__i_149/CO[4]
                         net (fo=71, routed)          0.251     7.874    design_1_i/ldpc_encoder_0/inst/ldpc_encoder_core/core_parity_bit_calculator/i__i_149_n_3
    SLICE_X34Y223        LUT3 (Prop_B5LUT_SLICEM_I1_O)
                                                      0.097     7.971 r  design_1_i/ldpc_encoder_0/inst/ldpc_encoder_core/core_parity_bit_calculator/i__i_86/O
                         net (fo=771, routed)         0.619     8.590    design_1_i/ldpc_encoder_0/inst/ldpc_encoder_core/core_parity_bit_calculator/i__i_86_n_0
    SLICE_X32Y212        LUT2 (Prop_A6LUT_SLICEM_I1_O)
                                                      0.189     8.779 r  design_1_i/ldpc_encoder_0/inst/ldpc_encoder_core/core_parity_bit_calculator/i__i_139/O
                         net (fo=1, routed)           0.017     8.796    design_1_i/ldpc_encoder_0/inst/ldpc_encoder_core/core_parity_bit_calculator/i__i_139_n_0
    SLICE_X32Y212        CARRY8 (Prop_CARRY8_SLICEM_S[0]_O[7])
                                                      0.336     9.132 r  design_1_i/ldpc_encoder_0/inst/ldpc_encoder_core/core_parity_bit_calculator/i__i_80/O[7]
                         net (fo=1162, routed)        2.614    11.746    design_1_i/ldpc_encoder_0/inst/ldpc_encoder_core/core_parity_bit_calculator/shifter_inst/O[7]
    SLICE_X3Y209         LUT6 (Prop_F6LUT_SLICEL_I1_O)
                                                      0.081    11.827 r  design_1_i/ldpc_encoder_0/inst/ldpc_encoder_core/core_parity_bit_calculator/shifter_inst/i___148_i_102/O
                         net (fo=4, routed)           0.780    12.607    design_1_i/ldpc_encoder_0/inst/ldpc_encoder_core/core_parity_bit_calculator/shifter_inst/i___148_i_102_n_0
    SLICE_X21Y210        LUT6 (Prop_H6LUT_SLICEM_I5_O)
                                                      0.084    12.691 r  design_1_i/ldpc_encoder_0/inst/ldpc_encoder_core/core_parity_bit_calculator/shifter_inst/i___148_i_73/O
                         net (fo=4, routed)           0.984    13.675    design_1_i/ldpc_encoder_0/inst/ldpc_encoder_core/core_parity_bit_calculator/shifter_inst/i___148_i_73_n_0
    SLICE_X27Y210        LUT6 (Prop_D6LUT_SLICEL_I3_O)
                                                      0.185    13.860 r  design_1_i/ldpc_encoder_0/inst/ldpc_encoder_core/core_parity_bit_calculator/shifter_inst/i___152_i_65/O
                         net (fo=4, routed)           0.584    14.444    design_1_i/ldpc_encoder_0/inst/ldpc_encoder_core/core_parity_bit_calculator/shifter_inst_n_203
    SLICE_X38Y217        LUT6 (Prop_D6LUT_SLICEM_I2_O)
                                                      0.056    14.500 r  design_1_i/ldpc_encoder_0/inst/ldpc_encoder_core/core_parity_bit_calculator/i___154_i_50/O
                         net (fo=1, routed)           0.209    14.709    design_1_i/ldpc_encoder_0/inst/ldpc_encoder_core/core_parity_bit_calculator/i___154_i_50_n_0
    SLICE_X39Y217        LUT6 (Prop_C6LUT_SLICEL_I0_O)
                                                      0.150    14.859 r  design_1_i/ldpc_encoder_0/inst/ldpc_encoder_core/core_parity_bit_calculator/i___154_i_43/O
                         net (fo=4, routed)           1.810    16.670    design_1_i/ldpc_encoder_0/inst/ldpc_encoder_core/core_parity_bit_calculator/cs_out[231]
    SLICE_X3Y205         LUT2 (Prop_D6LUT_SLICEL_I1_O)
                                                      0.152    16.822 r  design_1_i/ldpc_encoder_0/inst/ldpc_encoder_core/core_parity_bit_calculator/i___154_i_25/O
                         net (fo=2, routed)           0.525    17.347    design_1_i/ldpc_encoder_0/inst/ldpc_encoder_core/core_parity_bit_calculator/parity_core[0]_26[231]
    SLICE_X3Y189         LUT6 (Prop_H6LUT_SLICEL_I1_O)
                                                      0.188    17.535 r  design_1_i/ldpc_encoder_0/inst/ldpc_encoder_core/core_parity_bit_calculator/i___154_i_16/O
                         net (fo=1, routed)           0.809    18.344    design_1_i/ldpc_encoder_0/inst/ldpc_encoder_core/core_parity_bit_calculator/parity_core_arranged[2]_30[39]
    SLICE_X15Y169        LUT5 (Prop_E6LUT_SLICEL_I0_O)
                                                      0.152    18.496 r  design_1_i/ldpc_encoder_0/inst/ldpc_encoder_core/core_parity_bit_calculator/i___154_i_8/O
                         net (fo=3, routed)           0.428    18.924    design_1_i/ldpc_encoder_0/inst/ldpc_encoder_core/core_parity_bit_calculator/p_6_out[231]
    SLICE_X20Y163        LUT5 (Prop_C6LUT_SLICEM_I1_O)
                                                      0.186    19.110 r  design_1_i/ldpc_encoder_0/inst/ldpc_encoder_core/core_parity_bit_calculator/i___205_i_4/O
                         net (fo=4, routed)           0.397    19.507    design_1_i/ldpc_encoder_0/inst/ldpc_encoder_core/top_level_shifter/i___910_i_1[280]
    SLICE_X22Y154        LUT6 (Prop_F6LUT_SLICEL_I1_O)
                                                      0.187    19.694 r  design_1_i/ldpc_encoder_0/inst/ldpc_encoder_core/top_level_shifter/i___392_i_139/O
                         net (fo=1, routed)           1.098    20.792    design_1_i/ldpc_encoder_0/inst/ldpc_encoder_core/core_parity_bit_calculator/gr_out[2]_14[36]
    SLICE_X40Y148        LUT6 (Prop_H6LUT_SLICEM_I0_O)
                                                      0.228    21.020 r  design_1_i/ldpc_encoder_0/inst/ldpc_encoder_core/core_parity_bit_calculator/i___392_i_91/O
                         net (fo=6, routed)           0.767    21.787    design_1_i/ldpc_encoder_0/inst/ldpc_encoder_core/core_parity_bit_calculator/top_level_shifter/gen_shifters[2].shifter_inst/rotated_val2[57]
    SLICE_X45Y141        LUT6 (Prop_A6LUT_SLICEM_I2_O)
                                                      0.226    22.013 r  design_1_i/ldpc_encoder_0/inst/ldpc_encoder_core/core_parity_bit_calculator/i___412_i_21/O
                         net (fo=4, routed)           0.351    22.364    design_1_i/ldpc_encoder_0/inst/ldpc_encoder_core/core_parity_bit_calculator/i___412_i_21_n_0
    SLICE_X43Y142        LUT6 (Prop_G6LUT_SLICEM_I3_O)
                                                      0.226    22.590 r  design_1_i/ldpc_encoder_0/inst/ldpc_encoder_core/core_parity_bit_calculator/i___412_i_6/O
                         net (fo=4, routed)           0.380    22.970    design_1_i/ldpc_encoder_0/inst/ldpc_encoder_core/core_parity_bit_calculator/i___412_i_6_n_0
    SLICE_X40Y143        LUT3 (Prop_D6LUT_SLICEM_I0_O)
                                                      0.151    23.121 r  design_1_i/ldpc_encoder_0/inst/ldpc_encoder_core/core_parity_bit_calculator/i___412_i_2/O
                         net (fo=1, routed)           0.250    23.371    design_1_i/ldpc_encoder_0/inst/ldpc_encoder_core/top_level_shifter/data_out_internal[2][30]_i_2_0
    SLICE_X36Y142        LUT6 (Prop_G6LUT_SLICEL_I4_O)
                                                      0.151    23.522 r  design_1_i/ldpc_encoder_0/inst/ldpc_encoder_core/top_level_shifter/i___412/O
                         net (fo=3, routed)           0.615    24.137    design_1_i/ldpc_encoder_0/inst/ldpc_encoder_core/core_parity_bit_calculator/data_out_internal_reg[2][60]
    SLICE_X32Y150        LUT5 (Prop_C6LUT_SLICEM_I2_O)
                                                      0.080    24.217 r  design_1_i/ldpc_encoder_0/inst/ldpc_encoder_core/core_parity_bit_calculator/data_out_internal[2][60]_i_2/O
                         net (fo=1, routed)           1.194    25.411    design_1_i/ldpc_encoder_0/inst/ldpc_encoder_core/core_parity_bit_calculator/cs_data_out[2]_6[60]
    SLICE_X14Y157        LUT3 (Prop_C5LUT_SLICEL_I0_O)
                                                      0.091    25.502 r  design_1_i/ldpc_encoder_0/inst/ldpc_encoder_core/core_parity_bit_calculator/data_out_internal[2][60]_i_1/O
                         net (fo=1, routed)           0.025    25.527    design_1_i/ldpc_encoder_0/inst/ldpc_encoder_core/gf2_sum/data_out_internal_reg[2][95]_1[60]
    SLICE_X14Y157        FDCE                                         r  design_1_i/ldpc_encoder_0/inst/ldpc_encoder_core/gf2_sum/data_out_internal_reg[2][60]/D
  -------------------------------------------------------------------    -------------------

                         (clock clk_pl_0 rise edge)
                                                     34.000    34.000 r  
    PS8_X0Y0             PS8                          0.000    34.000 r  design_1_i/zynq_ultra_ps_e_0/inst/PS8_i/PLCLK[0]
                         net (fo=1, routed)           0.181    34.181    design_1_i/zynq_ultra_ps_e_0/inst/pl_clk_unbuffered[0]
    BUFG_PS_X0Y80        BUFG_PS (Prop_BUFG_PS_I_O)
                                                      0.035    34.216 r  design_1_i/zynq_ultra_ps_e_0/inst/buffer_pl_clk_0.PL_CLK_0_BUFG/O
    X1Y1 (CLOCK_ROOT)    net (fo=10238, routed)       2.835    37.051    design_1_i/ldpc_encoder_0/inst/ldpc_encoder_core/gf2_sum/clk_i
    SLICE_X14Y157        FDCE                                         r  design_1_i/ldpc_encoder_0/inst/ldpc_encoder_core/gf2_sum/data_out_internal_reg[2][60]/C
                         clock pessimism              0.185    37.236    
                         clock uncertainty           -0.262    36.974    
    SLICE_X14Y157        FDCE (Setup_CFF2_SLICEL_C_D)
                                                      0.046    37.020    design_1_i/ldpc_encoder_0/inst/ldpc_encoder_core/gf2_sum/data_out_internal_reg[2][60]
  -------------------------------------------------------------------
                         required time                         37.020    
                         arrival time                         -25.527    
  -------------------------------------------------------------------
                         slack                                 11.492    

Slack (MET) :             11.495ns  (required time - arrival time)
  Source:                 design_1_i/ldpc_encoder_0/inst/ldpc_encoder_core/lifting_size_q_reg[6]/C
                            (rising edge-triggered cell FDCE clocked by clk_pl_0  {rise@0.000ns fall@17.000ns period=34.000ns})
  Destination:            design_1_i/ldpc_encoder_0/inst/ldpc_encoder_core/gf2_sum/data_out_internal_reg[2][26]/D
                            (rising edge-triggered cell FDCE clocked by clk_pl_0  {rise@0.000ns fall@17.000ns period=34.000ns})
  Path Group:             clk_pl_0
  Path Type:              Setup (Max at Slow Process Corner)
  Requirement:            34.000ns  (clk_pl_0 rise@34.000ns - clk_pl_0 rise@0.000ns)
  Data Path Delay:        22.179ns  (logic 3.904ns (17.603%)  route 18.275ns (82.397%))
  Logic Levels:           22  (CARRY8=2 LUT2=2 LUT3=3 LUT4=1 LUT5=3 LUT6=11)
  Clock Path Skew:        -0.110ns (DCD - SCD + CPR)
    Destination Clock Delay (DCD):    3.041ns = ( 37.041 - 34.000 ) 
    Source Clock Delay      (SCD):    3.336ns
    Clock Pessimism Removal (CPR):    0.185ns
  Clock Uncertainty:      0.262ns  ((TSJ^2 + DJ^2)^1/2) / 2 + PE
    Total System Jitter     (TSJ):    0.071ns
    Discrete Jitter          (DJ):    0.520ns
    Phase Error              (PE):    0.000ns
  Clock Net Delay (Source):      3.069ns (routing 1.584ns, distribution 1.485ns)
  Clock Net Delay (Destination): 2.825ns (routing 1.450ns, distribution 1.375ns)

    Location             Delay type                Incr(ns)  Path(ns)    Netlist Resource(s)
  -------------------------------------------------------------------    -------------------
                         (clock clk_pl_0 rise edge)
                                                      0.000     0.000 r  
    PS8_X0Y0             PS8                          0.000     0.000 r  design_1_i/zynq_ultra_ps_e_0/inst/PS8_i/PLCLK[0]
                         net (fo=1, routed)           0.229     0.229    design_1_i/zynq_ultra_ps_e_0/inst/pl_clk_unbuffered[0]
    BUFG_PS_X0Y80        BUFG_PS (Prop_BUFG_PS_I_O)
                                                      0.038     0.267 r  design_1_i/zynq_ultra_ps_e_0/inst/buffer_pl_clk_0.PL_CLK_0_BUFG/O
    X1Y1 (CLOCK_ROOT)    net (fo=10238, routed)       3.069     3.336    design_1_i/ldpc_encoder_0/inst/ldpc_encoder_core/clk_i
    SLICE_X16Y93         FDCE                                         r  design_1_i/ldpc_encoder_0/inst/ldpc_encoder_core/lifting_size_q_reg[6]/C
  -------------------------------------------------------------------    -------------------
    SLICE_X16Y93         FDCE (Prop_EFF_SLICEL_C_Q)
                                                      0.114     3.450 r  design_1_i/ldpc_encoder_0/inst/ldpc_encoder_core/lifting_size_q_reg[6]/Q
                         net (fo=239, routed)         3.774     7.224    design_1_i/ldpc_encoder_0/inst/ldpc_encoder_core/core_parity_bit_calculator/shifter_amt_q_reg[8]_0[4]
    SLICE_X35Y223        LUT4 (Prop_D6LUT_SLICEM_I2_O)
                                                      0.134     7.358 r  design_1_i/ldpc_encoder_0/inst/ldpc_encoder_core/core_parity_bit_calculator/i__i_331/O
                         net (fo=1, routed)           0.032     7.390    design_1_i/ldpc_encoder_0/inst/ldpc_encoder_core/core_parity_bit_calculator/i__i_331_n_0
    SLICE_X35Y223        CARRY8 (Prop_CARRY8_SLICEM_S[3]_CO[4])
                                                      0.233     7.623 r  design_1_i/ldpc_encoder_0/inst/ldpc_encoder_core/core_parity_bit_calculator/i__i_149/CO[4]
                         net (fo=71, routed)          0.251     7.874    design_1_i/ldpc_encoder_0/inst/ldpc_encoder_core/core_parity_bit_calculator/i__i_149_n_3
    SLICE_X34Y223        LUT3 (Prop_B5LUT_SLICEM_I1_O)
                                                      0.097     7.971 r  design_1_i/ldpc_encoder_0/inst/ldpc_encoder_core/core_parity_bit_calculator/i__i_86/O
                         net (fo=771, routed)         0.619     8.590    design_1_i/ldpc_encoder_0/inst/ldpc_encoder_core/core_parity_bit_calculator/i__i_86_n_0
    SLICE_X32Y212        LUT2 (Prop_A6LUT_SLICEM_I1_O)
                                                      0.189     8.779 r  design_1_i/ldpc_encoder_0/inst/ldpc_encoder_core/core_parity_bit_calculator/i__i_139/O
                         net (fo=1, routed)           0.017     8.796    design_1_i/ldpc_encoder_0/inst/ldpc_encoder_core/core_parity_bit_calculator/i__i_139_n_0
    SLICE_X32Y212        CARRY8 (Prop_CARRY8_SLICEM_S[0]_O[7])
                                                      0.336     9.132 r  design_1_i/ldpc_encoder_0/inst/ldpc_encoder_core/core_parity_bit_calculator/i__i_80/O[7]
                         net (fo=1162, routed)        2.614    11.746    design_1_i/ldpc_encoder_0/inst/ldpc_encoder_core/core_parity_bit_calculator/shifter_inst/O[7]
    SLICE_X3Y209         LUT6 (Prop_F6LUT_SLICEL_I1_O)
                                                      0.081    11.827 r  design_1_i/ldpc_encoder_0/inst/ldpc_encoder_core/core_parity_bit_calculator/shifter_inst/i___148_i_102/O
                         net (fo=4, routed)           0.780    12.607    design_1_i/ldpc_encoder_0/inst/ldpc_encoder_core/core_parity_bit_calculator/shifter_inst/i___148_i_102_n_0
    SLICE_X21Y210        LUT6 (Prop_H6LUT_SLICEM_I5_O)
                                                      0.084    12.691 r  design_1_i/ldpc_encoder_0/inst/ldpc_encoder_core/core_parity_bit_calculator/shifter_inst/i___148_i_73/O
                         net (fo=4, routed)           0.984    13.675    design_1_i/ldpc_encoder_0/inst/ldpc_encoder_core/core_parity_bit_calculator/shifter_inst/i___148_i_73_n_0
    SLICE_X27Y210        LUT6 (Prop_D6LUT_SLICEL_I3_O)
                                                      0.185    13.860 r  design_1_i/ldpc_encoder_0/inst/ldpc_encoder_core/core_parity_bit_calculator/shifter_inst/i___152_i_65/O
                         net (fo=4, routed)           0.584    14.444    design_1_i/ldpc_encoder_0/inst/ldpc_encoder_core/core_parity_bit_calculator/shifter_inst_n_203
    SLICE_X38Y217        LUT6 (Prop_D6LUT_SLICEM_I2_O)
                                                      0.056    14.500 r  design_1_i/ldpc_encoder_0/inst/ldpc_encoder_core/core_parity_bit_calculator/i___154_i_50/O
                         net (fo=1, routed)           0.209    14.709    design_1_i/ldpc_encoder_0/inst/ldpc_encoder_core/core_parity_bit_calculator/i___154_i_50_n_0
    SLICE_X39Y217        LUT6 (Prop_C6LUT_SLICEL_I0_O)
                                                      0.150    14.859 r  design_1_i/ldpc_encoder_0/inst/ldpc_encoder_core/core_parity_bit_calculator/i___154_i_43/O
                         net (fo=4, routed)           1.810    16.670    design_1_i/ldpc_encoder_0/inst/ldpc_encoder_core/core_parity_bit_calculator/cs_out[231]
    SLICE_X3Y205         LUT2 (Prop_D6LUT_SLICEL_I1_O)
                                                      0.152    16.822 r  design_1_i/ldpc_encoder_0/inst/ldpc_encoder_core/core_parity_bit_calculator/i___154_i_25/O
                         net (fo=2, routed)           0.525    17.347    design_1_i/ldpc_encoder_0/inst/ldpc_encoder_core/core_parity_bit_calculator/parity_core[0]_26[231]
    SLICE_X3Y189         LUT6 (Prop_H6LUT_SLICEL_I1_O)
                                                      0.188    17.535 r  design_1_i/ldpc_encoder_0/inst/ldpc_encoder_core/core_parity_bit_calculator/i___154_i_16/O
                         net (fo=1, routed)           0.809    18.344    design_1_i/ldpc_encoder_0/inst/ldpc_encoder_core/core_parity_bit_calculator/parity_core_arranged[2]_30[39]
    SLICE_X15Y169        LUT5 (Prop_E6LUT_SLICEL_I0_O)
                                                      0.152    18.496 r  design_1_i/ldpc_encoder_0/inst/ldpc_encoder_core/core_parity_bit_calculator/i___154_i_8/O
                         net (fo=3, routed)           0.428    18.924    design_1_i/ldpc_encoder_0/inst/ldpc_encoder_core/core_parity_bit_calculator/p_6_out[231]
    SLICE_X20Y163        LUT5 (Prop_C6LUT_SLICEM_I1_O)
                                                      0.186    19.110 r  design_1_i/ldpc_encoder_0/inst/ldpc_encoder_core/core_parity_bit_calculator/i___205_i_4/O
                         net (fo=4, routed)           0.397    19.507    design_1_i/ldpc_encoder_0/inst/ldpc_encoder_core/top_level_shifter/i___910_i_1[280]
    SLICE_X22Y154        LUT6 (Prop_F6LUT_SLICEL_I1_O)
                                                      0.187    19.694 r  design_1_i/ldpc_encoder_0/inst/ldpc_encoder_core/top_level_shifter/i___392_i_139/O
                         net (fo=1, routed)           1.098    20.792    design_1_i/ldpc_encoder_0/inst/ldpc_encoder_core/core_parity_bit_calculator/gr_out[2]_14[36]
    SLICE_X40Y148        LUT6 (Prop_H6LUT_SLICEM_I0_O)
                                                      0.228    21.020 r  design_1_i/ldpc_encoder_0/inst/ldpc_encoder_core/core_parity_bit_calculator/i___392_i_91/O
                         net (fo=6, routed)           0.758    21.777    design_1_i/ldpc_encoder_0/inst/ldpc_encoder_core/core_parity_bit_calculator/top_level_shifter/gen_shifters[2].shifter_inst/rotated_val2[57]
    SLICE_X45Y141        LUT6 (Prop_D6LUT_SLICEM_I2_O)
                                                      0.185    21.962 r  design_1_i/ldpc_encoder_0/inst/ldpc_encoder_core/core_parity_bit_calculator/i___403_i_18/O
                         net (fo=4, routed)           0.534    22.497    design_1_i/ldpc_encoder_0/inst/ldpc_encoder_core/core_parity_bit_calculator/i___403_i_18_n_0
    SLICE_X40Y142        LUT3 (Prop_D5LUT_SLICEM_I0_O)
                                                      0.190    22.687 r  design_1_i/ldpc_encoder_0/inst/ldpc_encoder_core/core_parity_bit_calculator/i___405_i_4/O
                         net (fo=2, routed)           0.196    22.883    design_1_i/ldpc_encoder_0/inst/ldpc_encoder_core/core_parity_bit_calculator/i___405_i_4_n_0
    SLICE_X41Y141        LUT6 (Prop_H6LUT_SLICEM_I3_O)
                                                      0.189    23.072 r  design_1_i/ldpc_encoder_0/inst/ldpc_encoder_core/core_parity_bit_calculator/i___405_i_2/O
                         net (fo=2, routed)           0.284    23.356    design_1_i/ldpc_encoder_0/inst/ldpc_encoder_core/top_level_shifter/data_out_internal[2][26]_i_2_0
    SLICE_X36Y141        LUT6 (Prop_D6LUT_SLICEL_I2_O)
                                                      0.185    23.541 r  design_1_i/ldpc_encoder_0/inst/ldpc_encoder_core/top_level_shifter/i___406/O
                         net (fo=3, routed)           0.335    23.875    design_1_i/ldpc_encoder_0/inst/ldpc_encoder_core/core_parity_bit_calculator/data_out_internal_reg[0][54]
    SLICE_X32Y146        LUT5 (Prop_F6LUT_SLICEM_I2_O)
                                                      0.186    24.061 r  design_1_i/ldpc_encoder_0/inst/ldpc_encoder_core/core_parity_bit_calculator/data_out_internal[2][26]_i_2/O
                         net (fo=1, routed)           1.212    25.273    design_1_i/ldpc_encoder_0/inst/ldpc_encoder_core/core_parity_bit_calculator/cs_data_out[2]_6[26]
    SLICE_X16Y147        LUT3 (Prop_D5LUT_SLICEL_I0_O)
                                                      0.217    25.490 r  design_1_i/ldpc_encoder_0/inst/ldpc_encoder_core/core_parity_bit_calculator/data_out_internal[2][26]_i_1/O
                         net (fo=1, routed)           0.024    25.514    design_1_i/ldpc_encoder_0/inst/ldpc_encoder_core/gf2_sum/data_out_internal_reg[2][95]_1[26]
    SLICE_X16Y147        FDCE                                         r  design_1_i/ldpc_encoder_0/inst/ldpc_encoder_core/gf2_sum/data_out_internal_reg[2][26]/D
  -------------------------------------------------------------------    -------------------

                         (clock clk_pl_0 rise edge)
                                                     34.000    34.000 r  
    PS8_X0Y0             PS8                          0.000    34.000 r  design_1_i/zynq_ultra_ps_e_0/inst/PS8_i/PLCLK[0]
                         net (fo=1, routed)           0.181    34.181    design_1_i/zynq_ultra_ps_e_0/inst/pl_clk_unbuffered[0]
    BUFG_PS_X0Y80        BUFG_PS (Prop_BUFG_PS_I_O)
                                                      0.035    34.216 r  design_1_i/zynq_ultra_ps_e_0/inst/buffer_pl_clk_0.PL_CLK_0_BUFG/O
    X1Y1 (CLOCK_ROOT)    net (fo=10238, routed)       2.825    37.041    design_1_i/ldpc_encoder_0/inst/ldpc_encoder_core/gf2_sum/clk_i
    SLICE_X16Y147        FDCE                                         r  design_1_i/ldpc_encoder_0/inst/ldpc_encoder_core/gf2_sum/data_out_internal_reg[2][26]/C
                         clock pessimism              0.185    37.226    
                         clock uncertainty           -0.262    36.964    
    SLICE_X16Y147        FDCE (Setup_DFF2_SLICEL_C_D)
                                                      0.046    37.010    design_1_i/ldpc_encoder_0/inst/ldpc_encoder_core/gf2_sum/data_out_internal_reg[2][26]
  -------------------------------------------------------------------
                         required time                         37.010    
                         arrival time                         -25.514    
  -------------------------------------------------------------------
                         slack                                 11.495    

Slack (MET) :             11.566ns  (required time - arrival time)
  Source:                 design_1_i/ldpc_encoder_0/inst/ldpc_encoder_core/lifting_size_q_reg[6]/C
                            (rising edge-triggered cell FDCE clocked by clk_pl_0  {rise@0.000ns fall@17.000ns period=34.000ns})
  Destination:            design_1_i/ldpc_encoder_0/inst/ldpc_encoder_core/gf2_sum/data_out_internal_reg[2][46]/D
                            (rising edge-triggered cell FDCE clocked by clk_pl_0  {rise@0.000ns fall@17.000ns period=34.000ns})
  Path Group:             clk_pl_0
  Path Type:              Setup (Max at Slow Process Corner)
  Requirement:            34.000ns  (clk_pl_0 rise@34.000ns - clk_pl_0 rise@0.000ns)
  Data Path Delay:        22.111ns  (logic 3.863ns (17.471%)  route 18.248ns (82.529%))
  Logic Levels:           22  (CARRY8=2 LUT2=2 LUT3=3 LUT4=1 LUT5=3 LUT6=11)
  Clock Path Skew:        -0.107ns (DCD - SCD + CPR)
    Destination Clock Delay (DCD):    3.044ns = ( 37.044 - 34.000 ) 
    Source Clock Delay      (SCD):    3.336ns
    Clock Pessimism Removal (CPR):    0.185ns
  Clock Uncertainty:      0.262ns  ((TSJ^2 + DJ^2)^1/2) / 2 + PE
    Total System Jitter     (TSJ):    0.071ns
    Discrete Jitter          (DJ):    0.520ns
    Phase Error              (PE):    0.000ns
  Clock Net Delay (Source):      3.069ns (routing 1.584ns, distribution 1.485ns)
  Clock Net Delay (Destination): 2.828ns (routing 1.450ns, distribution 1.378ns)

    Location             Delay type                Incr(ns)  Path(ns)    Netlist Resource(s)
  -------------------------------------------------------------------    -------------------
                         (clock clk_pl_0 rise edge)
                                                      0.000     0.000 r  
    PS8_X0Y0             PS8                          0.000     0.000 r  design_1_i/zynq_ultra_ps_e_0/inst/PS8_i/PLCLK[0]
                         net (fo=1, routed)           0.229     0.229    design_1_i/zynq_ultra_ps_e_0/inst/pl_clk_unbuffered[0]
    BUFG_PS_X0Y80        BUFG_PS (Prop_BUFG_PS_I_O)
                                                      0.038     0.267 r  design_1_i/zynq_ultra_ps_e_0/inst/buffer_pl_clk_0.PL_CLK_0_BUFG/O
    X1Y1 (CLOCK_ROOT)    net (fo=10238, routed)       3.069     3.336    design_1_i/ldpc_encoder_0/inst/ldpc_encoder_core/clk_i
    SLICE_X16Y93         FDCE                                         r  design_1_i/ldpc_encoder_0/inst/ldpc_encoder_core/lifting_size_q_reg[6]/C
  -------------------------------------------------------------------    -------------------
    SLICE_X16Y93         FDCE (Prop_EFF_SLICEL_C_Q)
                                                      0.114     3.450 r  design_1_i/ldpc_encoder_0/inst/ldpc_encoder_core/lifting_size_q_reg[6]/Q
                         net (fo=239, routed)         3.774     7.224    design_1_i/ldpc_encoder_0/inst/ldpc_encoder_core/core_parity_bit_calculator/shifter_amt_q_reg[8]_0[4]
    SLICE_X35Y223        LUT4 (Prop_D6LUT_SLICEM_I2_O)
                                                      0.134     7.358 r  design_1_i/ldpc_encoder_0/inst/ldpc_encoder_core/core_parity_bit_calculator/i__i_331/O
                         net (fo=1, routed)           0.032     7.390    design_1_i/ldpc_encoder_0/inst/ldpc_encoder_core/core_parity_bit_calculator/i__i_331_n_0
    SLICE_X35Y223        CARRY8 (Prop_CARRY8_SLICEM_S[3]_CO[4])
                                                      0.233     7.623 r  design_1_i/ldpc_encoder_0/inst/ldpc_encoder_core/core_parity_bit_calculator/i__i_149/CO[4]
                         net (fo=71, routed)          0.251     7.874    design_1_i/ldpc_encoder_0/inst/ldpc_encoder_core/core_parity_bit_calculator/i__i_149_n_3
    SLICE_X34Y223        LUT3 (Prop_B5LUT_SLICEM_I1_O)
                                                      0.097     7.971 r  design_1_i/ldpc_encoder_0/inst/ldpc_encoder_core/core_parity_bit_calculator/i__i_86/O
                         net (fo=771, routed)         0.619     8.590    design_1_i/ldpc_encoder_0/inst/ldpc_encoder_core/core_parity_bit_calculator/i__i_86_n_0
    SLICE_X32Y212        LUT2 (Prop_A6LUT_SLICEM_I1_O)
                                                      0.189     8.779 r  design_1_i/ldpc_encoder_0/inst/ldpc_encoder_core/core_parity_bit_calculator/i__i_139/O
                         net (fo=1, routed)           0.017     8.796    design_1_i/ldpc_encoder_0/inst/ldpc_encoder_core/core_parity_bit_calculator/i__i_139_n_0
    SLICE_X32Y212        CARRY8 (Prop_CARRY8_SLICEM_S[0]_O[7])
                                                      0.336     9.132 r  design_1_i/ldpc_encoder_0/inst/ldpc_encoder_core/core_parity_bit_calculator/i__i_80/O[7]
                         net (fo=1162, routed)        2.614    11.746    design_1_i/ldpc_encoder_0/inst/ldpc_encoder_core/core_parity_bit_calculator/shifter_inst/O[7]
    SLICE_X3Y209         LUT6 (Prop_F6LUT_SLICEL_I1_O)
                                                      0.081    11.827 r  design_1_i/ldpc_encoder_0/inst/ldpc_encoder_core/core_parity_bit_calculator/shifter_inst/i___148_i_102/O
                         net (fo=4, routed)           0.780    12.607    design_1_i/ldpc_encoder_0/inst/ldpc_encoder_core/core_parity_bit_calculator/shifter_inst/i___148_i_102_n_0
    SLICE_X21Y210        LUT6 (Prop_H6LUT_SLICEM_I5_O)
                                                      0.084    12.691 r  design_1_i/ldpc_encoder_0/inst/ldpc_encoder_core/core_parity_bit_calculator/shifter_inst/i___148_i_73/O
                         net (fo=4, routed)           0.984    13.675    design_1_i/ldpc_encoder_0/inst/ldpc_encoder_core/core_parity_bit_calculator/shifter_inst/i___148_i_73_n_0
    SLICE_X27Y210        LUT6 (Prop_D6LUT_SLICEL_I3_O)
                                                      0.185    13.860 r  design_1_i/ldpc_encoder_0/inst/ldpc_encoder_core/core_parity_bit_calculator/shifter_inst/i___152_i_65/O
                         net (fo=4, routed)           0.584    14.444    design_1_i/ldpc_encoder_0/inst/ldpc_encoder_core/core_parity_bit_calculator/shifter_inst_n_203
    SLICE_X38Y217        LUT6 (Prop_D6LUT_SLICEM_I2_O)
                                                      0.056    14.500 r  design_1_i/ldpc_encoder_0/inst/ldpc_encoder_core/core_parity_bit_calculator/i___154_i_50/O
                         net (fo=1, routed)           0.209    14.709    design_1_i/ldpc_encoder_0/inst/ldpc_encoder_core/core_parity_bit_calculator/i___154_i_50_n_0
    SLICE_X39Y217        LUT6 (Prop_C6LUT_SLICEL_I0_O)
                                                      0.150    14.859 r  design_1_i/ldpc_encoder_0/inst/ldpc_encoder_core/core_parity_bit_calculator/i___154_i_43/O
                         net (fo=4, routed)           1.810    16.670    design_1_i/ldpc_encoder_0/inst/ldpc_encoder_core/core_parity_bit_calculator/cs_out[231]
    SLICE_X3Y205         LUT2 (Prop_D6LUT_SLICEL_I1_O)
                                                      0.152    16.822 r  design_1_i/ldpc_encoder_0/inst/ldpc_encoder_core/core_parity_bit_calculator/i___154_i_25/O
                         net (fo=2, routed)           0.525    17.347    design_1_i/ldpc_encoder_0/inst/ldpc_encoder_core/core_parity_bit_calculator/parity_core[0]_26[231]
    SLICE_X3Y189         LUT6 (Prop_H6LUT_SLICEL_I1_O)
                                                      0.188    17.535 r  design_1_i/ldpc_encoder_0/inst/ldpc_encoder_core/core_parity_bit_calculator/i___154_i_16/O
                         net (fo=1, routed)           0.809    18.344    design_1_i/ldpc_encoder_0/inst/ldpc_encoder_core/core_parity_bit_calculator/parity_core_arranged[2]_30[39]
    SLICE_X15Y169        LUT5 (Prop_E6LUT_SLICEL_I0_O)
                                                      0.152    18.496 r  design_1_i/ldpc_encoder_0/inst/ldpc_encoder_core/core_parity_bit_calculator/i___154_i_8/O
                         net (fo=3, routed)           0.428    18.924    design_1_i/ldpc_encoder_0/inst/ldpc_encoder_core/core_parity_bit_calculator/p_6_out[231]
    SLICE_X20Y163        LUT5 (Prop_C6LUT_SLICEM_I1_O)
                                                      0.186    19.110 r  design_1_i/ldpc_encoder_0/inst/ldpc_encoder_core/core_parity_bit_calculator/i___205_i_4/O
                         net (fo=4, routed)           0.397    19.507    design_1_i/ldpc_encoder_0/inst/ldpc_encoder_core/top_level_shifter/i___910_i_1[280]
    SLICE_X22Y154        LUT6 (Prop_F6LUT_SLICEL_I1_O)
                                                      0.187    19.694 r  design_1_i/ldpc_encoder_0/inst/ldpc_encoder_core/top_level_shifter/i___392_i_139/O
                         net (fo=1, routed)           1.098    20.792    design_1_i/ldpc_encoder_0/inst/ldpc_encoder_core/core_parity_bit_calculator/gr_out[2]_14[36]
    SLICE_X40Y148        LUT6 (Prop_H6LUT_SLICEM_I0_O)
                                                      0.228    21.020 r  design_1_i/ldpc_encoder_0/inst/ldpc_encoder_core/core_parity_bit_calculator/i___392_i_91/O
                         net (fo=6, routed)           0.758    21.777    design_1_i/ldpc_encoder_0/inst/ldpc_encoder_core/core_parity_bit_calculator/top_level_shifter/gen_shifters[2].shifter_inst/rotated_val2[57]
    SLICE_X45Y141        LUT6 (Prop_D6LUT_SLICEM_I2_O)
                                                      0.185    21.962 r  design_1_i/ldpc_encoder_0/inst/ldpc_encoder_core/core_parity_bit_calculator/i___403_i_18/O
                         net (fo=4, routed)           0.384    22.346    design_1_i/ldpc_encoder_0/inst/ldpc_encoder_core/core_parity_bit_calculator/i___403_i_18_n_0
    SLICE_X42Y142        LUT6 (Prop_F6LUT_SLICEL_I5_O)
                                                      0.187    22.533 r  design_1_i/ldpc_encoder_0/inst/ldpc_encoder_core/core_parity_bit_calculator/i___418_i_5/O
                         net (fo=2, routed)           0.324    22.857    design_1_i/ldpc_encoder_0/inst/ldpc_encoder_core/core_parity_bit_calculator/i___418_i_5_n_0
    SLICE_X40Y144        LUT3 (Prop_C6LUT_SLICEM_I0_O)
                                                      0.149    23.006 r  design_1_i/ldpc_encoder_0/inst/ldpc_encoder_core/core_parity_bit_calculator/i___420_i_2/O
                         net (fo=2, routed)           0.259    23.265    design_1_i/ldpc_encoder_0/inst/ldpc_encoder_core/top_level_shifter/data_out_internal[2][46]_i_2_0
    SLICE_X36Y144        LUT6 (Prop_F6LUT_SLICEL_I2_O)
                                                      0.224    23.489 r  design_1_i/ldpc_encoder_0/inst/ldpc_encoder_core/top_level_shifter/i___421/O
                         net (fo=3, routed)           0.310    23.799    design_1_i/ldpc_encoder_0/inst/ldpc_encoder_core/core_parity_bit_calculator/data_out_internal_reg[0][94]
    SLICE_X34Y156        LUT5 (Prop_F6LUT_SLICEM_I2_O)
                                                      0.149    23.948 r  design_1_i/ldpc_encoder_0/inst/ldpc_encoder_core/core_parity_bit_calculator/data_out_internal[2][46]_i_2/O
                         net (fo=1, routed)           1.258    25.206    design_1_i/ldpc_encoder_0/inst/ldpc_encoder_core/core_parity_bit_calculator/cs_data_out[2]_6[46]
    SLICE_X19Y163        LUT3 (Prop_D5LUT_SLICEL_I0_O)
                                                      0.217    25.423 r  design_1_i/ldpc_encoder_0/inst/ldpc_encoder_core/core_parity_bit_calculator/data_out_internal[2][46]_i_1/O
                         net (fo=1, routed)           0.024    25.447    design_1_i/ldpc_encoder_0/inst/ldpc_encoder_core/gf2_sum/data_out_internal_reg[2][95]_1[46]
    SLICE_X19Y163        FDCE                                         r  design_1_i/ldpc_encoder_0/inst/ldpc_encoder_core/gf2_sum/data_out_internal_reg[2][46]/D
  -------------------------------------------------------------------    -------------------

                         (clock clk_pl_0 rise edge)
                                                     34.000    34.000 r  
    PS8_X0Y0             PS8                          0.000    34.000 r  design_1_i/zynq_ultra_ps_e_0/inst/PS8_i/PLCLK[0]
                         net (fo=1, routed)           0.181    34.181    design_1_i/zynq_ultra_ps_e_0/inst/pl_clk_unbuffered[0]
    BUFG_PS_X0Y80        BUFG_PS (Prop_BUFG_PS_I_O)
                                                      0.035    34.216 r  design_1_i/zynq_ultra_ps_e_0/inst/buffer_pl_clk_0.PL_CLK_0_BUFG/O
    X1Y1 (CLOCK_ROOT)    net (fo=10238, routed)       2.828    37.044    design_1_i/ldpc_encoder_0/inst/ldpc_encoder_core/gf2_sum/clk_i
    SLICE_X19Y163        FDCE                                         r  design_1_i/ldpc_encoder_0/inst/ldpc_encoder_core/gf2_sum/data_out_internal_reg[2][46]/C
                         clock pessimism              0.185    37.229    
                         clock uncertainty           -0.262    36.967    
    SLICE_X19Y163        FDCE (Setup_DFF2_SLICEL_C_D)
                                                      0.046    37.013    design_1_i/ldpc_encoder_0/inst/ldpc_encoder_core/gf2_sum/data_out_internal_reg[2][46]
  -------------------------------------------------------------------
                         required time                         37.013    
                         arrival time                         -25.447    
  -------------------------------------------------------------------
                         slack                                 11.566    

Slack (MET) :             11.585ns  (required time - arrival time)
  Source:                 design_1_i/ldpc_encoder_0/inst/ldpc_encoder_core/lifting_size_q_reg[5]/C
                            (rising edge-triggered cell FDCE clocked by clk_pl_0  {rise@0.000ns fall@17.000ns period=34.000ns})
  Destination:            design_1_i/ldpc_encoder_0/inst/ldpc_encoder_core/gf2_sum/data_out_internal_reg[0][45]/D
                            (rising edge-triggered cell FDCE clocked by clk_pl_0  {rise@0.000ns fall@17.000ns period=34.000ns})
  Path Group:             clk_pl_0
  Path Type:              Setup (Max at Slow Process Corner)
  Requirement:            34.000ns  (clk_pl_0 rise@34.000ns - clk_pl_0 rise@0.000ns)
  Data Path Delay:        22.085ns  (logic 3.435ns (15.553%)  route 18.650ns (84.447%))
  Logic Levels:           21  (LUT2=1 LUT3=1 LUT4=1 LUT5=6 LUT6=12)
  Clock Path Skew:        -0.114ns (DCD - SCD + CPR)
    Destination Clock Delay (DCD):    3.035ns = ( 37.035 - 34.000 ) 
    Source Clock Delay      (SCD):    3.334ns
    Clock Pessimism Removal (CPR):    0.185ns
  Clock Uncertainty:      0.262ns  ((TSJ^2 + DJ^2)^1/2) / 2 + PE
    Total System Jitter     (TSJ):    0.071ns
    Discrete Jitter          (DJ):    0.520ns
    Phase Error              (PE):    0.000ns
  Clock Net Delay (Source):      3.067ns (routing 1.584ns, distribution 1.483ns)
  Clock Net Delay (Destination): 2.819ns (routing 1.450ns, distribution 1.369ns)

    Location             Delay type                Incr(ns)  Path(ns)    Netlist Resource(s)
  -------------------------------------------------------------------    -------------------
                         (clock clk_pl_0 rise edge)
                                                      0.000     0.000 r  
    PS8_X0Y0             PS8                          0.000     0.000 r  design_1_i/zynq_ultra_ps_e_0/inst/PS8_i/PLCLK[0]
                         net (fo=1, routed)           0.229     0.229    design_1_i/zynq_ultra_ps_e_0/inst/pl_clk_unbuffered[0]
    BUFG_PS_X0Y80        BUFG_PS (Prop_BUFG_PS_I_O)
                                                      0.038     0.267 r  design_1_i/zynq_ultra_ps_e_0/inst/buffer_pl_clk_0.PL_CLK_0_BUFG/O
    X1Y1 (CLOCK_ROOT)    net (fo=10238, routed)       3.067     3.334    design_1_i/ldpc_encoder_0/inst/ldpc_encoder_core/clk_i
    SLICE_X19Y93         FDCE                                         r  design_1_i/ldpc_encoder_0/inst/ldpc_encoder_core/lifting_size_q_reg[5]/C
  -------------------------------------------------------------------    -------------------
    SLICE_X19Y93         FDCE (Prop_AFF_SLICEL_C_Q)
                                                      0.114     3.448 r  design_1_i/ldpc_encoder_0/inst/ldpc_encoder_core/lifting_size_q_reg[5]/Q
                         net (fo=203, routed)         3.737     7.184    design_1_i/ldpc_encoder_0/inst/ldpc_encoder_core/gf2_sum/data_in_reg_reg[2][383][1]
    SLICE_X45Y188        LUT6 (Prop_C6LUT_SLICEM_I2_O)
                                                      0.220     7.404 r  design_1_i/ldpc_encoder_0/inst/ldpc_encoder_core/gf2_sum/ram_reg[3][0]_0_i_1099/O
                         net (fo=60, routed)          2.098     9.502    design_1_i/ldpc_encoder_0/inst/ldpc_encoder_core/gf2_sum/rotated_val3[303]
    SLICE_X23Y223        LUT6 (Prop_C6LUT_SLICEL_I3_O)
                                                      0.150     9.652 r  design_1_i/ldpc_encoder_0/inst/ldpc_encoder_core/gf2_sum/ram_reg[3][0]_0_i_1114/O
                         net (fo=10, routed)          1.283    10.936    design_1_i/ldpc_encoder_0/inst/ldpc_encoder_core/core_parity_bit_calculator/rotated_val3[300]
    SLICE_X2Y201         LUT5 (Prop_D6LUT_SLICEM_I4_O)
                                                      0.220    11.156 r  design_1_i/ldpc_encoder_0/inst/ldpc_encoder_core/core_parity_bit_calculator/i__i_1601/O
                         net (fo=8, routed)           0.679    11.834    design_1_i/ldpc_encoder_0/inst/ldpc_encoder_core/core_parity_bit_calculator/shifter_inst/rotated_val2[301]
    SLICE_X12Y211        LUT5 (Prop_F6LUT_SLICEM_I3_O)
                                                      0.186    12.020 r  design_1_i/ldpc_encoder_0/inst/ldpc_encoder_core/core_parity_bit_calculator/shifter_inst/rotated_val1_inferred__0/i___162_i_87/O
                         net (fo=2, routed)           0.218    12.239    design_1_i/ldpc_encoder_0/inst/ldpc_encoder_core/core_parity_bit_calculator/shifter_inst/rotated_val1_inferred__0/i___162_i_87_n_0
    SLICE_X12Y211        LUT6 (Prop_G6LUT_SLICEM_I0_O)
                                                      0.186    12.425 r  design_1_i/ldpc_encoder_0/inst/ldpc_encoder_core/core_parity_bit_calculator/shifter_inst/rotated_val1_inferred__0/i___162_i_80/O
                         net (fo=4, routed)           1.259    13.684    design_1_i/ldpc_encoder_0/inst/ldpc_encoder_core/core_parity_bit_calculator/shifter_inst/rotated_val1_inferred__0/i___162_i_80_n_0
    SLICE_X29Y213        LUT6 (Prop_D6LUT_SLICEM_I0_O)
                                                      0.151    13.835 r  design_1_i/ldpc_encoder_0/inst/ldpc_encoder_core/core_parity_bit_calculator/shifter_inst/rotated_val1_inferred__0/i___162_i_72/O
                         net (fo=4, routed)           0.555    14.390    design_1_i/ldpc_encoder_0/inst/ldpc_encoder_core/core_parity_bit_calculator/shifter_inst_n_648
    SLICE_X35Y218        LUT6 (Prop_F6LUT_SLICEM_I2_O)
                                                      0.186    14.576 r  design_1_i/ldpc_encoder_0/inst/ldpc_encoder_core/core_parity_bit_calculator/i___162_i_56/O
                         net (fo=1, routed)           0.101    14.677    design_1_i/ldpc_encoder_0/inst/ldpc_encoder_core/core_parity_bit_calculator/i___162_i_56_n_0
    SLICE_X35Y219        LUT6 (Prop_D6LUT_SLICEM_I1_O)
                                                      0.185    14.862 r  design_1_i/ldpc_encoder_0/inst/ldpc_encoder_core/core_parity_bit_calculator/i___162_i_47/O
                         net (fo=4, routed)           1.412    16.274    design_1_i/ldpc_encoder_0/inst/ldpc_encoder_core/core_parity_bit_calculator/cs_out[239]
    SLICE_X4Y207         LUT2 (Prop_H5LUT_SLICEM_I1_O)
                                                      0.151    16.425 r  design_1_i/ldpc_encoder_0/inst/ldpc_encoder_core/core_parity_bit_calculator/ram_reg[2][0]_0_i_511/O
                         net (fo=2, routed)           0.246    16.671    design_1_i/ldpc_encoder_0/inst/ldpc_encoder_core/core_parity_bit_calculator/parity_core[2]_25[239]
    SLICE_X3Y203         LUT4 (Prop_E6LUT_SLICEL_I0_O)
                                                      0.223    16.894 r  design_1_i/ldpc_encoder_0/inst/ldpc_encoder_core/core_parity_bit_calculator/i___162_i_26/O
                         net (fo=1, routed)           0.178    17.072    design_1_i/ldpc_encoder_0/inst/ldpc_encoder_core/core_parity_bit_calculator/i___162_i_26_n_0
    SLICE_X4Y203         LUT6 (Prop_H6LUT_SLICEM_I0_O)
                                                      0.060    17.132 r  design_1_i/ldpc_encoder_0/inst/ldpc_encoder_core/core_parity_bit_calculator/i___162_i_17/O
                         net (fo=1, routed)           0.837    17.969    design_1_i/ldpc_encoder_0/inst/ldpc_encoder_core/core_parity_bit_calculator/parity_core_arranged[2]_30[47]
    SLICE_X13Y169        LUT5 (Prop_G6LUT_SLICEM_I0_O)
                                                      0.137    18.106 r  design_1_i/ldpc_encoder_0/inst/ldpc_encoder_core/core_parity_bit_calculator/i___162_i_8/O
                         net (fo=3, routed)           1.456    19.562    design_1_i/ldpc_encoder_0/inst/ldpc_encoder_core/core_parity_bit_calculator/p_6_out[239]
    SLICE_X27Y167        LUT5 (Prop_B6LUT_SLICEL_I2_O)
                                                      0.224    19.786 r  design_1_i/ldpc_encoder_0/inst/ldpc_encoder_core/core_parity_bit_calculator/i___162_i_3/O
                         net (fo=4, routed)           0.364    20.150    design_1_i/ldpc_encoder_0/inst/ldpc_encoder_core/core_parity_bit_calculator/top_level_shifter/dbp_fwd_out[311]
    SLICE_X29Y164        LUT6 (Prop_G6LUT_SLICEM_I2_O)
                                                      0.082    20.232 r  design_1_i/ldpc_encoder_0/inst/ldpc_encoder_core/core_parity_bit_calculator/i___354_i_1/O
                         net (fo=6, routed)           1.077    21.308    design_1_i/ldpc_encoder_0/inst/ldpc_encoder_core/core_parity_bit_calculator/lifting_size_q_reg[2]_rep_0[23]
    SLICE_X21Y138        LUT6 (Prop_G6LUT_SLICEM_I5_O)
                                                      0.186    21.494 r  design_1_i/ldpc_encoder_0/inst/ldpc_encoder_core/core_parity_bit_calculator/i___224_i_34/O
                         net (fo=1, routed)           0.099    21.593    design_1_i/ldpc_encoder_0/inst/ldpc_encoder_core/core_parity_bit_calculator/i___224_i_34_n_0
    SLICE_X21Y138        LUT6 (Prop_D6LUT_SLICEM_I5_O)
                                                      0.056    21.649 r  design_1_i/ldpc_encoder_0/inst/ldpc_encoder_core/core_parity_bit_calculator/i___224_i_20/O
                         net (fo=3, routed)           0.124    21.773    design_1_i/ldpc_encoder_0/inst/ldpc_encoder_core/core_parity_bit_calculator/i___224_i_20_n_0
    SLICE_X21Y137        LUT5 (Prop_B6LUT_SLICEM_I0_O)
                                                      0.225    21.998 r  design_1_i/ldpc_encoder_0/inst/ldpc_encoder_core/core_parity_bit_calculator/i___224_i_9/O
                         net (fo=4, routed)           0.725    22.723    design_1_i/ldpc_encoder_0/inst/ldpc_encoder_core/core_parity_bit_calculator/i___224_i_9_n_0
    SLICE_X26Y135        LUT6 (Prop_C6LUT_SLICEL_I3_O)
                                                      0.056    22.779 r  design_1_i/ldpc_encoder_0/inst/ldpc_encoder_core/core_parity_bit_calculator/i___228_i_2/O
                         net (fo=2, routed)           0.358    23.137    design_1_i/ldpc_encoder_0/inst/ldpc_encoder_core/top_level_shifter/data_out_internal[1][11]_i_2_0
    SLICE_X30Y136        LUT6 (Prop_E6LUT_SLICEL_I2_O)
                                                      0.223    23.360 r  design_1_i/ldpc_encoder_0/inst/ldpc_encoder_core/top_level_shifter/i___229/O
                         net (fo=3, routed)           0.719    24.079    design_1_i/ldpc_encoder_0/inst/ldpc_encoder_core/core_parity_bit_calculator/data_out_internal_reg[0][23]_0
    SLICE_X33Y156        LUT5 (Prop_F6LUT_SLICEL_I1_O)
                                                      0.081    24.160 r  design_1_i/ldpc_encoder_0/inst/ldpc_encoder_core/core_parity_bit_calculator/data_out_internal[0][45]_i_2/O
                         net (fo=1, routed)           1.099    25.259    design_1_i/ldpc_encoder_0/inst/ldpc_encoder_core/core_parity_bit_calculator/data_out_internal[0][45]_i_2_n_0
    SLICE_X18Y156        LUT3 (Prop_H5LUT_SLICEM_I0_O)
                                                      0.133    25.392 r  design_1_i/ldpc_encoder_0/inst/ldpc_encoder_core/core_parity_bit_calculator/data_out_internal[0][45]_i_1/O
                         net (fo=1, routed)           0.027    25.419    design_1_i/ldpc_encoder_0/inst/ldpc_encoder_core/gf2_sum/D[45]
    SLICE_X18Y156        FDCE                                         r  design_1_i/ldpc_encoder_0/inst/ldpc_encoder_core/gf2_sum/data_out_internal_reg[0][45]/D
  -------------------------------------------------------------------    -------------------

                         (clock clk_pl_0 rise edge)
                                                     34.000    34.000 r  
    PS8_X0Y0             PS8                          0.000    34.000 r  design_1_i/zynq_ultra_ps_e_0/inst/PS8_i/PLCLK[0]
                         net (fo=1, routed)           0.181    34.181    design_1_i/zynq_ultra_ps_e_0/inst/pl_clk_unbuffered[0]
    BUFG_PS_X0Y80        BUFG_PS (Prop_BUFG_PS_I_O)
                                                      0.035    34.216 r  design_1_i/zynq_ultra_ps_e_0/inst/buffer_pl_clk_0.PL_CLK_0_BUFG/O
    X1Y1 (CLOCK_ROOT)    net (fo=10238, routed)       2.819    37.035    design_1_i/ldpc_encoder_0/inst/ldpc_encoder_core/gf2_sum/clk_i
    SLICE_X18Y156        FDCE                                         r  design_1_i/ldpc_encoder_0/inst/ldpc_encoder_core/gf2_sum/data_out_internal_reg[0][45]/C
                         clock pessimism              0.185    37.220    
                         clock uncertainty           -0.262    36.958    
    SLICE_X18Y156        FDCE (Setup_HFF2_SLICEM_C_D)
                                                      0.046    37.004    design_1_i/ldpc_encoder_0/inst/ldpc_encoder_core/gf2_sum/data_out_internal_reg[0][45]
  -------------------------------------------------------------------
                         required time                         37.004    
                         arrival time                         -25.419    
  -------------------------------------------------------------------
                         slack                                 11.585    

Slack (MET) :             11.595ns  (required time - arrival time)
  Source:                 design_1_i/ldpc_encoder_0/inst/ldpc_encoder_core/lifting_size_q_reg[6]/C
                            (rising edge-triggered cell FDCE clocked by clk_pl_0  {rise@0.000ns fall@17.000ns period=34.000ns})
  Destination:            design_1_i/ldpc_encoder_0/inst/ldpc_encoder_core/gf2_sum/data_out_internal_reg[2][30]/D
                            (rising edge-triggered cell FDCE clocked by clk_pl_0  {rise@0.000ns fall@17.000ns period=34.000ns})
  Path Group:             clk_pl_0
  Path Type:              Setup (Max at Slow Process Corner)
  Requirement:            34.000ns  (clk_pl_0 rise@34.000ns - clk_pl_0 rise@0.000ns)
  Data Path Delay:        22.073ns  (logic 3.719ns (16.848%)  route 18.354ns (83.152%))
  Logic Levels:           22  (CARRY8=2 LUT2=2 LUT3=3 LUT4=1 LUT5=3 LUT6=11)
  Clock Path Skew:        -0.115ns (DCD - SCD + CPR)
    Destination Clock Delay (DCD):    3.036ns = ( 37.036 - 34.000 ) 
    Source Clock Delay      (SCD):    3.336ns
    Clock Pessimism Removal (CPR):    0.185ns
  Clock Uncertainty:      0.262ns  ((TSJ^2 + DJ^2)^1/2) / 2 + PE
    Total System Jitter     (TSJ):    0.071ns
    Discrete Jitter          (DJ):    0.520ns
    Phase Error              (PE):    0.000ns
  Clock Net Delay (Source):      3.069ns (routing 1.584ns, distribution 1.485ns)
  Clock Net Delay (Destination): 2.820ns (routing 1.450ns, distribution 1.370ns)

    Location             Delay type                Incr(ns)  Path(ns)    Netlist Resource(s)
  -------------------------------------------------------------------    -------------------
                         (clock clk_pl_0 rise edge)
                                                      0.000     0.000 r  
    PS8_X0Y0             PS8                          0.000     0.000 r  design_1_i/zynq_ultra_ps_e_0/inst/PS8_i/PLCLK[0]
                         net (fo=1, routed)           0.229     0.229    design_1_i/zynq_ultra_ps_e_0/inst/pl_clk_unbuffered[0]
    BUFG_PS_X0Y80        BUFG_PS (Prop_BUFG_PS_I_O)
                                                      0.038     0.267 r  design_1_i/zynq_ultra_ps_e_0/inst/buffer_pl_clk_0.PL_CLK_0_BUFG/O
    X1Y1 (CLOCK_ROOT)    net (fo=10238, routed)       3.069     3.336    design_1_i/ldpc_encoder_0/inst/ldpc_encoder_core/clk_i
    SLICE_X16Y93         FDCE                                         r  design_1_i/ldpc_encoder_0/inst/ldpc_encoder_core/lifting_size_q_reg[6]/C
  -------------------------------------------------------------------    -------------------
    SLICE_X16Y93         FDCE (Prop_EFF_SLICEL_C_Q)
                                                      0.114     3.450 r  design_1_i/ldpc_encoder_0/inst/ldpc_encoder_core/lifting_size_q_reg[6]/Q
                         net (fo=239, routed)         3.774     7.224    design_1_i/ldpc_encoder_0/inst/ldpc_encoder_core/core_parity_bit_calculator/shifter_amt_q_reg[8]_0[4]
    SLICE_X35Y223        LUT4 (Prop_D6LUT_SLICEM_I2_O)
                                                      0.134     7.358 r  design_1_i/ldpc_encoder_0/inst/ldpc_encoder_core/core_parity_bit_calculator/i__i_331/O
                         net (fo=1, routed)           0.032     7.390    design_1_i/ldpc_encoder_0/inst/ldpc_encoder_core/core_parity_bit_calculator/i__i_331_n_0
    SLICE_X35Y223        CARRY8 (Prop_CARRY8_SLICEM_S[3]_CO[4])
                                                      0.233     7.623 r  design_1_i/ldpc_encoder_0/inst/ldpc_encoder_core/core_parity_bit_calculator/i__i_149/CO[4]
                         net (fo=71, routed)          0.251     7.874    design_1_i/ldpc_encoder_0/inst/ldpc_encoder_core/core_parity_bit_calculator/i__i_149_n_3
    SLICE_X34Y223        LUT3 (Prop_B5LUT_SLICEM_I1_O)
                                                      0.097     7.971 r  design_1_i/ldpc_encoder_0/inst/ldpc_encoder_core/core_parity_bit_calculator/i__i_86/O
                         net (fo=771, routed)         0.619     8.590    design_1_i/ldpc_encoder_0/inst/ldpc_encoder_core/core_parity_bit_calculator/i__i_86_n_0
    SLICE_X32Y212        LUT2 (Prop_A6LUT_SLICEM_I1_O)
                                                      0.189     8.779 r  design_1_i/ldpc_encoder_0/inst/ldpc_encoder_core/core_parity_bit_calculator/i__i_139/O
                         net (fo=1, routed)           0.017     8.796    design_1_i/ldpc_encoder_0/inst/ldpc_encoder_core/core_parity_bit_calculator/i__i_139_n_0
    SLICE_X32Y212        CARRY8 (Prop_CARRY8_SLICEM_S[0]_O[7])
                                                      0.336     9.132 r  design_1_i/ldpc_encoder_0/inst/ldpc_encoder_core/core_parity_bit_calculator/i__i_80/O[7]
                         net (fo=1162, routed)        2.614    11.746    design_1_i/ldpc_encoder_0/inst/ldpc_encoder_core/core_parity_bit_calculator/shifter_inst/O[7]
    SLICE_X3Y209         LUT6 (Prop_F6LUT_SLICEL_I1_O)
                                                      0.081    11.827 r  design_1_i/ldpc_encoder_0/inst/ldpc_encoder_core/core_parity_bit_calculator/shifter_inst/i___148_i_102/O
                         net (fo=4, routed)           0.780    12.607    design_1_i/ldpc_encoder_0/inst/ldpc_encoder_core/core_parity_bit_calculator/shifter_inst/i___148_i_102_n_0
    SLICE_X21Y210        LUT6 (Prop_H6LUT_SLICEM_I5_O)
                                                      0.084    12.691 r  design_1_i/ldpc_encoder_0/inst/ldpc_encoder_core/core_parity_bit_calculator/shifter_inst/i___148_i_73/O
                         net (fo=4, routed)           0.984    13.675    design_1_i/ldpc_encoder_0/inst/ldpc_encoder_core/core_parity_bit_calculator/shifter_inst/i___148_i_73_n_0
    SLICE_X27Y210        LUT6 (Prop_D6LUT_SLICEL_I3_O)
                                                      0.185    13.860 r  design_1_i/ldpc_encoder_0/inst/ldpc_encoder_core/core_parity_bit_calculator/shifter_inst/i___152_i_65/O
                         net (fo=4, routed)           0.584    14.444    design_1_i/ldpc_encoder_0/inst/ldpc_encoder_core/core_parity_bit_calculator/shifter_inst_n_203
    SLICE_X38Y217        LUT6 (Prop_D6LUT_SLICEM_I2_O)
                                                      0.056    14.500 r  design_1_i/ldpc_encoder_0/inst/ldpc_encoder_core/core_parity_bit_calculator/i___154_i_50/O
                         net (fo=1, routed)           0.209    14.709    design_1_i/ldpc_encoder_0/inst/ldpc_encoder_core/core_parity_bit_calculator/i___154_i_50_n_0
    SLICE_X39Y217        LUT6 (Prop_C6LUT_SLICEL_I0_O)
                                                      0.150    14.859 r  design_1_i/ldpc_encoder_0/inst/ldpc_encoder_core/core_parity_bit_calculator/i___154_i_43/O
                         net (fo=4, routed)           1.810    16.670    design_1_i/ldpc_encoder_0/inst/ldpc_encoder_core/core_parity_bit_calculator/cs_out[231]
    SLICE_X3Y205         LUT2 (Prop_D6LUT_SLICEL_I1_O)
                                                      0.152    16.822 r  design_1_i/ldpc_encoder_0/inst/ldpc_encoder_core/core_parity_bit_calculator/i___154_i_25/O
                         net (fo=2, routed)           0.525    17.347    design_1_i/ldpc_encoder_0/inst/ldpc_encoder_core/core_parity_bit_calculator/parity_core[0]_26[231]
    SLICE_X3Y189         LUT6 (Prop_H6LUT_SLICEL_I1_O)
                                                      0.188    17.535 r  design_1_i/ldpc_encoder_0/inst/ldpc_encoder_core/core_parity_bit_calculator/i___154_i_16/O
                         net (fo=1, routed)           0.809    18.344    design_1_i/ldpc_encoder_0/inst/ldpc_encoder_core/core_parity_bit_calculator/parity_core_arranged[2]_30[39]
    SLICE_X15Y169        LUT5 (Prop_E6LUT_SLICEL_I0_O)
                                                      0.152    18.496 r  design_1_i/ldpc_encoder_0/inst/ldpc_encoder_core/core_parity_bit_calculator/i___154_i_8/O
                         net (fo=3, routed)           0.428    18.924    design_1_i/ldpc_encoder_0/inst/ldpc_encoder_core/core_parity_bit_calculator/p_6_out[231]
    SLICE_X20Y163        LUT5 (Prop_C6LUT_SLICEM_I1_O)
                                                      0.186    19.110 r  design_1_i/ldpc_encoder_0/inst/ldpc_encoder_core/core_parity_bit_calculator/i___205_i_4/O
                         net (fo=4, routed)           0.397    19.507    design_1_i/ldpc_encoder_0/inst/ldpc_encoder_core/top_level_shifter/i___910_i_1[280]
    SLICE_X22Y154        LUT6 (Prop_F6LUT_SLICEL_I1_O)
                                                      0.187    19.694 r  design_1_i/ldpc_encoder_0/inst/ldpc_encoder_core/top_level_shifter/i___392_i_139/O
                         net (fo=1, routed)           1.098    20.792    design_1_i/ldpc_encoder_0/inst/ldpc_encoder_core/core_parity_bit_calculator/gr_out[2]_14[36]
    SLICE_X40Y148        LUT6 (Prop_H6LUT_SLICEM_I0_O)
                                                      0.228    21.020 r  design_1_i/ldpc_encoder_0/inst/ldpc_encoder_core/core_parity_bit_calculator/i___392_i_91/O
                         net (fo=6, routed)           0.767    21.787    design_1_i/ldpc_encoder_0/inst/ldpc_encoder_core/core_parity_bit_calculator/top_level_shifter/gen_shifters[2].shifter_inst/rotated_val2[57]
    SLICE_X45Y141        LUT6 (Prop_A6LUT_SLICEM_I2_O)
                                                      0.226    22.013 r  design_1_i/ldpc_encoder_0/inst/ldpc_encoder_core/core_parity_bit_calculator/i___412_i_21/O
                         net (fo=4, routed)           0.351    22.364    design_1_i/ldpc_encoder_0/inst/ldpc_encoder_core/core_parity_bit_calculator/i___412_i_21_n_0
    SLICE_X43Y142        LUT6 (Prop_G6LUT_SLICEM_I3_O)
                                                      0.226    22.590 r  design_1_i/ldpc_encoder_0/inst/ldpc_encoder_core/core_parity_bit_calculator/i___412_i_6/O
                         net (fo=4, routed)           0.380    22.970    design_1_i/ldpc_encoder_0/inst/ldpc_encoder_core/core_parity_bit_calculator/i___412_i_6_n_0
    SLICE_X40Y143        LUT3 (Prop_D6LUT_SLICEM_I0_O)
                                                      0.151    23.121 r  design_1_i/ldpc_encoder_0/inst/ldpc_encoder_core/core_parity_bit_calculator/i___412_i_2/O
                         net (fo=1, routed)           0.250    23.371    design_1_i/ldpc_encoder_0/inst/ldpc_encoder_core/top_level_shifter/data_out_internal[2][30]_i_2_0
    SLICE_X36Y142        LUT6 (Prop_G6LUT_SLICEL_I4_O)
                                                      0.151    23.522 r  design_1_i/ldpc_encoder_0/inst/ldpc_encoder_core/top_level_shifter/i___412/O
                         net (fo=3, routed)           0.612    24.134    design_1_i/ldpc_encoder_0/inst/ldpc_encoder_core/core_parity_bit_calculator/data_out_internal_reg[2][60]
    SLICE_X32Y150        LUT5 (Prop_D6LUT_SLICEM_I4_O)
                                                      0.080    24.214 r  design_1_i/ldpc_encoder_0/inst/ldpc_encoder_core/core_parity_bit_calculator/data_out_internal[2][30]_i_2/O
                         net (fo=1, routed)           1.038    25.252    design_1_i/ldpc_encoder_0/inst/ldpc_encoder_core/core_parity_bit_calculator/cs_data_out[2]_6[30]
    SLICE_X15Y152        LUT3 (Prop_D5LUT_SLICEL_I0_O)
                                                      0.133    25.385 r  design_1_i/ldpc_encoder_0/inst/ldpc_encoder_core/core_parity_bit_calculator/data_out_internal[2][30]_i_1/O
                         net (fo=1, routed)           0.024    25.409    design_1_i/ldpc_encoder_0/inst/ldpc_encoder_core/gf2_sum/data_out_internal_reg[2][95]_1[30]
    SLICE_X15Y152        FDCE                                         r  design_1_i/ldpc_encoder_0/inst/ldpc_encoder_core/gf2_sum/data_out_internal_reg[2][30]/D
  -------------------------------------------------------------------    -------------------

                         (clock clk_pl_0 rise edge)
                                                     34.000    34.000 r  
    PS8_X0Y0             PS8                          0.000    34.000 r  design_1_i/zynq_ultra_ps_e_0/inst/PS8_i/PLCLK[0]
                         net (fo=1, routed)           0.181    34.181    design_1_i/zynq_ultra_ps_e_0/inst/pl_clk_unbuffered[0]
    BUFG_PS_X0Y80        BUFG_PS (Prop_BUFG_PS_I_O)
                                                      0.035    34.216 r  design_1_i/zynq_ultra_ps_e_0/inst/buffer_pl_clk_0.PL_CLK_0_BUFG/O
    X1Y1 (CLOCK_ROOT)    net (fo=10238, routed)       2.820    37.036    design_1_i/ldpc_encoder_0/inst/ldpc_encoder_core/gf2_sum/clk_i
    SLICE_X15Y152        FDCE                                         r  design_1_i/ldpc_encoder_0/inst/ldpc_encoder_core/gf2_sum/data_out_internal_reg[2][30]/C
                         clock pessimism              0.185    37.221    
                         clock uncertainty           -0.262    36.959    
    SLICE_X15Y152        FDCE (Setup_DFF2_SLICEL_C_D)
                                                      0.046    37.005    design_1_i/ldpc_encoder_0/inst/ldpc_encoder_core/gf2_sum/data_out_internal_reg[2][30]
  -------------------------------------------------------------------
                         required time                         37.005    
                         arrival time                         -25.409    
  -------------------------------------------------------------------
                         slack                                 11.595    

Slack (MET) :             11.617ns  (required time - arrival time)
  Source:                 design_1_i/ldpc_encoder_0/inst/ldpc_encoder_core/lifting_size_q_reg[6]/C
                            (rising edge-triggered cell FDCE clocked by clk_pl_0  {rise@0.000ns fall@17.000ns period=34.000ns})
  Destination:            design_1_i/ldpc_encoder_0/inst/ldpc_encoder_core/gf2_sum/data_out_internal_reg[1][42]/D
                            (rising edge-triggered cell FDCE clocked by clk_pl_0  {rise@0.000ns fall@17.000ns period=34.000ns})
  Path Group:             clk_pl_0
  Path Type:              Setup (Max at Slow Process Corner)
  Requirement:            34.000ns  (clk_pl_0 rise@34.000ns - clk_pl_0 rise@0.000ns)
  Data Path Delay:        22.052ns  (logic 3.627ns (16.448%)  route 18.425ns (83.552%))
  Logic Levels:           22  (CARRY8=2 LUT2=2 LUT3=2 LUT4=1 LUT5=3 LUT6=12)
  Clock Path Skew:        -0.112ns (DCD - SCD + CPR)
    Destination Clock Delay (DCD):    3.039ns = ( 37.039 - 34.000 ) 
    Source Clock Delay      (SCD):    3.336ns
    Clock Pessimism Removal (CPR):    0.185ns
  Clock Uncertainty:      0.262ns  ((TSJ^2 + DJ^2)^1/2) / 2 + PE
    Total System Jitter     (TSJ):    0.071ns
    Discrete Jitter          (DJ):    0.520ns
    Phase Error              (PE):    0.000ns
  Clock Net Delay (Source):      3.069ns (routing 1.584ns, distribution 1.485ns)
  Clock Net Delay (Destination): 2.823ns (routing 1.450ns, distribution 1.373ns)

    Location             Delay type                Incr(ns)  Path(ns)    Netlist Resource(s)
  -------------------------------------------------------------------    -------------------
                         (clock clk_pl_0 rise edge)
                                                      0.000     0.000 r  
    PS8_X0Y0             PS8                          0.000     0.000 r  design_1_i/zynq_ultra_ps_e_0/inst/PS8_i/PLCLK[0]
                         net (fo=1, routed)           0.229     0.229    design_1_i/zynq_ultra_ps_e_0/inst/pl_clk_unbuffered[0]
    BUFG_PS_X0Y80        BUFG_PS (Prop_BUFG_PS_I_O)
                                                      0.038     0.267 r  design_1_i/zynq_ultra_ps_e_0/inst/buffer_pl_clk_0.PL_CLK_0_BUFG/O
    X1Y1 (CLOCK_ROOT)    net (fo=10238, routed)       3.069     3.336    design_1_i/ldpc_encoder_0/inst/ldpc_encoder_core/clk_i
    SLICE_X16Y93         FDCE                                         r  design_1_i/ldpc_encoder_0/inst/ldpc_encoder_core/lifting_size_q_reg[6]/C
  -------------------------------------------------------------------    -------------------
    SLICE_X16Y93         FDCE (Prop_EFF_SLICEL_C_Q)
                                                      0.114     3.450 r  design_1_i/ldpc_encoder_0/inst/ldpc_encoder_core/lifting_size_q_reg[6]/Q
                         net (fo=239, routed)         3.774     7.224    design_1_i/ldpc_encoder_0/inst/ldpc_encoder_core/core_parity_bit_calculator/shifter_amt_q_reg[8]_0[4]
    SLICE_X35Y223        LUT4 (Prop_D6LUT_SLICEM_I2_O)
                                                      0.134     7.358 r  design_1_i/ldpc_encoder_0/inst/ldpc_encoder_core/core_parity_bit_calculator/i__i_331/O
                         net (fo=1, routed)           0.032     7.390    design_1_i/ldpc_encoder_0/inst/ldpc_encoder_core/core_parity_bit_calculator/i__i_331_n_0
    SLICE_X35Y223        CARRY8 (Prop_CARRY8_SLICEM_S[3]_CO[4])
                                                      0.233     7.623 r  design_1_i/ldpc_encoder_0/inst/ldpc_encoder_core/core_parity_bit_calculator/i__i_149/CO[4]
                         net (fo=71, routed)          0.251     7.874    design_1_i/ldpc_encoder_0/inst/ldpc_encoder_core/core_parity_bit_calculator/i__i_149_n_3
    SLICE_X34Y223        LUT3 (Prop_B5LUT_SLICEM_I1_O)
                                                      0.097     7.971 r  design_1_i/ldpc_encoder_0/inst/ldpc_encoder_core/core_parity_bit_calculator/i__i_86/O
                         net (fo=771, routed)         0.619     8.590    design_1_i/ldpc_encoder_0/inst/ldpc_encoder_core/core_parity_bit_calculator/i__i_86_n_0
    SLICE_X32Y212        LUT2 (Prop_A6LUT_SLICEM_I1_O)
                                                      0.189     8.779 r  design_1_i/ldpc_encoder_0/inst/ldpc_encoder_core/core_parity_bit_calculator/i__i_139/O
                         net (fo=1, routed)           0.017     8.796    design_1_i/ldpc_encoder_0/inst/ldpc_encoder_core/core_parity_bit_calculator/i__i_139_n_0
    SLICE_X32Y212        CARRY8 (Prop_CARRY8_SLICEM_S[0]_O[7])
                                                      0.336     9.132 r  design_1_i/ldpc_encoder_0/inst/ldpc_encoder_core/core_parity_bit_calculator/i__i_80/O[7]
                         net (fo=1162, routed)        2.614    11.746    design_1_i/ldpc_encoder_0/inst/ldpc_encoder_core/core_parity_bit_calculator/shifter_inst/O[7]
    SLICE_X3Y209         LUT6 (Prop_F6LUT_SLICEL_I1_O)
                                                      0.081    11.827 r  design_1_i/ldpc_encoder_0/inst/ldpc_encoder_core/core_parity_bit_calculator/shifter_inst/i___148_i_102/O
                         net (fo=4, routed)           0.780    12.607    design_1_i/ldpc_encoder_0/inst/ldpc_encoder_core/core_parity_bit_calculator/shifter_inst/i___148_i_102_n_0
    SLICE_X21Y210        LUT6 (Prop_H6LUT_SLICEM_I5_O)
                                                      0.084    12.691 r  design_1_i/ldpc_encoder_0/inst/ldpc_encoder_core/core_parity_bit_calculator/shifter_inst/i___148_i_73/O
                         net (fo=4, routed)           0.984    13.675    design_1_i/ldpc_encoder_0/inst/ldpc_encoder_core/core_parity_bit_calculator/shifter_inst/i___148_i_73_n_0
    SLICE_X27Y210        LUT6 (Prop_D6LUT_SLICEL_I3_O)
                                                      0.185    13.860 r  design_1_i/ldpc_encoder_0/inst/ldpc_encoder_core/core_parity_bit_calculator/shifter_inst/i___152_i_65/O
                         net (fo=4, routed)           0.584    14.444    design_1_i/ldpc_encoder_0/inst/ldpc_encoder_core/core_parity_bit_calculator/shifter_inst_n_203
    SLICE_X38Y217        LUT6 (Prop_D6LUT_SLICEM_I2_O)
                                                      0.056    14.500 r  design_1_i/ldpc_encoder_0/inst/ldpc_encoder_core/core_parity_bit_calculator/i___154_i_50/O
                         net (fo=1, routed)           0.209    14.709    design_1_i/ldpc_encoder_0/inst/ldpc_encoder_core/core_parity_bit_calculator/i___154_i_50_n_0
    SLICE_X39Y217        LUT6 (Prop_C6LUT_SLICEL_I0_O)
                                                      0.150    14.859 r  design_1_i/ldpc_encoder_0/inst/ldpc_encoder_core/core_parity_bit_calculator/i___154_i_43/O
                         net (fo=4, routed)           1.810    16.670    design_1_i/ldpc_encoder_0/inst/ldpc_encoder_core/core_parity_bit_calculator/cs_out[231]
    SLICE_X3Y205         LUT2 (Prop_D6LUT_SLICEL_I1_O)
                                                      0.152    16.822 r  design_1_i/ldpc_encoder_0/inst/ldpc_encoder_core/core_parity_bit_calculator/i___154_i_25/O
                         net (fo=2, routed)           0.525    17.347    design_1_i/ldpc_encoder_0/inst/ldpc_encoder_core/core_parity_bit_calculator/parity_core[0]_26[231]
    SLICE_X3Y189         LUT6 (Prop_H6LUT_SLICEL_I1_O)
                                                      0.188    17.535 r  design_1_i/ldpc_encoder_0/inst/ldpc_encoder_core/core_parity_bit_calculator/i___154_i_16/O
                         net (fo=1, routed)           0.809    18.344    design_1_i/ldpc_encoder_0/inst/ldpc_encoder_core/core_parity_bit_calculator/parity_core_arranged[2]_30[39]
    SLICE_X15Y169        LUT5 (Prop_E6LUT_SLICEL_I0_O)
                                                      0.152    18.496 r  design_1_i/ldpc_encoder_0/inst/ldpc_encoder_core/core_parity_bit_calculator/i___154_i_8/O
                         net (fo=3, routed)           0.428    18.924    design_1_i/ldpc_encoder_0/inst/ldpc_encoder_core/core_parity_bit_calculator/p_6_out[231]
    SLICE_X20Y163        LUT5 (Prop_C6LUT_SLICEM_I1_O)
                                                      0.186    19.110 r  design_1_i/ldpc_encoder_0/inst/ldpc_encoder_core/core_parity_bit_calculator/i___205_i_4/O
                         net (fo=4, routed)           0.397    19.507    design_1_i/ldpc_encoder_0/inst/ldpc_encoder_core/top_level_shifter/i___910_i_1[280]
    SLICE_X22Y154        LUT6 (Prop_F6LUT_SLICEL_I1_O)
                                                      0.187    19.694 r  design_1_i/ldpc_encoder_0/inst/ldpc_encoder_core/top_level_shifter/i___392_i_139/O
                         net (fo=1, routed)           1.098    20.792    design_1_i/ldpc_encoder_0/inst/ldpc_encoder_core/core_parity_bit_calculator/gr_out[2]_14[36]
    SLICE_X40Y148        LUT6 (Prop_H6LUT_SLICEM_I0_O)
                                                      0.228    21.020 r  design_1_i/ldpc_encoder_0/inst/ldpc_encoder_core/core_parity_bit_calculator/i___392_i_91/O
                         net (fo=6, routed)           0.767    21.787    design_1_i/ldpc_encoder_0/inst/ldpc_encoder_core/core_parity_bit_calculator/top_level_shifter/gen_shifters[2].shifter_inst/rotated_val2[57]
    SLICE_X45Y141        LUT6 (Prop_A6LUT_SLICEM_I2_O)
                                                      0.226    22.013 r  design_1_i/ldpc_encoder_0/inst/ldpc_encoder_core/core_parity_bit_calculator/i___412_i_21/O
                         net (fo=4, routed)           0.433    22.446    design_1_i/ldpc_encoder_0/inst/ldpc_encoder_core/core_parity_bit_calculator/i___412_i_21_n_0
    SLICE_X43Y143        LUT6 (Prop_B6LUT_SLICEM_I1_O)
                                                      0.152    22.598 r  design_1_i/ldpc_encoder_0/inst/ldpc_encoder_core/core_parity_bit_calculator/i___455_i_4/O
                         net (fo=4, routed)           0.421    23.019    design_1_i/ldpc_encoder_0/inst/ldpc_encoder_core/core_parity_bit_calculator/i___455_i_4_n_0
    SLICE_X39Y144        LUT6 (Prop_F6LUT_SLICEL_I0_O)
                                                      0.150    23.169 r  design_1_i/ldpc_encoder_0/inst/ldpc_encoder_core/core_parity_bit_calculator/i___457_i_1/O
                         net (fo=1, routed)           0.219    23.388    design_1_i/ldpc_encoder_0/inst/ldpc_encoder_core/top_level_shifter/rotated_val10_in_4[3]
    SLICE_X37Y145        LUT6 (Prop_F6LUT_SLICEM_I2_O)
                                                      0.080    23.468 r  design_1_i/ldpc_encoder_0/inst/ldpc_encoder_core/top_level_shifter/i___457/O
                         net (fo=3, routed)           0.500    23.968    design_1_i/ldpc_encoder_0/inst/ldpc_encoder_core/core_parity_bit_calculator/data_out_internal_reg[1][42]
    SLICE_X32Y154        LUT5 (Prop_G6LUT_SLICEM_I1_O)
                                                      0.082    24.050 r  design_1_i/ldpc_encoder_0/inst/ldpc_encoder_core/core_parity_bit_calculator/data_out_internal[1][42]_i_2/O
                         net (fo=1, routed)           1.056    25.106    design_1_i/ldpc_encoder_0/inst/ldpc_encoder_core/core_parity_bit_calculator/cs_data_out[1]_5[42]
    SLICE_X17Y160        LUT3 (Prop_D6LUT_SLICEM_I0_O)
                                                      0.185    25.291 r  design_1_i/ldpc_encoder_0/inst/ldpc_encoder_core/core_parity_bit_calculator/data_out_internal[1][42]_i_1/O
                         net (fo=1, routed)           0.096    25.387    design_1_i/ldpc_encoder_0/inst/ldpc_encoder_core/gf2_sum/data_out_internal_reg[1][95]_2[42]
    SLICE_X17Y160        FDCE                                         r  design_1_i/ldpc_encoder_0/inst/ldpc_encoder_core/gf2_sum/data_out_internal_reg[1][42]/D
  -------------------------------------------------------------------    -------------------

                         (clock clk_pl_0 rise edge)
                                                     34.000    34.000 r  
    PS8_X0Y0             PS8                          0.000    34.000 r  design_1_i/zynq_ultra_ps_e_0/inst/PS8_i/PLCLK[0]
                         net (fo=1, routed)           0.181    34.181    design_1_i/zynq_ultra_ps_e_0/inst/pl_clk_unbuffered[0]
    BUFG_PS_X0Y80        BUFG_PS (Prop_BUFG_PS_I_O)
                                                      0.035    34.216 r  design_1_i/zynq_ultra_ps_e_0/inst/buffer_pl_clk_0.PL_CLK_0_BUFG/O
    X1Y1 (CLOCK_ROOT)    net (fo=10238, routed)       2.823    37.039    design_1_i/ldpc_encoder_0/inst/ldpc_encoder_core/gf2_sum/clk_i
    SLICE_X17Y160        FDCE                                         r  design_1_i/ldpc_encoder_0/inst/ldpc_encoder_core/gf2_sum/data_out_internal_reg[1][42]/C
                         clock pessimism              0.185    37.224    
                         clock uncertainty           -0.262    36.962    
    SLICE_X17Y160        FDCE (Setup_DFF_SLICEM_C_D)
                                                      0.043    37.005    design_1_i/ldpc_encoder_0/inst/ldpc_encoder_core/gf2_sum/data_out_internal_reg[1][42]
  -------------------------------------------------------------------
                         required time                         37.005    
                         arrival time                         -25.387    
  -------------------------------------------------------------------
                         slack                                 11.617    

Slack (MET) :             11.645ns  (required time - arrival time)
  Source:                 design_1_i/ldpc_encoder_0/inst/ldpc_encoder_core/lifting_size_q_reg[6]/C
                            (rising edge-triggered cell FDCE clocked by clk_pl_0  {rise@0.000ns fall@17.000ns period=34.000ns})
  Destination:            design_1_i/ldpc_encoder_0/inst/ldpc_encoder_core/gf2_sum/data_out_internal_reg[1][26]/D
                            (rising edge-triggered cell FDCE clocked by clk_pl_0  {rise@0.000ns fall@17.000ns period=34.000ns})
  Path Group:             clk_pl_0
  Path Type:              Setup (Max at Slow Process Corner)
  Requirement:            34.000ns  (clk_pl_0 rise@34.000ns - clk_pl_0 rise@0.000ns)
  Data Path Delay:        22.025ns  (logic 3.877ns (17.603%)  route 18.148ns (82.397%))
  Logic Levels:           22  (CARRY8=2 LUT2=2 LUT3=3 LUT4=1 LUT5=3 LUT6=11)
  Clock Path Skew:        -0.111ns (DCD - SCD + CPR)
    Destination Clock Delay (DCD):    3.040ns = ( 37.040 - 34.000 ) 
    Source Clock Delay      (SCD):    3.336ns
    Clock Pessimism Removal (CPR):    0.185ns
  Clock Uncertainty:      0.262ns  ((TSJ^2 + DJ^2)^1/2) / 2 + PE
    Total System Jitter     (TSJ):    0.071ns
    Discrete Jitter          (DJ):    0.520ns
    Phase Error              (PE):    0.000ns
  Clock Net Delay (Source):      3.069ns (routing 1.584ns, distribution 1.485ns)
  Clock Net Delay (Destination): 2.824ns (routing 1.450ns, distribution 1.374ns)

    Location             Delay type                Incr(ns)  Path(ns)    Netlist Resource(s)
  -------------------------------------------------------------------    -------------------
                         (clock clk_pl_0 rise edge)
                                                      0.000     0.000 r  
    PS8_X0Y0             PS8                          0.000     0.000 r  design_1_i/zynq_ultra_ps_e_0/inst/PS8_i/PLCLK[0]
                         net (fo=1, routed)           0.229     0.229    design_1_i/zynq_ultra_ps_e_0/inst/pl_clk_unbuffered[0]
    BUFG_PS_X0Y80        BUFG_PS (Prop_BUFG_PS_I_O)
                                                      0.038     0.267 r  design_1_i/zynq_ultra_ps_e_0/inst/buffer_pl_clk_0.PL_CLK_0_BUFG/O
    X1Y1 (CLOCK_ROOT)    net (fo=10238, routed)       3.069     3.336    design_1_i/ldpc_encoder_0/inst/ldpc_encoder_core/clk_i
    SLICE_X16Y93         FDCE                                         r  design_1_i/ldpc_encoder_0/inst/ldpc_encoder_core/lifting_size_q_reg[6]/C
  -------------------------------------------------------------------    -------------------
    SLICE_X16Y93         FDCE (Prop_EFF_SLICEL_C_Q)
                                                      0.114     3.450 r  design_1_i/ldpc_encoder_0/inst/ldpc_encoder_core/lifting_size_q_reg[6]/Q
                         net (fo=239, routed)         3.774     7.224    design_1_i/ldpc_encoder_0/inst/ldpc_encoder_core/core_parity_bit_calculator/shifter_amt_q_reg[8]_0[4]
    SLICE_X35Y223        LUT4 (Prop_D6LUT_SLICEM_I2_O)
                                                      0.134     7.358 r  design_1_i/ldpc_encoder_0/inst/ldpc_encoder_core/core_parity_bit_calculator/i__i_331/O
                         net (fo=1, routed)           0.032     7.390    design_1_i/ldpc_encoder_0/inst/ldpc_encoder_core/core_parity_bit_calculator/i__i_331_n_0
    SLICE_X35Y223        CARRY8 (Prop_CARRY8_SLICEM_S[3]_CO[4])
                                                      0.233     7.623 r  design_1_i/ldpc_encoder_0/inst/ldpc_encoder_core/core_parity_bit_calculator/i__i_149/CO[4]
                         net (fo=71, routed)          0.251     7.874    design_1_i/ldpc_encoder_0/inst/ldpc_encoder_core/core_parity_bit_calculator/i__i_149_n_3
    SLICE_X34Y223        LUT3 (Prop_B5LUT_SLICEM_I1_O)
                                                      0.097     7.971 r  design_1_i/ldpc_encoder_0/inst/ldpc_encoder_core/core_parity_bit_calculator/i__i_86/O
                         net (fo=771, routed)         0.619     8.590    design_1_i/ldpc_encoder_0/inst/ldpc_encoder_core/core_parity_bit_calculator/i__i_86_n_0
    SLICE_X32Y212        LUT2 (Prop_A6LUT_SLICEM_I1_O)
                                                      0.189     8.779 r  design_1_i/ldpc_encoder_0/inst/ldpc_encoder_core/core_parity_bit_calculator/i__i_139/O
                         net (fo=1, routed)           0.017     8.796    design_1_i/ldpc_encoder_0/inst/ldpc_encoder_core/core_parity_bit_calculator/i__i_139_n_0
    SLICE_X32Y212        CARRY8 (Prop_CARRY8_SLICEM_S[0]_O[7])
                                                      0.336     9.132 r  design_1_i/ldpc_encoder_0/inst/ldpc_encoder_core/core_parity_bit_calculator/i__i_80/O[7]
                         net (fo=1162, routed)        2.614    11.746    design_1_i/ldpc_encoder_0/inst/ldpc_encoder_core/core_parity_bit_calculator/shifter_inst/O[7]
    SLICE_X3Y209         LUT6 (Prop_F6LUT_SLICEL_I1_O)
                                                      0.081    11.827 r  design_1_i/ldpc_encoder_0/inst/ldpc_encoder_core/core_parity_bit_calculator/shifter_inst/i___148_i_102/O
                         net (fo=4, routed)           0.780    12.607    design_1_i/ldpc_encoder_0/inst/ldpc_encoder_core/core_parity_bit_calculator/shifter_inst/i___148_i_102_n_0
    SLICE_X21Y210        LUT6 (Prop_H6LUT_SLICEM_I5_O)
                                                      0.084    12.691 r  design_1_i/ldpc_encoder_0/inst/ldpc_encoder_core/core_parity_bit_calculator/shifter_inst/i___148_i_73/O
                         net (fo=4, routed)           0.984    13.675    design_1_i/ldpc_encoder_0/inst/ldpc_encoder_core/core_parity_bit_calculator/shifter_inst/i___148_i_73_n_0
    SLICE_X27Y210        LUT6 (Prop_D6LUT_SLICEL_I3_O)
                                                      0.185    13.860 r  design_1_i/ldpc_encoder_0/inst/ldpc_encoder_core/core_parity_bit_calculator/shifter_inst/i___152_i_65/O
                         net (fo=4, routed)           0.584    14.444    design_1_i/ldpc_encoder_0/inst/ldpc_encoder_core/core_parity_bit_calculator/shifter_inst_n_203
    SLICE_X38Y217        LUT6 (Prop_D6LUT_SLICEM_I2_O)
                                                      0.056    14.500 r  design_1_i/ldpc_encoder_0/inst/ldpc_encoder_core/core_parity_bit_calculator/i___154_i_50/O
                         net (fo=1, routed)           0.209    14.709    design_1_i/ldpc_encoder_0/inst/ldpc_encoder_core/core_parity_bit_calculator/i___154_i_50_n_0
    SLICE_X39Y217        LUT6 (Prop_C6LUT_SLICEL_I0_O)
                                                      0.150    14.859 r  design_1_i/ldpc_encoder_0/inst/ldpc_encoder_core/core_parity_bit_calculator/i___154_i_43/O
                         net (fo=4, routed)           1.810    16.670    design_1_i/ldpc_encoder_0/inst/ldpc_encoder_core/core_parity_bit_calculator/cs_out[231]
    SLICE_X3Y205         LUT2 (Prop_D6LUT_SLICEL_I1_O)
                                                      0.152    16.822 r  design_1_i/ldpc_encoder_0/inst/ldpc_encoder_core/core_parity_bit_calculator/i___154_i_25/O
                         net (fo=2, routed)           0.525    17.347    design_1_i/ldpc_encoder_0/inst/ldpc_encoder_core/core_parity_bit_calculator/parity_core[0]_26[231]
    SLICE_X3Y189         LUT6 (Prop_H6LUT_SLICEL_I1_O)
                                                      0.188    17.535 r  design_1_i/ldpc_encoder_0/inst/ldpc_encoder_core/core_parity_bit_calculator/i___154_i_16/O
                         net (fo=1, routed)           0.809    18.344    design_1_i/ldpc_encoder_0/inst/ldpc_encoder_core/core_parity_bit_calculator/parity_core_arranged[2]_30[39]
    SLICE_X15Y169        LUT5 (Prop_E6LUT_SLICEL_I0_O)
                                                      0.152    18.496 r  design_1_i/ldpc_encoder_0/inst/ldpc_encoder_core/core_parity_bit_calculator/i___154_i_8/O
                         net (fo=3, routed)           0.428    18.924    design_1_i/ldpc_encoder_0/inst/ldpc_encoder_core/core_parity_bit_calculator/p_6_out[231]
    SLICE_X20Y163        LUT5 (Prop_C6LUT_SLICEM_I1_O)
                                                      0.186    19.110 r  design_1_i/ldpc_encoder_0/inst/ldpc_encoder_core/core_parity_bit_calculator/i___205_i_4/O
                         net (fo=4, routed)           0.397    19.507    design_1_i/ldpc_encoder_0/inst/ldpc_encoder_core/top_level_shifter/i___910_i_1[280]
    SLICE_X22Y154        LUT6 (Prop_F6LUT_SLICEL_I1_O)
                                                      0.187    19.694 r  design_1_i/ldpc_encoder_0/inst/ldpc_encoder_core/top_level_shifter/i___392_i_139/O
                         net (fo=1, routed)           1.098    20.792    design_1_i/ldpc_encoder_0/inst/ldpc_encoder_core/core_parity_bit_calculator/gr_out[2]_14[36]
    SLICE_X40Y148        LUT6 (Prop_H6LUT_SLICEM_I0_O)
                                                      0.228    21.020 r  design_1_i/ldpc_encoder_0/inst/ldpc_encoder_core/core_parity_bit_calculator/i___392_i_91/O
                         net (fo=6, routed)           0.767    21.787    design_1_i/ldpc_encoder_0/inst/ldpc_encoder_core/core_parity_bit_calculator/top_level_shifter/gen_shifters[2].shifter_inst/rotated_val2[57]
    SLICE_X45Y141        LUT6 (Prop_A6LUT_SLICEM_I2_O)
                                                      0.226    22.013 r  design_1_i/ldpc_encoder_0/inst/ldpc_encoder_core/core_parity_bit_calculator/i___412_i_21/O
                         net (fo=4, routed)           0.351    22.364    design_1_i/ldpc_encoder_0/inst/ldpc_encoder_core/core_parity_bit_calculator/i___412_i_21_n_0
    SLICE_X43Y142        LUT6 (Prop_G6LUT_SLICEM_I3_O)
                                                      0.226    22.590 r  design_1_i/ldpc_encoder_0/inst/ldpc_encoder_core/core_parity_bit_calculator/i___412_i_6/O
                         net (fo=4, routed)           0.380    22.970    design_1_i/ldpc_encoder_0/inst/ldpc_encoder_core/core_parity_bit_calculator/i___412_i_6_n_0
    SLICE_X40Y143        LUT3 (Prop_D6LUT_SLICEM_I0_O)
                                                      0.151    23.121 r  design_1_i/ldpc_encoder_0/inst/ldpc_encoder_core/core_parity_bit_calculator/i___412_i_2/O
                         net (fo=1, routed)           0.250    23.371    design_1_i/ldpc_encoder_0/inst/ldpc_encoder_core/top_level_shifter/data_out_internal[2][30]_i_2_0
    SLICE_X36Y142        LUT6 (Prop_G6LUT_SLICEL_I4_O)
                                                      0.151    23.522 r  design_1_i/ldpc_encoder_0/inst/ldpc_encoder_core/top_level_shifter/i___412/O
                         net (fo=3, routed)           0.408    23.930    design_1_i/ldpc_encoder_0/inst/ldpc_encoder_core/core_parity_bit_calculator/data_out_internal_reg[2][60]
    SLICE_X30Y145        LUT5 (Prop_G6LUT_SLICEL_I1_O)
                                                      0.151    24.081 r  design_1_i/ldpc_encoder_0/inst/ldpc_encoder_core/core_parity_bit_calculator/data_out_internal[1][26]_i_2/O
                         net (fo=1, routed)           0.964    25.045    design_1_i/ldpc_encoder_0/inst/ldpc_encoder_core/core_parity_bit_calculator/cs_data_out[1]_5[26]
    SLICE_X17Y147        LUT3 (Prop_D6LUT_SLICEM_I0_O)
                                                      0.220    25.265 r  design_1_i/ldpc_encoder_0/inst/ldpc_encoder_core/core_parity_bit_calculator/data_out_internal[1][26]_i_1/O
                         net (fo=1, routed)           0.096    25.361    design_1_i/ldpc_encoder_0/inst/ldpc_encoder_core/gf2_sum/data_out_internal_reg[1][95]_2[26]
    SLICE_X17Y147        FDCE                                         r  design_1_i/ldpc_encoder_0/inst/ldpc_encoder_core/gf2_sum/data_out_internal_reg[1][26]/D
  -------------------------------------------------------------------    -------------------

                         (clock clk_pl_0 rise edge)
                                                     34.000    34.000 r  
    PS8_X0Y0             PS8                          0.000    34.000 r  design_1_i/zynq_ultra_ps_e_0/inst/PS8_i/PLCLK[0]
                         net (fo=1, routed)           0.181    34.181    design_1_i/zynq_ultra_ps_e_0/inst/pl_clk_unbuffered[0]
    BUFG_PS_X0Y80        BUFG_PS (Prop_BUFG_PS_I_O)
                                                      0.035    34.216 r  design_1_i/zynq_ultra_ps_e_0/inst/buffer_pl_clk_0.PL_CLK_0_BUFG/O
    X1Y1 (CLOCK_ROOT)    net (fo=10238, routed)       2.824    37.040    design_1_i/ldpc_encoder_0/inst/ldpc_encoder_core/gf2_sum/clk_i
    SLICE_X17Y147        FDCE                                         r  design_1_i/ldpc_encoder_0/inst/ldpc_encoder_core/gf2_sum/data_out_internal_reg[1][26]/C
                         clock pessimism              0.185    37.225    
                         clock uncertainty           -0.262    36.963    
    SLICE_X17Y147        FDCE (Setup_DFF_SLICEM_C_D)
                                                      0.043    37.006    design_1_i/ldpc_encoder_0/inst/ldpc_encoder_core/gf2_sum/data_out_internal_reg[1][26]
  -------------------------------------------------------------------
                         required time                         37.006    
                         arrival time                         -25.361    
  -------------------------------------------------------------------
                         slack                                 11.645    

Slack (MET) :             11.674ns  (required time - arrival time)
  Source:                 design_1_i/ldpc_encoder_0/inst/ldpc_encoder_core/lifting_size_q_reg[6]/C
                            (rising edge-triggered cell FDCE clocked by clk_pl_0  {rise@0.000ns fall@17.000ns period=34.000ns})
  Destination:            design_1_i/ldpc_encoder_0/inst/ldpc_encoder_core/gf2_sum/data_out_internal_reg[3][54]/D
                            (rising edge-triggered cell FDCE clocked by clk_pl_0  {rise@0.000ns fall@17.000ns period=34.000ns})
  Path Group:             clk_pl_0
  Path Type:              Setup (Max at Slow Process Corner)
  Requirement:            34.000ns  (clk_pl_0 rise@34.000ns - clk_pl_0 rise@0.000ns)
  Data Path Delay:        21.998ns  (logic 3.686ns (16.756%)  route 18.312ns (83.244%))
  Logic Levels:           22  (CARRY8=2 LUT2=2 LUT3=2 LUT4=1 LUT5=3 LUT6=12)
  Clock Path Skew:        -0.111ns (DCD - SCD + CPR)
    Destination Clock Delay (DCD):    3.040ns = ( 37.040 - 34.000 ) 
    Source Clock Delay      (SCD):    3.336ns
    Clock Pessimism Removal (CPR):    0.185ns
  Clock Uncertainty:      0.262ns  ((TSJ^2 + DJ^2)^1/2) / 2 + PE
    Total System Jitter     (TSJ):    0.071ns
    Discrete Jitter          (DJ):    0.520ns
    Phase Error              (PE):    0.000ns
  Clock Net Delay (Source):      3.069ns (routing 1.584ns, distribution 1.485ns)
  Clock Net Delay (Destination): 2.824ns (routing 1.450ns, distribution 1.374ns)

    Location             Delay type                Incr(ns)  Path(ns)    Netlist Resource(s)
  -------------------------------------------------------------------    -------------------
                         (clock clk_pl_0 rise edge)
                                                      0.000     0.000 r  
    PS8_X0Y0             PS8                          0.000     0.000 r  design_1_i/zynq_ultra_ps_e_0/inst/PS8_i/PLCLK[0]
                         net (fo=1, routed)           0.229     0.229    design_1_i/zynq_ultra_ps_e_0/inst/pl_clk_unbuffered[0]
    BUFG_PS_X0Y80        BUFG_PS (Prop_BUFG_PS_I_O)
                                                      0.038     0.267 r  design_1_i/zynq_ultra_ps_e_0/inst/buffer_pl_clk_0.PL_CLK_0_BUFG/O
    X1Y1 (CLOCK_ROOT)    net (fo=10238, routed)       3.069     3.336    design_1_i/ldpc_encoder_0/inst/ldpc_encoder_core/clk_i
    SLICE_X16Y93         FDCE                                         r  design_1_i/ldpc_encoder_0/inst/ldpc_encoder_core/lifting_size_q_reg[6]/C
  -------------------------------------------------------------------    -------------------
    SLICE_X16Y93         FDCE (Prop_EFF_SLICEL_C_Q)
                                                      0.114     3.450 r  design_1_i/ldpc_encoder_0/inst/ldpc_encoder_core/lifting_size_q_reg[6]/Q
                         net (fo=239, routed)         3.774     7.224    design_1_i/ldpc_encoder_0/inst/ldpc_encoder_core/core_parity_bit_calculator/shifter_amt_q_reg[8]_0[4]
    SLICE_X35Y223        LUT4 (Prop_D6LUT_SLICEM_I2_O)
                                                      0.134     7.358 r  design_1_i/ldpc_encoder_0/inst/ldpc_encoder_core/core_parity_bit_calculator/i__i_331/O
                         net (fo=1, routed)           0.032     7.390    design_1_i/ldpc_encoder_0/inst/ldpc_encoder_core/core_parity_bit_calculator/i__i_331_n_0
    SLICE_X35Y223        CARRY8 (Prop_CARRY8_SLICEM_S[3]_CO[4])
                                                      0.233     7.623 r  design_1_i/ldpc_encoder_0/inst/ldpc_encoder_core/core_parity_bit_calculator/i__i_149/CO[4]
                         net (fo=71, routed)          0.251     7.874    design_1_i/ldpc_encoder_0/inst/ldpc_encoder_core/core_parity_bit_calculator/i__i_149_n_3
    SLICE_X34Y223        LUT3 (Prop_B5LUT_SLICEM_I1_O)
                                                      0.097     7.971 r  design_1_i/ldpc_encoder_0/inst/ldpc_encoder_core/core_parity_bit_calculator/i__i_86/O
                         net (fo=771, routed)         0.619     8.590    design_1_i/ldpc_encoder_0/inst/ldpc_encoder_core/core_parity_bit_calculator/i__i_86_n_0
    SLICE_X32Y212        LUT2 (Prop_A6LUT_SLICEM_I1_O)
                                                      0.189     8.779 r  design_1_i/ldpc_encoder_0/inst/ldpc_encoder_core/core_parity_bit_calculator/i__i_139/O
                         net (fo=1, routed)           0.017     8.796    design_1_i/ldpc_encoder_0/inst/ldpc_encoder_core/core_parity_bit_calculator/i__i_139_n_0
    SLICE_X32Y212        CARRY8 (Prop_CARRY8_SLICEM_S[0]_O[7])
                                                      0.336     9.132 r  design_1_i/ldpc_encoder_0/inst/ldpc_encoder_core/core_parity_bit_calculator/i__i_80/O[7]
                         net (fo=1162, routed)        2.614    11.746    design_1_i/ldpc_encoder_0/inst/ldpc_encoder_core/core_parity_bit_calculator/shifter_inst/O[7]
    SLICE_X3Y209         LUT6 (Prop_F6LUT_SLICEL_I1_O)
                                                      0.081    11.827 r  design_1_i/ldpc_encoder_0/inst/ldpc_encoder_core/core_parity_bit_calculator/shifter_inst/i___148_i_102/O
                         net (fo=4, routed)           0.780    12.607    design_1_i/ldpc_encoder_0/inst/ldpc_encoder_core/core_parity_bit_calculator/shifter_inst/i___148_i_102_n_0
    SLICE_X21Y210        LUT6 (Prop_H6LUT_SLICEM_I5_O)
                                                      0.084    12.691 r  design_1_i/ldpc_encoder_0/inst/ldpc_encoder_core/core_parity_bit_calculator/shifter_inst/i___148_i_73/O
                         net (fo=4, routed)           0.984    13.675    design_1_i/ldpc_encoder_0/inst/ldpc_encoder_core/core_parity_bit_calculator/shifter_inst/i___148_i_73_n_0
    SLICE_X27Y210        LUT6 (Prop_D6LUT_SLICEL_I3_O)
                                                      0.185    13.860 r  design_1_i/ldpc_encoder_0/inst/ldpc_encoder_core/core_parity_bit_calculator/shifter_inst/i___152_i_65/O
                         net (fo=4, routed)           0.584    14.444    design_1_i/ldpc_encoder_0/inst/ldpc_encoder_core/core_parity_bit_calculator/shifter_inst_n_203
    SLICE_X38Y217        LUT6 (Prop_D6LUT_SLICEM_I2_O)
                                                      0.056    14.500 r  design_1_i/ldpc_encoder_0/inst/ldpc_encoder_core/core_parity_bit_calculator/i___154_i_50/O
                         net (fo=1, routed)           0.209    14.709    design_1_i/ldpc_encoder_0/inst/ldpc_encoder_core/core_parity_bit_calculator/i___154_i_50_n_0
    SLICE_X39Y217        LUT6 (Prop_C6LUT_SLICEL_I0_O)
                                                      0.150    14.859 r  design_1_i/ldpc_encoder_0/inst/ldpc_encoder_core/core_parity_bit_calculator/i___154_i_43/O
                         net (fo=4, routed)           1.810    16.670    design_1_i/ldpc_encoder_0/inst/ldpc_encoder_core/core_parity_bit_calculator/cs_out[231]
    SLICE_X3Y205         LUT2 (Prop_D6LUT_SLICEL_I1_O)
                                                      0.152    16.822 r  design_1_i/ldpc_encoder_0/inst/ldpc_encoder_core/core_parity_bit_calculator/i___154_i_25/O
                         net (fo=2, routed)           0.525    17.347    design_1_i/ldpc_encoder_0/inst/ldpc_encoder_core/core_parity_bit_calculator/parity_core[0]_26[231]
    SLICE_X3Y189         LUT6 (Prop_H6LUT_SLICEL_I1_O)
                                                      0.188    17.535 r  design_1_i/ldpc_encoder_0/inst/ldpc_encoder_core/core_parity_bit_calculator/i___154_i_16/O
                         net (fo=1, routed)           0.809    18.344    design_1_i/ldpc_encoder_0/inst/ldpc_encoder_core/core_parity_bit_calculator/parity_core_arranged[2]_30[39]
    SLICE_X15Y169        LUT5 (Prop_E6LUT_SLICEL_I0_O)
                                                      0.152    18.496 r  design_1_i/ldpc_encoder_0/inst/ldpc_encoder_core/core_parity_bit_calculator/i___154_i_8/O
                         net (fo=3, routed)           0.428    18.924    design_1_i/ldpc_encoder_0/inst/ldpc_encoder_core/core_parity_bit_calculator/p_6_out[231]
    SLICE_X20Y163        LUT5 (Prop_C6LUT_SLICEM_I1_O)
                                                      0.186    19.110 r  design_1_i/ldpc_encoder_0/inst/ldpc_encoder_core/core_parity_bit_calculator/i___205_i_4/O
                         net (fo=4, routed)           0.397    19.507    design_1_i/ldpc_encoder_0/inst/ldpc_encoder_core/top_level_shifter/i___910_i_1[280]
    SLICE_X22Y154        LUT6 (Prop_F6LUT_SLICEL_I1_O)
                                                      0.187    19.694 r  design_1_i/ldpc_encoder_0/inst/ldpc_encoder_core/top_level_shifter/i___392_i_139/O
                         net (fo=1, routed)           1.098    20.792    design_1_i/ldpc_encoder_0/inst/ldpc_encoder_core/core_parity_bit_calculator/gr_out[2]_14[36]
    SLICE_X40Y148        LUT6 (Prop_H6LUT_SLICEM_I0_O)
                                                      0.228    21.020 r  design_1_i/ldpc_encoder_0/inst/ldpc_encoder_core/core_parity_bit_calculator/i___392_i_91/O
                         net (fo=6, routed)           0.690    21.709    design_1_i/ldpc_encoder_0/inst/ldpc_encoder_core/core_parity_bit_calculator/top_level_shifter/gen_shifters[2].shifter_inst/rotated_val2[57]
    SLICE_X45Y141        LUT6 (Prop_H6LUT_SLICEM_I2_O)
                                                      0.060    21.769 r  design_1_i/ldpc_encoder_0/inst/ldpc_encoder_core/core_parity_bit_calculator/i___429_i_42/O
                         net (fo=4, routed)           0.189    21.959    design_1_i/ldpc_encoder_0/inst/ldpc_encoder_core/core_parity_bit_calculator/i___429_i_42_n_0
    SLICE_X44Y141        LUT6 (Prop_C6LUT_SLICEL_I0_O)
                                                      0.221    22.180 r  design_1_i/ldpc_encoder_0/inst/ldpc_encoder_core/core_parity_bit_calculator/i___467_i_6/O
                         net (fo=4, routed)           0.270    22.449    design_1_i/ldpc_encoder_0/inst/ldpc_encoder_core/core_parity_bit_calculator/i___467_i_6_n_0
    SLICE_X44Y148        LUT6 (Prop_G6LUT_SLICEL_I3_O)
                                                      0.057    22.506 r  design_1_i/ldpc_encoder_0/inst/ldpc_encoder_core/core_parity_bit_calculator/i___469_i_2/O
                         net (fo=2, routed)           0.718    23.224    design_1_i/ldpc_encoder_0/inst/ldpc_encoder_core/top_level_shifter/data_out_internal[3][54]_i_2
    SLICE_X40Y154        LUT6 (Prop_F6LUT_SLICEM_I5_O)
                                                      0.186    23.410 r  design_1_i/ldpc_encoder_0/inst/ldpc_encoder_core/top_level_shifter/i___472/O
                         net (fo=3, routed)           0.439    23.849    design_1_i/ldpc_encoder_0/inst/ldpc_encoder_core/core_parity_bit_calculator/data_out_internal_reg[2][85]
    SLICE_X32Y154        LUT5 (Prop_E6LUT_SLICEM_I1_O)
                                                      0.187    24.036 r  design_1_i/ldpc_encoder_0/inst/ldpc_encoder_core/core_parity_bit_calculator/data_out_internal[3][54]_i_2/O
                         net (fo=1, routed)           1.048    25.084    design_1_i/ldpc_encoder_0/inst/ldpc_encoder_core/core_parity_bit_calculator/cs_data_out[3]_7[54]
    SLICE_X17Y155        LUT3 (Prop_H5LUT_SLICEM_I0_O)
                                                      0.223    25.307 r  design_1_i/ldpc_encoder_0/inst/ldpc_encoder_core/core_parity_bit_calculator/data_out_internal[3][54]_i_1/O
                         net (fo=1, routed)           0.027    25.334    design_1_i/ldpc_encoder_0/inst/ldpc_encoder_core/gf2_sum/data_out_internal_reg[3][95]_3[54]
    SLICE_X17Y155        FDCE                                         r  design_1_i/ldpc_encoder_0/inst/ldpc_encoder_core/gf2_sum/data_out_internal_reg[3][54]/D
  -------------------------------------------------------------------    -------------------

                         (clock clk_pl_0 rise edge)
                                                     34.000    34.000 r  
    PS8_X0Y0             PS8                          0.000    34.000 r  design_1_i/zynq_ultra_ps_e_0/inst/PS8_i/PLCLK[0]
                         net (fo=1, routed)           0.181    34.181    design_1_i/zynq_ultra_ps_e_0/inst/pl_clk_unbuffered[0]
    BUFG_PS_X0Y80        BUFG_PS (Prop_BUFG_PS_I_O)
                                                      0.035    34.216 r  design_1_i/zynq_ultra_ps_e_0/inst/buffer_pl_clk_0.PL_CLK_0_BUFG/O
    X1Y1 (CLOCK_ROOT)    net (fo=10238, routed)       2.824    37.040    design_1_i/ldpc_encoder_0/inst/ldpc_encoder_core/gf2_sum/clk_i
    SLICE_X17Y155        FDCE                                         r  design_1_i/ldpc_encoder_0/inst/ldpc_encoder_core/gf2_sum/data_out_internal_reg[3][54]/C
                         clock pessimism              0.185    37.225    
                         clock uncertainty           -0.262    36.963    
    SLICE_X17Y155        FDCE (Setup_HFF2_SLICEM_C_D)
                                                      0.046    37.009    design_1_i/ldpc_encoder_0/inst/ldpc_encoder_core/gf2_sum/data_out_internal_reg[3][54]
  -------------------------------------------------------------------
                         required time                         37.009    
                         arrival time                         -25.334    
  -------------------------------------------------------------------
                         slack                                 11.674    

Slack (MET) :             11.694ns  (required time - arrival time)
  Source:                 design_1_i/ldpc_encoder_0/inst/ldpc_encoder_core/lifting_size_q_reg[6]/C
                            (rising edge-triggered cell FDCE clocked by clk_pl_0  {rise@0.000ns fall@17.000ns period=34.000ns})
  Destination:            design_1_i/ldpc_encoder_0/inst/ldpc_encoder_core/gf2_sum/data_out_internal_reg[2][42]/D
                            (rising edge-triggered cell FDCE clocked by clk_pl_0  {rise@0.000ns fall@17.000ns period=34.000ns})
  Path Group:             clk_pl_0
  Path Type:              Setup (Max at Slow Process Corner)
  Requirement:            34.000ns  (clk_pl_0 rise@34.000ns - clk_pl_0 rise@0.000ns)
  Data Path Delay:        21.991ns  (logic 3.826ns (17.398%)  route 18.165ns (82.602%))
  Logic Levels:           22  (CARRY8=2 LUT2=2 LUT3=3 LUT4=1 LUT5=3 LUT6=11)
  Clock Path Skew:        -0.099ns (DCD - SCD + CPR)
    Destination Clock Delay (DCD):    3.052ns = ( 37.052 - 34.000 ) 
    Source Clock Delay      (SCD):    3.336ns
    Clock Pessimism Removal (CPR):    0.185ns
  Clock Uncertainty:      0.262ns  ((TSJ^2 + DJ^2)^1/2) / 2 + PE
    Total System Jitter     (TSJ):    0.071ns
    Discrete Jitter          (DJ):    0.520ns
    Phase Error              (PE):    0.000ns
  Clock Net Delay (Source):      3.069ns (routing 1.584ns, distribution 1.485ns)
  Clock Net Delay (Destination): 2.836ns (routing 1.450ns, distribution 1.386ns)

    Location             Delay type                Incr(ns)  Path(ns)    Netlist Resource(s)
  -------------------------------------------------------------------    -------------------
                         (clock clk_pl_0 rise edge)
                                                      0.000     0.000 r  
    PS8_X0Y0             PS8                          0.000     0.000 r  design_1_i/zynq_ultra_ps_e_0/inst/PS8_i/PLCLK[0]
                         net (fo=1, routed)           0.229     0.229    design_1_i/zynq_ultra_ps_e_0/inst/pl_clk_unbuffered[0]
    BUFG_PS_X0Y80        BUFG_PS (Prop_BUFG_PS_I_O)
                                                      0.038     0.267 r  design_1_i/zynq_ultra_ps_e_0/inst/buffer_pl_clk_0.PL_CLK_0_BUFG/O
    X1Y1 (CLOCK_ROOT)    net (fo=10238, routed)       3.069     3.336    design_1_i/ldpc_encoder_0/inst/ldpc_encoder_core/clk_i
    SLICE_X16Y93         FDCE                                         r  design_1_i/ldpc_encoder_0/inst/ldpc_encoder_core/lifting_size_q_reg[6]/C
  -------------------------------------------------------------------    -------------------
    SLICE_X16Y93         FDCE (Prop_EFF_SLICEL_C_Q)
                                                      0.114     3.450 r  design_1_i/ldpc_encoder_0/inst/ldpc_encoder_core/lifting_size_q_reg[6]/Q
                         net (fo=239, routed)         3.774     7.224    design_1_i/ldpc_encoder_0/inst/ldpc_encoder_core/core_parity_bit_calculator/shifter_amt_q_reg[8]_0[4]
    SLICE_X35Y223        LUT4 (Prop_D6LUT_SLICEM_I2_O)
                                                      0.134     7.358 r  design_1_i/ldpc_encoder_0/inst/ldpc_encoder_core/core_parity_bit_calculator/i__i_331/O
                         net (fo=1, routed)           0.032     7.390    design_1_i/ldpc_encoder_0/inst/ldpc_encoder_core/core_parity_bit_calculator/i__i_331_n_0
    SLICE_X35Y223        CARRY8 (Prop_CARRY8_SLICEM_S[3]_CO[4])
                                                      0.233     7.623 r  design_1_i/ldpc_encoder_0/inst/ldpc_encoder_core/core_parity_bit_calculator/i__i_149/CO[4]
                         net (fo=71, routed)          0.251     7.874    design_1_i/ldpc_encoder_0/inst/ldpc_encoder_core/core_parity_bit_calculator/i__i_149_n_3
    SLICE_X34Y223        LUT3 (Prop_B5LUT_SLICEM_I1_O)
                                                      0.097     7.971 r  design_1_i/ldpc_encoder_0/inst/ldpc_encoder_core/core_parity_bit_calculator/i__i_86/O
                         net (fo=771, routed)         0.619     8.590    design_1_i/ldpc_encoder_0/inst/ldpc_encoder_core/core_parity_bit_calculator/i__i_86_n_0
    SLICE_X32Y212        LUT2 (Prop_A6LUT_SLICEM_I1_O)
                                                      0.189     8.779 r  design_1_i/ldpc_encoder_0/inst/ldpc_encoder_core/core_parity_bit_calculator/i__i_139/O
                         net (fo=1, routed)           0.017     8.796    design_1_i/ldpc_encoder_0/inst/ldpc_encoder_core/core_parity_bit_calculator/i__i_139_n_0
    SLICE_X32Y212        CARRY8 (Prop_CARRY8_SLICEM_S[0]_O[7])
                                                      0.336     9.132 r  design_1_i/ldpc_encoder_0/inst/ldpc_encoder_core/core_parity_bit_calculator/i__i_80/O[7]
                         net (fo=1162, routed)        2.614    11.746    design_1_i/ldpc_encoder_0/inst/ldpc_encoder_core/core_parity_bit_calculator/shifter_inst/O[7]
    SLICE_X3Y209         LUT6 (Prop_F6LUT_SLICEL_I1_O)
                                                      0.081    11.827 r  design_1_i/ldpc_encoder_0/inst/ldpc_encoder_core/core_parity_bit_calculator/shifter_inst/i___148_i_102/O
                         net (fo=4, routed)           0.780    12.607    design_1_i/ldpc_encoder_0/inst/ldpc_encoder_core/core_parity_bit_calculator/shifter_inst/i___148_i_102_n_0
    SLICE_X21Y210        LUT6 (Prop_H6LUT_SLICEM_I5_O)
                                                      0.084    12.691 r  design_1_i/ldpc_encoder_0/inst/ldpc_encoder_core/core_parity_bit_calculator/shifter_inst/i___148_i_73/O
                         net (fo=4, routed)           0.984    13.675    design_1_i/ldpc_encoder_0/inst/ldpc_encoder_core/core_parity_bit_calculator/shifter_inst/i___148_i_73_n_0
    SLICE_X27Y210        LUT6 (Prop_D6LUT_SLICEL_I3_O)
                                                      0.185    13.860 r  design_1_i/ldpc_encoder_0/inst/ldpc_encoder_core/core_parity_bit_calculator/shifter_inst/i___152_i_65/O
                         net (fo=4, routed)           0.584    14.444    design_1_i/ldpc_encoder_0/inst/ldpc_encoder_core/core_parity_bit_calculator/shifter_inst_n_203
    SLICE_X38Y217        LUT6 (Prop_D6LUT_SLICEM_I2_O)
                                                      0.056    14.500 r  design_1_i/ldpc_encoder_0/inst/ldpc_encoder_core/core_parity_bit_calculator/i___154_i_50/O
                         net (fo=1, routed)           0.209    14.709    design_1_i/ldpc_encoder_0/inst/ldpc_encoder_core/core_parity_bit_calculator/i___154_i_50_n_0
    SLICE_X39Y217        LUT6 (Prop_C6LUT_SLICEL_I0_O)
                                                      0.150    14.859 r  design_1_i/ldpc_encoder_0/inst/ldpc_encoder_core/core_parity_bit_calculator/i___154_i_43/O
                         net (fo=4, routed)           1.810    16.670    design_1_i/ldpc_encoder_0/inst/ldpc_encoder_core/core_parity_bit_calculator/cs_out[231]
    SLICE_X3Y205         LUT2 (Prop_D6LUT_SLICEL_I1_O)
                                                      0.152    16.822 r  design_1_i/ldpc_encoder_0/inst/ldpc_encoder_core/core_parity_bit_calculator/i___154_i_25/O
                         net (fo=2, routed)           0.525    17.347    design_1_i/ldpc_encoder_0/inst/ldpc_encoder_core/core_parity_bit_calculator/parity_core[0]_26[231]
    SLICE_X3Y189         LUT6 (Prop_H6LUT_SLICEL_I1_O)
                                                      0.188    17.535 r  design_1_i/ldpc_encoder_0/inst/ldpc_encoder_core/core_parity_bit_calculator/i___154_i_16/O
                         net (fo=1, routed)           0.809    18.344    design_1_i/ldpc_encoder_0/inst/ldpc_encoder_core/core_parity_bit_calculator/parity_core_arranged[2]_30[39]
    SLICE_X15Y169        LUT5 (Prop_E6LUT_SLICEL_I0_O)
                                                      0.152    18.496 r  design_1_i/ldpc_encoder_0/inst/ldpc_encoder_core/core_parity_bit_calculator/i___154_i_8/O
                         net (fo=3, routed)           0.428    18.924    design_1_i/ldpc_encoder_0/inst/ldpc_encoder_core/core_parity_bit_calculator/p_6_out[231]
    SLICE_X20Y163        LUT5 (Prop_C6LUT_SLICEM_I1_O)
                                                      0.186    19.110 r  design_1_i/ldpc_encoder_0/inst/ldpc_encoder_core/core_parity_bit_calculator/i___205_i_4/O
                         net (fo=4, routed)           0.397    19.507    design_1_i/ldpc_encoder_0/inst/ldpc_encoder_core/top_level_shifter/i___910_i_1[280]
    SLICE_X22Y154        LUT6 (Prop_F6LUT_SLICEL_I1_O)
                                                      0.187    19.694 r  design_1_i/ldpc_encoder_0/inst/ldpc_encoder_core/top_level_shifter/i___392_i_139/O
                         net (fo=1, routed)           1.098    20.792    design_1_i/ldpc_encoder_0/inst/ldpc_encoder_core/core_parity_bit_calculator/gr_out[2]_14[36]
    SLICE_X40Y148        LUT6 (Prop_H6LUT_SLICEM_I0_O)
                                                      0.228    21.020 r  design_1_i/ldpc_encoder_0/inst/ldpc_encoder_core/core_parity_bit_calculator/i___392_i_91/O
                         net (fo=6, routed)           0.758    21.777    design_1_i/ldpc_encoder_0/inst/ldpc_encoder_core/core_parity_bit_calculator/top_level_shifter/gen_shifters[2].shifter_inst/rotated_val2[57]
    SLICE_X45Y141        LUT6 (Prop_D6LUT_SLICEM_I2_O)
                                                      0.185    21.962 r  design_1_i/ldpc_encoder_0/inst/ldpc_encoder_core/core_parity_bit_calculator/i___403_i_18/O
                         net (fo=4, routed)           0.435    22.397    design_1_i/ldpc_encoder_0/inst/ldpc_encoder_core/core_parity_bit_calculator/i___403_i_18_n_0
    SLICE_X42Y142        LUT6 (Prop_E6LUT_SLICEL_I1_O)
                                                      0.152    22.549 r  design_1_i/ldpc_encoder_0/inst/ldpc_encoder_core/core_parity_bit_calculator/i___422_i_5/O
                         net (fo=2, routed)           0.256    22.805    design_1_i/ldpc_encoder_0/inst/ldpc_encoder_core/core_parity_bit_calculator/i___422_i_5_n_0
    SLICE_X40Y144        LUT3 (Prop_C5LUT_SLICEM_I2_O)
                                                      0.223    23.028 r  design_1_i/ldpc_encoder_0/inst/ldpc_encoder_core/core_parity_bit_calculator/i___422_i_2/O
                         net (fo=2, routed)           0.321    23.349    design_1_i/ldpc_encoder_0/inst/ldpc_encoder_core/top_level_shifter/data_out_internal[2][42]_i_2_0
    SLICE_X36Y144        LUT6 (Prop_B6LUT_SLICEL_I2_O)
                                                      0.138    23.487 r  design_1_i/ldpc_encoder_0/inst/ldpc_encoder_core/top_level_shifter/i___423/O
                         net (fo=3, routed)           0.445    23.932    design_1_i/ldpc_encoder_0/inst/ldpc_encoder_core/core_parity_bit_calculator/data_out_internal_reg[0][86]
    SLICE_X32Y154        LUT5 (Prop_F6LUT_SLICEM_I2_O)
                                                      0.186    24.118 r  design_1_i/ldpc_encoder_0/inst/ldpc_encoder_core/core_parity_bit_calculator/data_out_internal[2][42]_i_2/O
                         net (fo=1, routed)           0.994    25.112    design_1_i/ldpc_encoder_0/inst/ldpc_encoder_core/core_parity_bit_calculator/cs_data_out[2]_6[42]
    SLICE_X14Y158        LUT3 (Prop_C5LUT_SLICEL_I0_O)
                                                      0.190    25.302 r  design_1_i/ldpc_encoder_0/inst/ldpc_encoder_core/core_parity_bit_calculator/data_out_internal[2][42]_i_1/O
                         net (fo=1, routed)           0.025    25.327    design_1_i/ldpc_encoder_0/inst/ldpc_encoder_core/gf2_sum/data_out_internal_reg[2][95]_1[42]
    SLICE_X14Y158        FDCE                                         r  design_1_i/ldpc_encoder_0/inst/ldpc_encoder_core/gf2_sum/data_out_internal_reg[2][42]/D
  -------------------------------------------------------------------    -------------------

                         (clock clk_pl_0 rise edge)
                                                     34.000    34.000 r  
    PS8_X0Y0             PS8                          0.000    34.000 r  design_1_i/zynq_ultra_ps_e_0/inst/PS8_i/PLCLK[0]
                         net (fo=1, routed)           0.181    34.181    design_1_i/zynq_ultra_ps_e_0/inst/pl_clk_unbuffered[0]
    BUFG_PS_X0Y80        BUFG_PS (Prop_BUFG_PS_I_O)
                                                      0.035    34.216 r  design_1_i/zynq_ultra_ps_e_0/inst/buffer_pl_clk_0.PL_CLK_0_BUFG/O
    X1Y1 (CLOCK_ROOT)    net (fo=10238, routed)       2.836    37.052    design_1_i/ldpc_encoder_0/inst/ldpc_encoder_core/gf2_sum/clk_i
    SLICE_X14Y158        FDCE                                         r  design_1_i/ldpc_encoder_0/inst/ldpc_encoder_core/gf2_sum/data_out_internal_reg[2][42]/C
                         clock pessimism              0.185    37.237    
                         clock uncertainty           -0.262    36.975    
    SLICE_X14Y158        FDCE (Setup_CFF2_SLICEL_C_D)
                                                      0.046    37.021    design_1_i/ldpc_encoder_0/inst/ldpc_encoder_core/gf2_sum/data_out_internal_reg[2][42]
  -------------------------------------------------------------------
                         required time                         37.021    
                         arrival time                         -25.327    
  -------------------------------------------------------------------
                         slack                                 11.694    

Slack (MET) :             11.710ns  (required time - arrival time)
  Source:                 design_1_i/ldpc_encoder_0/inst/ldpc_encoder_core/lifting_size_q_reg[6]/C
                            (rising edge-triggered cell FDCE clocked by clk_pl_0  {rise@0.000ns fall@17.000ns period=34.000ns})
  Destination:            design_1_i/ldpc_encoder_0/inst/ldpc_encoder_core/gf2_sum/data_out_internal_reg[2][21]/D
                            (rising edge-triggered cell FDCE clocked by clk_pl_0  {rise@0.000ns fall@17.000ns period=34.000ns})
  Path Group:             clk_pl_0
  Path Type:              Setup (Max at Slow Process Corner)
  Requirement:            34.000ns  (clk_pl_0 rise@34.000ns - clk_pl_0 rise@0.000ns)
  Data Path Delay:        21.950ns  (logic 3.822ns (17.412%)  route 18.128ns (82.588%))
  Logic Levels:           22  (CARRY8=2 LUT2=2 LUT3=3 LUT4=1 LUT5=3 LUT6=11)
  Clock Path Skew:        -0.121ns (DCD - SCD + CPR)
    Destination Clock Delay (DCD):    3.030ns = ( 37.030 - 34.000 ) 
    Source Clock Delay      (SCD):    3.336ns
    Clock Pessimism Removal (CPR):    0.185ns
  Clock Uncertainty:      0.262ns  ((TSJ^2 + DJ^2)^1/2) / 2 + PE
    Total System Jitter     (TSJ):    0.071ns
    Discrete Jitter          (DJ):    0.520ns
    Phase Error              (PE):    0.000ns
  Clock Net Delay (Source):      3.069ns (routing 1.584ns, distribution 1.485ns)
  Clock Net Delay (Destination): 2.814ns (routing 1.450ns, distribution 1.364ns)

    Location             Delay type                Incr(ns)  Path(ns)    Netlist Resource(s)
  -------------------------------------------------------------------    -------------------
                         (clock clk_pl_0 rise edge)
                                                      0.000     0.000 r  
    PS8_X0Y0             PS8                          0.000     0.000 r  design_1_i/zynq_ultra_ps_e_0/inst/PS8_i/PLCLK[0]
                         net (fo=1, routed)           0.229     0.229    design_1_i/zynq_ultra_ps_e_0/inst/pl_clk_unbuffered[0]
    BUFG_PS_X0Y80        BUFG_PS (Prop_BUFG_PS_I_O)
                                                      0.038     0.267 r  design_1_i/zynq_ultra_ps_e_0/inst/buffer_pl_clk_0.PL_CLK_0_BUFG/O
    X1Y1 (CLOCK_ROOT)    net (fo=10238, routed)       3.069     3.336    design_1_i/ldpc_encoder_0/inst/ldpc_encoder_core/clk_i
    SLICE_X16Y93         FDCE                                         r  design_1_i/ldpc_encoder_0/inst/ldpc_encoder_core/lifting_size_q_reg[6]/C
  -------------------------------------------------------------------    -------------------
    SLICE_X16Y93         FDCE (Prop_EFF_SLICEL_C_Q)
                                                      0.114     3.450 r  design_1_i/ldpc_encoder_0/inst/ldpc_encoder_core/lifting_size_q_reg[6]/Q
                         net (fo=239, routed)         3.774     7.224    design_1_i/ldpc_encoder_0/inst/ldpc_encoder_core/core_parity_bit_calculator/shifter_amt_q_reg[8]_0[4]
    SLICE_X35Y223        LUT4 (Prop_D6LUT_SLICEM_I2_O)
                                                      0.134     7.358 r  design_1_i/ldpc_encoder_0/inst/ldpc_encoder_core/core_parity_bit_calculator/i__i_331/O
                         net (fo=1, routed)           0.032     7.390    design_1_i/ldpc_encoder_0/inst/ldpc_encoder_core/core_parity_bit_calculator/i__i_331_n_0
    SLICE_X35Y223        CARRY8 (Prop_CARRY8_SLICEM_S[3]_CO[4])
                                                      0.233     7.623 r  design_1_i/ldpc_encoder_0/inst/ldpc_encoder_core/core_parity_bit_calculator/i__i_149/CO[4]
                         net (fo=71, routed)          0.251     7.874    design_1_i/ldpc_encoder_0/inst/ldpc_encoder_core/core_parity_bit_calculator/i__i_149_n_3
    SLICE_X34Y223        LUT3 (Prop_B5LUT_SLICEM_I1_O)
                                                      0.097     7.971 r  design_1_i/ldpc_encoder_0/inst/ldpc_encoder_core/core_parity_bit_calculator/i__i_86/O
                         net (fo=771, routed)         0.619     8.590    design_1_i/ldpc_encoder_0/inst/ldpc_encoder_core/core_parity_bit_calculator/i__i_86_n_0
    SLICE_X32Y212        LUT2 (Prop_A6LUT_SLICEM_I1_O)
                                                      0.189     8.779 r  design_1_i/ldpc_encoder_0/inst/ldpc_encoder_core/core_parity_bit_calculator/i__i_139/O
                         net (fo=1, routed)           0.017     8.796    design_1_i/ldpc_encoder_0/inst/ldpc_encoder_core/core_parity_bit_calculator/i__i_139_n_0
    SLICE_X32Y212        CARRY8 (Prop_CARRY8_SLICEM_S[0]_O[7])
                                                      0.336     9.132 r  design_1_i/ldpc_encoder_0/inst/ldpc_encoder_core/core_parity_bit_calculator/i__i_80/O[7]
                         net (fo=1162, routed)        2.614    11.746    design_1_i/ldpc_encoder_0/inst/ldpc_encoder_core/core_parity_bit_calculator/shifter_inst/O[7]
    SLICE_X3Y209         LUT6 (Prop_F6LUT_SLICEL_I1_O)
                                                      0.081    11.827 r  design_1_i/ldpc_encoder_0/inst/ldpc_encoder_core/core_parity_bit_calculator/shifter_inst/i___148_i_102/O
                         net (fo=4, routed)           0.780    12.607    design_1_i/ldpc_encoder_0/inst/ldpc_encoder_core/core_parity_bit_calculator/shifter_inst/i___148_i_102_n_0
    SLICE_X21Y210        LUT6 (Prop_H6LUT_SLICEM_I5_O)
                                                      0.084    12.691 r  design_1_i/ldpc_encoder_0/inst/ldpc_encoder_core/core_parity_bit_calculator/shifter_inst/i___148_i_73/O
                         net (fo=4, routed)           0.984    13.675    design_1_i/ldpc_encoder_0/inst/ldpc_encoder_core/core_parity_bit_calculator/shifter_inst/i___148_i_73_n_0
    SLICE_X27Y210        LUT6 (Prop_D6LUT_SLICEL_I3_O)
                                                      0.185    13.860 r  design_1_i/ldpc_encoder_0/inst/ldpc_encoder_core/core_parity_bit_calculator/shifter_inst/i___152_i_65/O
                         net (fo=4, routed)           0.584    14.444    design_1_i/ldpc_encoder_0/inst/ldpc_encoder_core/core_parity_bit_calculator/shifter_inst_n_203
    SLICE_X38Y217        LUT6 (Prop_D6LUT_SLICEM_I2_O)
                                                      0.056    14.500 r  design_1_i/ldpc_encoder_0/inst/ldpc_encoder_core/core_parity_bit_calculator/i___154_i_50/O
                         net (fo=1, routed)           0.209    14.709    design_1_i/ldpc_encoder_0/inst/ldpc_encoder_core/core_parity_bit_calculator/i___154_i_50_n_0
    SLICE_X39Y217        LUT6 (Prop_C6LUT_SLICEL_I0_O)
                                                      0.150    14.859 r  design_1_i/ldpc_encoder_0/inst/ldpc_encoder_core/core_parity_bit_calculator/i___154_i_43/O
                         net (fo=4, routed)           1.810    16.670    design_1_i/ldpc_encoder_0/inst/ldpc_encoder_core/core_parity_bit_calculator/cs_out[231]
    SLICE_X3Y205         LUT2 (Prop_D6LUT_SLICEL_I1_O)
                                                      0.152    16.822 r  design_1_i/ldpc_encoder_0/inst/ldpc_encoder_core/core_parity_bit_calculator/i___154_i_25/O
                         net (fo=2, routed)           0.525    17.347    design_1_i/ldpc_encoder_0/inst/ldpc_encoder_core/core_parity_bit_calculator/parity_core[0]_26[231]
    SLICE_X3Y189         LUT6 (Prop_H6LUT_SLICEL_I1_O)
                                                      0.188    17.535 r  design_1_i/ldpc_encoder_0/inst/ldpc_encoder_core/core_parity_bit_calculator/i___154_i_16/O
                         net (fo=1, routed)           0.809    18.344    design_1_i/ldpc_encoder_0/inst/ldpc_encoder_core/core_parity_bit_calculator/parity_core_arranged[2]_30[39]
    SLICE_X15Y169        LUT5 (Prop_E6LUT_SLICEL_I0_O)
                                                      0.152    18.496 r  design_1_i/ldpc_encoder_0/inst/ldpc_encoder_core/core_parity_bit_calculator/i___154_i_8/O
                         net (fo=3, routed)           0.428    18.924    design_1_i/ldpc_encoder_0/inst/ldpc_encoder_core/core_parity_bit_calculator/p_6_out[231]
    SLICE_X20Y163        LUT5 (Prop_C6LUT_SLICEM_I1_O)
                                                      0.186    19.110 r  design_1_i/ldpc_encoder_0/inst/ldpc_encoder_core/core_parity_bit_calculator/i___205_i_4/O
                         net (fo=4, routed)           0.397    19.507    design_1_i/ldpc_encoder_0/inst/ldpc_encoder_core/top_level_shifter/i___910_i_1[280]
    SLICE_X22Y154        LUT6 (Prop_F6LUT_SLICEL_I1_O)
                                                      0.187    19.694 r  design_1_i/ldpc_encoder_0/inst/ldpc_encoder_core/top_level_shifter/i___392_i_139/O
                         net (fo=1, routed)           1.098    20.792    design_1_i/ldpc_encoder_0/inst/ldpc_encoder_core/core_parity_bit_calculator/gr_out[2]_14[36]
    SLICE_X40Y148        LUT6 (Prop_H6LUT_SLICEM_I0_O)
                                                      0.228    21.020 r  design_1_i/ldpc_encoder_0/inst/ldpc_encoder_core/core_parity_bit_calculator/i___392_i_91/O
                         net (fo=6, routed)           0.758    21.777    design_1_i/ldpc_encoder_0/inst/ldpc_encoder_core/core_parity_bit_calculator/top_level_shifter/gen_shifters[2].shifter_inst/rotated_val2[57]
    SLICE_X45Y141        LUT6 (Prop_D6LUT_SLICEM_I2_O)
                                                      0.185    21.962 r  design_1_i/ldpc_encoder_0/inst/ldpc_encoder_core/core_parity_bit_calculator/i___403_i_18/O
                         net (fo=4, routed)           0.435    22.397    design_1_i/ldpc_encoder_0/inst/ldpc_encoder_core/core_parity_bit_calculator/i___403_i_18_n_0
    SLICE_X42Y142        LUT6 (Prop_E6LUT_SLICEL_I1_O)
                                                      0.152    22.549 r  design_1_i/ldpc_encoder_0/inst/ldpc_encoder_core/core_parity_bit_calculator/i___422_i_5/O
                         net (fo=2, routed)           0.256    22.805    design_1_i/ldpc_encoder_0/inst/ldpc_encoder_core/core_parity_bit_calculator/i___422_i_5_n_0
    SLICE_X40Y144        LUT3 (Prop_C5LUT_SLICEM_I2_O)
                                                      0.223    23.028 r  design_1_i/ldpc_encoder_0/inst/ldpc_encoder_core/core_parity_bit_calculator/i___422_i_2/O
                         net (fo=2, routed)           0.321    23.349    design_1_i/ldpc_encoder_0/inst/ldpc_encoder_core/top_level_shifter/data_out_internal[2][42]_i_2_0
    SLICE_X36Y144        LUT6 (Prop_B6LUT_SLICEL_I2_O)
                                                      0.138    23.487 r  design_1_i/ldpc_encoder_0/inst/ldpc_encoder_core/top_level_shifter/i___423/O
                         net (fo=3, routed)           0.432    23.919    design_1_i/ldpc_encoder_0/inst/ldpc_encoder_core/core_parity_bit_calculator/data_out_internal_reg[0][86]
    SLICE_X32Y150        LUT5 (Prop_E6LUT_SLICEM_I4_O)
                                                      0.152    24.071 r  design_1_i/ldpc_encoder_0/inst/ldpc_encoder_core/core_parity_bit_calculator/data_out_internal[2][21]_i_2/O
                         net (fo=1, routed)           0.899    24.970    design_1_i/ldpc_encoder_0/inst/ldpc_encoder_core/core_parity_bit_calculator/cs_data_out[2]_6[21]
    SLICE_X18Y152        LUT3 (Prop_D6LUT_SLICEM_I0_O)
                                                      0.220    25.190 r  design_1_i/ldpc_encoder_0/inst/ldpc_encoder_core/core_parity_bit_calculator/data_out_internal[2][21]_i_1/O
                         net (fo=1, routed)           0.096    25.286    design_1_i/ldpc_encoder_0/inst/ldpc_encoder_core/gf2_sum/data_out_internal_reg[2][95]_1[21]
    SLICE_X18Y152        FDCE                                         r  design_1_i/ldpc_encoder_0/inst/ldpc_encoder_core/gf2_sum/data_out_internal_reg[2][21]/D
  -------------------------------------------------------------------    -------------------

                         (clock clk_pl_0 rise edge)
                                                     34.000    34.000 r  
    PS8_X0Y0             PS8                          0.000    34.000 r  design_1_i/zynq_ultra_ps_e_0/inst/PS8_i/PLCLK[0]
                         net (fo=1, routed)           0.181    34.181    design_1_i/zynq_ultra_ps_e_0/inst/pl_clk_unbuffered[0]
    BUFG_PS_X0Y80        BUFG_PS (Prop_BUFG_PS_I_O)
                                                      0.035    34.216 r  design_1_i/zynq_ultra_ps_e_0/inst/buffer_pl_clk_0.PL_CLK_0_BUFG/O
    X1Y1 (CLOCK_ROOT)    net (fo=10238, routed)       2.814    37.030    design_1_i/ldpc_encoder_0/inst/ldpc_encoder_core/gf2_sum/clk_i
    SLICE_X18Y152        FDCE                                         r  design_1_i/ldpc_encoder_0/inst/ldpc_encoder_core/gf2_sum/data_out_internal_reg[2][21]/C
                         clock pessimism              0.185    37.215    
                         clock uncertainty           -0.262    36.953    
    SLICE_X18Y152        FDCE (Setup_DFF_SLICEM_C_D)
                                                      0.043    36.996    design_1_i/ldpc_encoder_0/inst/ldpc_encoder_core/gf2_sum/data_out_internal_reg[2][21]
  -------------------------------------------------------------------
                         required time                         36.996    
                         arrival time                         -25.286    
  -------------------------------------------------------------------
                         slack                                 11.710    





Min Delay Paths
--------------------------------------------------------------------------------------
Slack (MET) :             0.012ns  (arrival time - required time)
  Source:                 design_1_i/ldpc_encoder_0/inst/ldpc_encoder_core/csr_decoder/col_idx_q_reg[0][1]/C
                            (rising edge-triggered cell FDCE clocked by clk_pl_0  {rise@0.000ns fall@17.000ns period=34.000ns})
  Destination:            design_1_i/ldpc_encoder_0/inst/ldpc_encoder_core/csr_decoder/ldpc_io_reg/i_fifo/mem_q_reg[0][col_idx][0][1]/D
                            (rising edge-triggered cell FDCE clocked by clk_pl_0  {rise@0.000ns fall@17.000ns period=34.000ns})
  Path Group:             clk_pl_0
  Path Type:              Hold (Min at Slow Process Corner)
  Requirement:            0.000ns  (clk_pl_0 rise@0.000ns - clk_pl_0 rise@0.000ns)
  Data Path Delay:        0.319ns  (logic 0.115ns (36.050%)  route 0.204ns (63.950%))
  Logic Levels:           0  
  Clock Path Skew:        0.206ns (DCD - SCD - CPR)
    Destination Clock Delay (DCD):    3.227ns
    Source Clock Delay      (SCD):    2.836ns
    Clock Pessimism Removal (CPR):    0.185ns
  Clock Net Delay (Source):      2.620ns (routing 1.450ns, distribution 1.170ns)
  Clock Net Delay (Destination): 2.960ns (routing 1.584ns, distribution 1.376ns)

    Location             Delay type                Incr(ns)  Path(ns)    Netlist Resource(s)
  -------------------------------------------------------------------    -------------------
                         (clock clk_pl_0 rise edge)
                                                      0.000     0.000 r  
    PS8_X0Y0             PS8                          0.000     0.000 r  design_1_i/zynq_ultra_ps_e_0/inst/PS8_i/PLCLK[0]
                         net (fo=1, routed)           0.181     0.181    design_1_i/zynq_ultra_ps_e_0/inst/pl_clk_unbuffered[0]
    BUFG_PS_X0Y80        BUFG_PS (Prop_BUFG_PS_I_O)
                                                      0.035     0.216 r  design_1_i/zynq_ultra_ps_e_0/inst/buffer_pl_clk_0.PL_CLK_0_BUFG/O
    X1Y1 (CLOCK_ROOT)    net (fo=10238, routed)       2.620     2.836    design_1_i/ldpc_encoder_0/inst/ldpc_encoder_core/csr_decoder/clk_i
    SLICE_X28Y115        FDCE                                         r  design_1_i/ldpc_encoder_0/inst/ldpc_encoder_core/csr_decoder/col_idx_q_reg[0][1]/C
  -------------------------------------------------------------------    -------------------
    SLICE_X28Y115        FDCE (Prop_DFF2_SLICEM_C_Q)
                                                      0.115     2.951 r  design_1_i/ldpc_encoder_0/inst/ldpc_encoder_core/csr_decoder/col_idx_q_reg[0][1]/Q
                         net (fo=2, routed)           0.204     3.155    design_1_i/ldpc_encoder_0/inst/ldpc_encoder_core/csr_decoder/ldpc_io_reg/i_fifo/mem_q_reg[0][col_idx][0][1]_1[1]
    SLICE_X28Y122        FDCE                                         r  design_1_i/ldpc_encoder_0/inst/ldpc_encoder_core/csr_decoder/ldpc_io_reg/i_fifo/mem_q_reg[0][col_idx][0][1]/D
  -------------------------------------------------------------------    -------------------

                         (clock clk_pl_0 rise edge)
                                                      0.000     0.000 r  
    PS8_X0Y0             PS8                          0.000     0.000 r  design_1_i/zynq_ultra_ps_e_0/inst/PS8_i/PLCLK[0]
                         net (fo=1, routed)           0.229     0.229    design_1_i/zynq_ultra_ps_e_0/inst/pl_clk_unbuffered[0]
    BUFG_PS_X0Y80        BUFG_PS (Prop_BUFG_PS_I_O)
                                                      0.038     0.267 r  design_1_i/zynq_ultra_ps_e_0/inst/buffer_pl_clk_0.PL_CLK_0_BUFG/O
    X1Y1 (CLOCK_ROOT)    net (fo=10238, routed)       2.960     3.227    design_1_i/ldpc_encoder_0/inst/ldpc_encoder_core/csr_decoder/ldpc_io_reg/i_fifo/clk_i
    SLICE_X28Y122        FDCE                                         r  design_1_i/ldpc_encoder_0/inst/ldpc_encoder_core/csr_decoder/ldpc_io_reg/i_fifo/mem_q_reg[0][col_idx][0][1]/C
                         clock pessimism             -0.185     3.042    
    SLICE_X28Y122        FDCE (Hold_EFF_SLICEM_C_D)
                                                      0.101     3.143    design_1_i/ldpc_encoder_0/inst/ldpc_encoder_core/csr_decoder/ldpc_io_reg/i_fifo/mem_q_reg[0][col_idx][0][1]
  -------------------------------------------------------------------
                         required time                         -3.143    
                         arrival time                           3.155    
  -------------------------------------------------------------------
                         slack                                  0.012    

Slack (MET) :             0.013ns  (arrival time - required time)
  Source:                 design_1_i/ldpc_encoder_0/inst/ldpc_encoder_core/csr_decoder/col_idx_q_reg[1][1]/C
                            (rising edge-triggered cell FDCE clocked by clk_pl_0  {rise@0.000ns fall@17.000ns period=34.000ns})
  Destination:            design_1_i/ldpc_encoder_0/inst/ldpc_encoder_core/csr_decoder/ldpc_io_reg/i_fifo/mem_q_reg[0][col_idx][1][1]/D
                            (rising edge-triggered cell FDCE clocked by clk_pl_0  {rise@0.000ns fall@17.000ns period=34.000ns})
  Path Group:             clk_pl_0
  Path Type:              Hold (Min at Slow Process Corner)
  Requirement:            0.000ns  (clk_pl_0 rise@0.000ns - clk_pl_0 rise@0.000ns)
  Data Path Delay:        0.319ns  (logic 0.113ns (35.423%)  route 0.206ns (64.577%))
  Logic Levels:           0  
  Clock Path Skew:        0.206ns (DCD - SCD - CPR)
    Destination Clock Delay (DCD):    3.227ns
    Source Clock Delay      (SCD):    2.836ns
    Clock Pessimism Removal (CPR):    0.185ns
  Clock Net Delay (Source):      2.620ns (routing 1.450ns, distribution 1.170ns)
  Clock Net Delay (Destination): 2.960ns (routing 1.584ns, distribution 1.376ns)

    Location             Delay type                Incr(ns)  Path(ns)    Netlist Resource(s)
  -------------------------------------------------------------------    -------------------
                         (clock clk_pl_0 rise edge)
                                                      0.000     0.000 r  
    PS8_X0Y0             PS8                          0.000     0.000 r  design_1_i/zynq_ultra_ps_e_0/inst/PS8_i/PLCLK[0]
                         net (fo=1, routed)           0.181     0.181    design_1_i/zynq_ultra_ps_e_0/inst/pl_clk_unbuffered[0]
    BUFG_PS_X0Y80        BUFG_PS (Prop_BUFG_PS_I_O)
                                                      0.035     0.216 r  design_1_i/zynq_ultra_ps_e_0/inst/buffer_pl_clk_0.PL_CLK_0_BUFG/O
    X1Y1 (CLOCK_ROOT)    net (fo=10238, routed)       2.620     2.836    design_1_i/ldpc_encoder_0/inst/ldpc_encoder_core/csr_decoder/clk_i
    SLICE_X28Y115        FDCE                                         r  design_1_i/ldpc_encoder_0/inst/ldpc_encoder_core/csr_decoder/col_idx_q_reg[1][1]/C
  -------------------------------------------------------------------    -------------------
    SLICE_X28Y115        FDCE (Prop_CFF2_SLICEM_C_Q)
                                                      0.113     2.949 r  design_1_i/ldpc_encoder_0/inst/ldpc_encoder_core/csr_decoder/col_idx_q_reg[1][1]/Q
                         net (fo=2, routed)           0.206     3.155    design_1_i/ldpc_encoder_0/inst/ldpc_encoder_core/csr_decoder/ldpc_io_reg/i_fifo/mem_q_reg[0][col_idx][1][1]_1[1]
    SLICE_X28Y121        FDCE                                         r  design_1_i/ldpc_encoder_0/inst/ldpc_encoder_core/csr_decoder/ldpc_io_reg/i_fifo/mem_q_reg[0][col_idx][1][1]/D
  -------------------------------------------------------------------    -------------------

                         (clock clk_pl_0 rise edge)
                                                      0.000     0.000 r  
    PS8_X0Y0             PS8                          0.000     0.000 r  design_1_i/zynq_ultra_ps_e_0/inst/PS8_i/PLCLK[0]
                         net (fo=1, routed)           0.229     0.229    design_1_i/zynq_ultra_ps_e_0/inst/pl_clk_unbuffered[0]
    BUFG_PS_X0Y80        BUFG_PS (Prop_BUFG_PS_I_O)
                                                      0.038     0.267 r  design_1_i/zynq_ultra_ps_e_0/inst/buffer_pl_clk_0.PL_CLK_0_BUFG/O
    X1Y1 (CLOCK_ROOT)    net (fo=10238, routed)       2.960     3.227    design_1_i/ldpc_encoder_0/inst/ldpc_encoder_core/csr_decoder/ldpc_io_reg/i_fifo/clk_i
    SLICE_X28Y121        FDCE                                         r  design_1_i/ldpc_encoder_0/inst/ldpc_encoder_core/csr_decoder/ldpc_io_reg/i_fifo/mem_q_reg[0][col_idx][1][1]/C
                         clock pessimism             -0.185     3.042    
    SLICE_X28Y121        FDCE (Hold_GFF_SLICEM_C_D)
                                                      0.100     3.142    design_1_i/ldpc_encoder_0/inst/ldpc_encoder_core/csr_decoder/ldpc_io_reg/i_fifo/mem_q_reg[0][col_idx][1][1]
  -------------------------------------------------------------------
                         required time                         -3.142    
                         arrival time                           3.155    
  -------------------------------------------------------------------
                         slack                                  0.013    

Slack (MET) :             0.013ns  (arrival time - required time)
  Source:                 <hidden>
                            (rising edge-triggered cell FDSE clocked by clk_pl_0  {rise@0.000ns fall@17.000ns period=34.000ns})
  Destination:            <hidden>
                            (rising edge-triggered cell FDSE clocked by clk_pl_0  {rise@0.000ns fall@17.000ns period=34.000ns})
  Path Group:             clk_pl_0
  Path Type:              Hold (Min at Slow Process Corner)
  Requirement:            0.000ns  (clk_pl_0 rise@0.000ns - clk_pl_0 rise@0.000ns)
  Data Path Delay:        0.248ns  (logic 0.112ns (45.161%)  route 0.136ns (54.839%))
  Logic Levels:           0  
  Clock Path Skew:        0.134ns (DCD - SCD - CPR)
    Destination Clock Delay (DCD):    3.415ns
    Source Clock Delay      (SCD):    3.041ns
    Clock Pessimism Removal (CPR):    0.240ns
  Clock Net Delay (Source):      2.825ns (routing 1.450ns, distribution 1.375ns)
  Clock Net Delay (Destination): 3.148ns (routing 1.584ns, distribution 1.564ns)

    Location             Delay type                Incr(ns)  Path(ns)    Netlist Resource(s)
  -------------------------------------------------------------------    -------------------
                         (clock clk_pl_0 rise edge)
                                                      0.000     0.000 r  
    PS8_X0Y0             PS8                          0.000     0.000 r  design_1_i/zynq_ultra_ps_e_0/inst/PS8_i/PLCLK[0]
                         net (fo=1, routed)           0.181     0.181    design_1_i/zynq_ultra_ps_e_0/inst/pl_clk_unbuffered[0]
    BUFG_PS_X0Y80        BUFG_PS (Prop_BUFG_PS_I_O)
                                                      0.035     0.216 r  design_1_i/zynq_ultra_ps_e_0/inst/buffer_pl_clk_0.PL_CLK_0_BUFG/O
    X1Y1 (CLOCK_ROOT)    net (fo=10238, routed)       2.825     3.041    <hidden>
    SLICE_X4Y82          FDSE                                         r  <hidden>
  -------------------------------------------------------------------    -------------------
    SLICE_X4Y82          FDSE (Prop_DFF_SLICEM_C_Q)
                                                      0.112     3.153 r  <hidden>
                         net (fo=1, routed)           0.136     3.289    <hidden>
    SLICE_X5Y82          FDSE                                         r  <hidden>
  -------------------------------------------------------------------    -------------------

                         (clock clk_pl_0 rise edge)
                                                      0.000     0.000 r  
    PS8_X0Y0             PS8                          0.000     0.000 r  design_1_i/zynq_ultra_ps_e_0/inst/PS8_i/PLCLK[0]
                         net (fo=1, routed)           0.229     0.229    design_1_i/zynq_ultra_ps_e_0/inst/pl_clk_unbuffered[0]
    BUFG_PS_X0Y80        BUFG_PS (Prop_BUFG_PS_I_O)
                                                      0.038     0.267 r  design_1_i/zynq_ultra_ps_e_0/inst/buffer_pl_clk_0.PL_CLK_0_BUFG/O
    X1Y1 (CLOCK_ROOT)    net (fo=10238, routed)       3.148     3.415    <hidden>
    SLICE_X5Y82          FDSE                                         r  <hidden>
                         clock pessimism             -0.240     3.175    
    SLICE_X5Y82          FDSE (Hold_EFF_SLICEM_C_D)
                                                      0.101     3.276    <hidden>
  -------------------------------------------------------------------
                         required time                         -3.276    
                         arrival time                           3.289    
  -------------------------------------------------------------------
                         slack                                  0.013    

Slack (MET) :             0.014ns  (arrival time - required time)
  Source:                 design_1_i/ldpc_encoder_0/inst/ldpc_encoder_core/gf2_sum/data_out_internal_reg[0][88]/C
                            (rising edge-triggered cell FDCE clocked by clk_pl_0  {rise@0.000ns fall@17.000ns period=34.000ns})
  Destination:            design_1_i/ldpc_encoder_0/inst/ldpc_encoder_core/codeword_generator/pa_data_q_reg[0][88]/D
                            (rising edge-triggered cell FDCE clocked by clk_pl_0  {rise@0.000ns fall@17.000ns period=34.000ns})
  Path Group:             clk_pl_0
  Path Type:              Hold (Min at Slow Process Corner)
  Requirement:            0.000ns  (clk_pl_0 rise@0.000ns - clk_pl_0 rise@0.000ns)
  Data Path Delay:        0.306ns  (logic 0.112ns (36.572%)  route 0.194ns (63.428%))
  Logic Levels:           0  
  Clock Path Skew:        0.190ns (DCD - SCD - CPR)
    Destination Clock Delay (DCD):    3.269ns
    Source Clock Delay      (SCD):    2.887ns
    Clock Pessimism Removal (CPR):    0.192ns
  Clock Net Delay (Source):      2.671ns (routing 1.450ns, distribution 1.221ns)
  Clock Net Delay (Destination): 3.002ns (routing 1.584ns, distribution 1.418ns)

    Location             Delay type                Incr(ns)  Path(ns)    Netlist Resource(s)
  -------------------------------------------------------------------    -------------------
                         (clock clk_pl_0 rise edge)
                                                      0.000     0.000 r  
    PS8_X0Y0             PS8                          0.000     0.000 r  design_1_i/zynq_ultra_ps_e_0/inst/PS8_i/PLCLK[0]
                         net (fo=1, routed)           0.181     0.181    design_1_i/zynq_ultra_ps_e_0/inst/pl_clk_unbuffered[0]
    BUFG_PS_X0Y80        BUFG_PS (Prop_BUFG_PS_I_O)
                                                      0.035     0.216 r  design_1_i/zynq_ultra_ps_e_0/inst/buffer_pl_clk_0.PL_CLK_0_BUFG/O
    X1Y1 (CLOCK_ROOT)    net (fo=10238, routed)       2.671     2.887    design_1_i/ldpc_encoder_0/inst/ldpc_encoder_core/gf2_sum/clk_i
    SLICE_X32Y174        FDCE                                         r  design_1_i/ldpc_encoder_0/inst/ldpc_encoder_core/gf2_sum/data_out_internal_reg[0][88]/C
  -------------------------------------------------------------------    -------------------
    SLICE_X32Y174        FDCE (Prop_HFF_SLICEM_C_Q)
                                                      0.112     2.999 r  design_1_i/ldpc_encoder_0/inst/ldpc_encoder_core/gf2_sum/data_out_internal_reg[0][88]/Q
                         net (fo=6, routed)           0.194     3.193    design_1_i/ldpc_encoder_0/inst/ldpc_encoder_core/codeword_generator/pa_data_q_reg[0][95]_0[88]
    SLICE_X32Y182        FDCE                                         r  design_1_i/ldpc_encoder_0/inst/ldpc_encoder_core/codeword_generator/pa_data_q_reg[0][88]/D
  -------------------------------------------------------------------    -------------------

                         (clock clk_pl_0 rise edge)
                                                      0.000     0.000 r  
    PS8_X0Y0             PS8                          0.000     0.000 r  design_1_i/zynq_ultra_ps_e_0/inst/PS8_i/PLCLK[0]
                         net (fo=1, routed)           0.229     0.229    design_1_i/zynq_ultra_ps_e_0/inst/pl_clk_unbuffered[0]
    BUFG_PS_X0Y80        BUFG_PS (Prop_BUFG_PS_I_O)
                                                      0.038     0.267 r  design_1_i/zynq_ultra_ps_e_0/inst/buffer_pl_clk_0.PL_CLK_0_BUFG/O
    X1Y1 (CLOCK_ROOT)    net (fo=10238, routed)       3.002     3.269    design_1_i/ldpc_encoder_0/inst/ldpc_encoder_core/codeword_generator/clk_i
    SLICE_X32Y182        FDCE                                         r  design_1_i/ldpc_encoder_0/inst/ldpc_encoder_core/codeword_generator/pa_data_q_reg[0][88]/C
                         clock pessimism             -0.192     3.077    
    SLICE_X32Y182        FDCE (Hold_HFF2_SLICEM_C_D)
                                                      0.103     3.180    design_1_i/ldpc_encoder_0/inst/ldpc_encoder_core/codeword_generator/pa_data_q_reg[0][88]
  -------------------------------------------------------------------
                         required time                         -3.180    
                         arrival time                           3.193    
  -------------------------------------------------------------------
                         slack                                  0.014    

Slack (MET) :             0.014ns  (arrival time - required time)
  Source:                 design_1_i/ldpc_encoder_0/inst/output_buffer/u_spill_register/spill_register_flushable_i/gen_spill_reg.a_data_q_reg[tdata][19]/C
                            (rising edge-triggered cell FDCE clocked by clk_pl_0  {rise@0.000ns fall@17.000ns period=34.000ns})
  Destination:            design_1_i/ldpc_encoder_0/inst/output_buffer/u_spill_register/spill_register_flushable_i/gen_spill_reg.b_data_q_reg[tdata][19]/D
                            (rising edge-triggered cell FDCE clocked by clk_pl_0  {rise@0.000ns fall@17.000ns period=34.000ns})
  Path Group:             clk_pl_0
  Path Type:              Hold (Min at Slow Process Corner)
  Requirement:            0.000ns  (clk_pl_0 rise@0.000ns - clk_pl_0 rise@0.000ns)
  Data Path Delay:        0.222ns  (logic 0.113ns (50.992%)  route 0.109ns (49.008%))
  Logic Levels:           0  
  Clock Path Skew:        0.106ns (DCD - SCD - CPR)
    Destination Clock Delay (DCD):    3.440ns
    Source Clock Delay      (SCD):    3.096ns
    Clock Pessimism Removal (CPR):    0.238ns
  Clock Net Delay (Source):      2.880ns (routing 1.450ns, distribution 1.430ns)
  Clock Net Delay (Destination): 3.173ns (routing 1.584ns, distribution 1.589ns)

    Location             Delay type                Incr(ns)  Path(ns)    Netlist Resource(s)
  -------------------------------------------------------------------    -------------------
                         (clock clk_pl_0 rise edge)
                                                      0.000     0.000 r  
    PS8_X0Y0             PS8                          0.000     0.000 r  design_1_i/zynq_ultra_ps_e_0/inst/PS8_i/PLCLK[0]
                         net (fo=1, routed)           0.181     0.181    design_1_i/zynq_ultra_ps_e_0/inst/pl_clk_unbuffered[0]
    BUFG_PS_X0Y80        BUFG_PS (Prop_BUFG_PS_I_O)
                                                      0.035     0.216 r  design_1_i/zynq_ultra_ps_e_0/inst/buffer_pl_clk_0.PL_CLK_0_BUFG/O
    X1Y1 (CLOCK_ROOT)    net (fo=10238, routed)       2.880     3.096    design_1_i/ldpc_encoder_0/inst/output_buffer/u_spill_register/spill_register_flushable_i/clk_i
    SLICE_X0Y230         FDCE                                         r  design_1_i/ldpc_encoder_0/inst/output_buffer/u_spill_register/spill_register_flushable_i/gen_spill_reg.a_data_q_reg[tdata][19]/C
  -------------------------------------------------------------------    -------------------
    SLICE_X0Y230         FDCE (Prop_HFF2_SLICEL_C_Q)
                                                      0.113     3.209 r  design_1_i/ldpc_encoder_0/inst/output_buffer/u_spill_register/spill_register_flushable_i/gen_spill_reg.a_data_q_reg[tdata][19]/Q
                         net (fo=2, routed)           0.109     3.318    design_1_i/ldpc_encoder_0/inst/output_buffer/u_spill_register/spill_register_flushable_i/gen_spill_reg.a_data_q_reg[tdata][19]
    SLICE_X1Y230         FDCE                                         r  design_1_i/ldpc_encoder_0/inst/output_buffer/u_spill_register/spill_register_flushable_i/gen_spill_reg.b_data_q_reg[tdata][19]/D
  -------------------------------------------------------------------    -------------------

                         (clock clk_pl_0 rise edge)
                                                      0.000     0.000 r  
    PS8_X0Y0             PS8                          0.000     0.000 r  design_1_i/zynq_ultra_ps_e_0/inst/PS8_i/PLCLK[0]
                         net (fo=1, routed)           0.229     0.229    design_1_i/zynq_ultra_ps_e_0/inst/pl_clk_unbuffered[0]
    BUFG_PS_X0Y80        BUFG_PS (Prop_BUFG_PS_I_O)
                                                      0.038     0.267 r  design_1_i/zynq_ultra_ps_e_0/inst/buffer_pl_clk_0.PL_CLK_0_BUFG/O
    X1Y1 (CLOCK_ROOT)    net (fo=10238, routed)       3.173     3.440    design_1_i/ldpc_encoder_0/inst/output_buffer/u_spill_register/spill_register_flushable_i/clk_i
    SLICE_X1Y230         FDCE                                         r  design_1_i/ldpc_encoder_0/inst/output_buffer/u_spill_register/spill_register_flushable_i/gen_spill_reg.b_data_q_reg[tdata][19]/C
                         clock pessimism             -0.238     3.202    
    SLICE_X1Y230         FDCE (Hold_CFF2_SLICEM_C_D)
                                                      0.102     3.304    design_1_i/ldpc_encoder_0/inst/output_buffer/u_spill_register/spill_register_flushable_i/gen_spill_reg.b_data_q_reg[tdata][19]
  -------------------------------------------------------------------
                         required time                         -3.304    
                         arrival time                           3.318    
  -------------------------------------------------------------------
                         slack                                  0.014    

Slack (MET) :             0.014ns  (arrival time - required time)
  Source:                 design_1_i/axi_dma_0/U0/I_PRMRY_DATAMOVER/GEN_S2MM_FULL.I_S2MM_FULL_WRAPPER/ENABLE_AXIS_SKID.I_S2MM_STRM_SKID_BUF/sig_data_reg_out_reg[25]/C
                            (rising edge-triggered cell FDRE clocked by clk_pl_0  {rise@0.000ns fall@17.000ns period=34.000ns})
  Destination:            design_1_i/axi_dma_0/U0/I_PRMRY_DATAMOVER/GEN_S2MM_FULL.I_S2MM_FULL_WRAPPER/GEN_INCLUDE_REALIGNER.I_S2MM_REALIGNER/GEN_INCLUDE_SCATTER.I_S2MM_SCATTER/I_MSSAI_SKID_BUF/sig_data_skid_reg_reg[25]/D
                            (rising edge-triggered cell FDRE clocked by clk_pl_0  {rise@0.000ns fall@17.000ns period=34.000ns})
  Path Group:             clk_pl_0
  Path Type:              Hold (Min at Slow Process Corner)
  Requirement:            0.000ns  (clk_pl_0 rise@0.000ns - clk_pl_0 rise@0.000ns)
  Data Path Delay:        0.224ns  (logic 0.112ns (50.000%)  route 0.112ns (50.000%))
  Logic Levels:           0  
  Clock Path Skew:        0.108ns (DCD - SCD - CPR)
    Destination Clock Delay (DCD):    3.438ns
    Source Clock Delay      (SCD):    3.092ns
    Clock Pessimism Removal (CPR):    0.238ns
  Clock Net Delay (Source):      2.876ns (routing 1.450ns, distribution 1.426ns)
  Clock Net Delay (Destination): 3.171ns (routing 1.584ns, distribution 1.587ns)

    Location             Delay type                Incr(ns)  Path(ns)    Netlist Resource(s)
  -------------------------------------------------------------------    -------------------
                         (clock clk_pl_0 rise edge)
                                                      0.000     0.000 r  
    PS8_X0Y0             PS8                          0.000     0.000 r  design_1_i/zynq_ultra_ps_e_0/inst/PS8_i/PLCLK[0]
                         net (fo=1, routed)           0.181     0.181    design_1_i/zynq_ultra_ps_e_0/inst/pl_clk_unbuffered[0]
    BUFG_PS_X0Y80        BUFG_PS (Prop_BUFG_PS_I_O)
                                                      0.035     0.216 r  design_1_i/zynq_ultra_ps_e_0/inst/buffer_pl_clk_0.PL_CLK_0_BUFG/O
    X1Y1 (CLOCK_ROOT)    net (fo=10238, routed)       2.876     3.092    design_1_i/axi_dma_0/U0/I_PRMRY_DATAMOVER/GEN_S2MM_FULL.I_S2MM_FULL_WRAPPER/ENABLE_AXIS_SKID.I_S2MM_STRM_SKID_BUF/m_axi_s2mm_aclk
    SLICE_X3Y227         FDRE                                         r  design_1_i/axi_dma_0/U0/I_PRMRY_DATAMOVER/GEN_S2MM_FULL.I_S2MM_FULL_WRAPPER/ENABLE_AXIS_SKID.I_S2MM_STRM_SKID_BUF/sig_data_reg_out_reg[25]/C
  -------------------------------------------------------------------    -------------------
    SLICE_X3Y227         FDRE (Prop_DFF_SLICEL_C_Q)
                                                      0.112     3.204 r  design_1_i/axi_dma_0/U0/I_PRMRY_DATAMOVER/GEN_S2MM_FULL.I_S2MM_FULL_WRAPPER/ENABLE_AXIS_SKID.I_S2MM_STRM_SKID_BUF/sig_data_reg_out_reg[25]/Q
                         net (fo=2, routed)           0.112     3.316    design_1_i/axi_dma_0/U0/I_PRMRY_DATAMOVER/GEN_S2MM_FULL.I_S2MM_FULL_WRAPPER/GEN_INCLUDE_REALIGNER.I_S2MM_REALIGNER/GEN_INCLUDE_SCATTER.I_S2MM_SCATTER/I_MSSAI_SKID_BUF/sig_data_skid_reg_reg[31]_0[25]
    SLICE_X4Y227         FDRE                                         r  design_1_i/axi_dma_0/U0/I_PRMRY_DATAMOVER/GEN_S2MM_FULL.I_S2MM_FULL_WRAPPER/GEN_INCLUDE_REALIGNER.I_S2MM_REALIGNER/GEN_INCLUDE_SCATTER.I_S2MM_SCATTER/I_MSSAI_SKID_BUF/sig_data_skid_reg_reg[25]/D
  -------------------------------------------------------------------    -------------------

                         (clock clk_pl_0 rise edge)
                                                      0.000     0.000 r  
    PS8_X0Y0             PS8                          0.000     0.000 r  design_1_i/zynq_ultra_ps_e_0/inst/PS8_i/PLCLK[0]
                         net (fo=1, routed)           0.229     0.229    design_1_i/zynq_ultra_ps_e_0/inst/pl_clk_unbuffered[0]
    BUFG_PS_X0Y80        BUFG_PS (Prop_BUFG_PS_I_O)
                                                      0.038     0.267 r  design_1_i/zynq_ultra_ps_e_0/inst/buffer_pl_clk_0.PL_CLK_0_BUFG/O
    X1Y1 (CLOCK_ROOT)    net (fo=10238, routed)       3.171     3.438    design_1_i/axi_dma_0/U0/I_PRMRY_DATAMOVER/GEN_S2MM_FULL.I_S2MM_FULL_WRAPPER/GEN_INCLUDE_REALIGNER.I_S2MM_REALIGNER/GEN_INCLUDE_SCATTER.I_S2MM_SCATTER/I_MSSAI_SKID_BUF/m_axi_s2mm_aclk
    SLICE_X4Y227         FDRE                                         r  design_1_i/axi_dma_0/U0/I_PRMRY_DATAMOVER/GEN_S2MM_FULL.I_S2MM_FULL_WRAPPER/GEN_INCLUDE_REALIGNER.I_S2MM_REALIGNER/GEN_INCLUDE_SCATTER.I_S2MM_SCATTER/I_MSSAI_SKID_BUF/sig_data_skid_reg_reg[25]/C
                         clock pessimism             -0.238     3.200    
    SLICE_X4Y227         FDRE (Hold_DFF2_SLICEM_C_D)
                                                      0.102     3.302    design_1_i/axi_dma_0/U0/I_PRMRY_DATAMOVER/GEN_S2MM_FULL.I_S2MM_FULL_WRAPPER/GEN_INCLUDE_REALIGNER.I_S2MM_REALIGNER/GEN_INCLUDE_SCATTER.I_S2MM_SCATTER/I_MSSAI_SKID_BUF/sig_data_skid_reg_reg[25]
  -------------------------------------------------------------------
                         required time                         -3.302    
                         arrival time                           3.316    
  -------------------------------------------------------------------
                         slack                                  0.014    

Slack (MET) :             0.014ns  (arrival time - required time)
  Source:                 design_1_i/axi_dma_0/U0/INCLUDE_S2MM_SOF_EOF_GENERATOR.I_S2MM_DMA_MNGR/GEN_S2MM_DMA_CONTROL.GEN_SIMPLE_DMA_MODE.I_S2MM_SMPL_SM/GEN_CMD_BTT_EQL_23.cmnd_data_reg[42]/C
                            (rising edge-triggered cell FDRE clocked by clk_pl_0  {rise@0.000ns fall@17.000ns period=34.000ns})
  Destination:            design_1_i/axi_dma_0/U0/I_PRMRY_DATAMOVER/GEN_S2MM_FULL.I_S2MM_FULL_WRAPPER/I_CMD_STATUS/I_CMD_FIFO/USE_SINGLE_REG.sig_regfifo_dout_reg_reg[42]/D
                            (rising edge-triggered cell FDRE clocked by clk_pl_0  {rise@0.000ns fall@17.000ns period=34.000ns})
  Path Group:             clk_pl_0
  Path Type:              Hold (Min at Slow Process Corner)
  Requirement:            0.000ns  (clk_pl_0 rise@0.000ns - clk_pl_0 rise@0.000ns)
  Data Path Delay:        0.244ns  (logic 0.112ns (45.902%)  route 0.132ns (54.098%))
  Logic Levels:           0  
  Clock Path Skew:        0.128ns (DCD - SCD - CPR)
    Destination Clock Delay (DCD):    3.399ns
    Source Clock Delay      (SCD):    3.031ns
    Clock Pessimism Removal (CPR):    0.240ns
  Clock Net Delay (Source):      2.815ns (routing 1.450ns, distribution 1.365ns)
  Clock Net Delay (Destination): 3.132ns (routing 1.584ns, distribution 1.548ns)

    Location             Delay type                Incr(ns)  Path(ns)    Netlist Resource(s)
  -------------------------------------------------------------------    -------------------
                         (clock clk_pl_0 rise edge)
                                                      0.000     0.000 r  
    PS8_X0Y0             PS8                          0.000     0.000 r  design_1_i/zynq_ultra_ps_e_0/inst/PS8_i/PLCLK[0]
                         net (fo=1, routed)           0.181     0.181    design_1_i/zynq_ultra_ps_e_0/inst/pl_clk_unbuffered[0]
    BUFG_PS_X0Y80        BUFG_PS (Prop_BUFG_PS_I_O)
                                                      0.035     0.216 r  design_1_i/zynq_ultra_ps_e_0/inst/buffer_pl_clk_0.PL_CLK_0_BUFG/O
    X1Y1 (CLOCK_ROOT)    net (fo=10238, routed)       2.815     3.031    design_1_i/axi_dma_0/U0/INCLUDE_S2MM_SOF_EOF_GENERATOR.I_S2MM_DMA_MNGR/GEN_S2MM_DMA_CONTROL.GEN_SIMPLE_DMA_MODE.I_S2MM_SMPL_SM/s_axi_lite_aclk
    SLICE_X7Y99          FDRE                                         r  design_1_i/axi_dma_0/U0/INCLUDE_S2MM_SOF_EOF_GENERATOR.I_S2MM_DMA_MNGR/GEN_S2MM_DMA_CONTROL.GEN_SIMPLE_DMA_MODE.I_S2MM_SMPL_SM/GEN_CMD_BTT_EQL_23.cmnd_data_reg[42]/C
  -------------------------------------------------------------------    -------------------
    SLICE_X7Y99          FDRE (Prop_AFF_SLICEM_C_Q)
                                                      0.112     3.143 r  design_1_i/axi_dma_0/U0/INCLUDE_S2MM_SOF_EOF_GENERATOR.I_S2MM_DMA_MNGR/GEN_S2MM_DMA_CONTROL.GEN_SIMPLE_DMA_MODE.I_S2MM_SMPL_SM/GEN_CMD_BTT_EQL_23.cmnd_data_reg[42]/Q
                         net (fo=1, routed)           0.132     3.275    design_1_i/axi_dma_0/U0/I_PRMRY_DATAMOVER/GEN_S2MM_FULL.I_S2MM_FULL_WRAPPER/I_CMD_STATUS/I_CMD_FIFO/USE_SINGLE_REG.sig_regfifo_dout_reg_reg[98]_0[35]
    SLICE_X6Y99          FDRE                                         r  design_1_i/axi_dma_0/U0/I_PRMRY_DATAMOVER/GEN_S2MM_FULL.I_S2MM_FULL_WRAPPER/I_CMD_STATUS/I_CMD_FIFO/USE_SINGLE_REG.sig_regfifo_dout_reg_reg[42]/D
  -------------------------------------------------------------------    -------------------

                         (clock clk_pl_0 rise edge)
                                                      0.000     0.000 r  
    PS8_X0Y0             PS8                          0.000     0.000 r  design_1_i/zynq_ultra_ps_e_0/inst/PS8_i/PLCLK[0]
                         net (fo=1, routed)           0.229     0.229    design_1_i/zynq_ultra_ps_e_0/inst/pl_clk_unbuffered[0]
    BUFG_PS_X0Y80        BUFG_PS (Prop_BUFG_PS_I_O)
                                                      0.038     0.267 r  design_1_i/zynq_ultra_ps_e_0/inst/buffer_pl_clk_0.PL_CLK_0_BUFG/O
    X1Y1 (CLOCK_ROOT)    net (fo=10238, routed)       3.132     3.399    design_1_i/axi_dma_0/U0/I_PRMRY_DATAMOVER/GEN_S2MM_FULL.I_S2MM_FULL_WRAPPER/I_CMD_STATUS/I_CMD_FIFO/m_axi_s2mm_aclk
    SLICE_X6Y99          FDRE                                         r  design_1_i/axi_dma_0/U0/I_PRMRY_DATAMOVER/GEN_S2MM_FULL.I_S2MM_FULL_WRAPPER/I_CMD_STATUS/I_CMD_FIFO/USE_SINGLE_REG.sig_regfifo_dout_reg_reg[42]/C
                         clock pessimism             -0.240     3.159    
    SLICE_X6Y99          FDRE (Hold_AFF2_SLICEL_C_D)
                                                      0.102     3.261    design_1_i/axi_dma_0/U0/I_PRMRY_DATAMOVER/GEN_S2MM_FULL.I_S2MM_FULL_WRAPPER/I_CMD_STATUS/I_CMD_FIFO/USE_SINGLE_REG.sig_regfifo_dout_reg_reg[42]
  -------------------------------------------------------------------
                         required time                         -3.261    
                         arrival time                           3.275    
  -------------------------------------------------------------------
                         slack                                  0.014    

Slack (MET) :             0.016ns  (arrival time - required time)
  Source:                 design_1_i/axi_dma_0/U0/I_PRMRY_DATAMOVER/GEN_S2MM_FULL.I_S2MM_FULL_WRAPPER/ENABLE_AXIS_SKID.I_S2MM_STRM_SKID_BUF/sig_data_reg_out_reg[4]/C
                            (rising edge-triggered cell FDRE clocked by clk_pl_0  {rise@0.000ns fall@17.000ns period=34.000ns})
  Destination:            design_1_i/axi_dma_0/U0/I_PRMRY_DATAMOVER/GEN_S2MM_FULL.I_S2MM_FULL_WRAPPER/GEN_INCLUDE_REALIGNER.I_S2MM_REALIGNER/GEN_INCLUDE_SCATTER.I_S2MM_SCATTER/I_MSSAI_SKID_BUF/sig_data_skid_reg_reg[4]/D
                            (rising edge-triggered cell FDRE clocked by clk_pl_0  {rise@0.000ns fall@17.000ns period=34.000ns})
  Path Group:             clk_pl_0
  Path Type:              Hold (Min at Slow Process Corner)
  Requirement:            0.000ns  (clk_pl_0 rise@0.000ns - clk_pl_0 rise@0.000ns)
  Data Path Delay:        0.249ns  (logic 0.111ns (44.519%)  route 0.138ns (55.481%))
  Logic Levels:           0  
  Clock Path Skew:        0.131ns (DCD - SCD - CPR)
    Destination Clock Delay (DCD):    3.465ns
    Source Clock Delay      (SCD):    3.096ns
    Clock Pessimism Removal (CPR):    0.238ns
  Clock Net Delay (Source):      2.880ns (routing 1.450ns, distribution 1.430ns)
  Clock Net Delay (Destination): 3.198ns (routing 1.584ns, distribution 1.614ns)

    Location             Delay type                Incr(ns)  Path(ns)    Netlist Resource(s)
  -------------------------------------------------------------------    -------------------
                         (clock clk_pl_0 rise edge)
                                                      0.000     0.000 r  
    PS8_X0Y0             PS8                          0.000     0.000 r  design_1_i/zynq_ultra_ps_e_0/inst/PS8_i/PLCLK[0]
                         net (fo=1, routed)           0.181     0.181    design_1_i/zynq_ultra_ps_e_0/inst/pl_clk_unbuffered[0]
    BUFG_PS_X0Y80        BUFG_PS (Prop_BUFG_PS_I_O)
                                                      0.035     0.216 r  design_1_i/zynq_ultra_ps_e_0/inst/buffer_pl_clk_0.PL_CLK_0_BUFG/O
    X1Y1 (CLOCK_ROOT)    net (fo=10238, routed)       2.880     3.096    design_1_i/axi_dma_0/U0/I_PRMRY_DATAMOVER/GEN_S2MM_FULL.I_S2MM_FULL_WRAPPER/ENABLE_AXIS_SKID.I_S2MM_STRM_SKID_BUF/m_axi_s2mm_aclk
    SLICE_X1Y227         FDRE                                         r  design_1_i/axi_dma_0/U0/I_PRMRY_DATAMOVER/GEN_S2MM_FULL.I_S2MM_FULL_WRAPPER/ENABLE_AXIS_SKID.I_S2MM_STRM_SKID_BUF/sig_data_reg_out_reg[4]/C
  -------------------------------------------------------------------    -------------------
    SLICE_X1Y227         FDRE (Prop_BFF_SLICEM_C_Q)
                                                      0.111     3.207 r  design_1_i/axi_dma_0/U0/I_PRMRY_DATAMOVER/GEN_S2MM_FULL.I_S2MM_FULL_WRAPPER/ENABLE_AXIS_SKID.I_S2MM_STRM_SKID_BUF/sig_data_reg_out_reg[4]/Q
                         net (fo=2, routed)           0.138     3.345    design_1_i/axi_dma_0/U0/I_PRMRY_DATAMOVER/GEN_S2MM_FULL.I_S2MM_FULL_WRAPPER/GEN_INCLUDE_REALIGNER.I_S2MM_REALIGNER/GEN_INCLUDE_SCATTER.I_S2MM_SCATTER/I_MSSAI_SKID_BUF/sig_data_skid_reg_reg[31]_0[4]
    SLICE_X2Y225         FDRE                                         r  design_1_i/axi_dma_0/U0/I_PRMRY_DATAMOVER/GEN_S2MM_FULL.I_S2MM_FULL_WRAPPER/GEN_INCLUDE_REALIGNER.I_S2MM_REALIGNER/GEN_INCLUDE_SCATTER.I_S2MM_SCATTER/I_MSSAI_SKID_BUF/sig_data_skid_reg_reg[4]/D
  -------------------------------------------------------------------    -------------------

                         (clock clk_pl_0 rise edge)
                                                      0.000     0.000 r  
    PS8_X0Y0             PS8                          0.000     0.000 r  design_1_i/zynq_ultra_ps_e_0/inst/PS8_i/PLCLK[0]
                         net (fo=1, routed)           0.229     0.229    design_1_i/zynq_ultra_ps_e_0/inst/pl_clk_unbuffered[0]
    BUFG_PS_X0Y80        BUFG_PS (Prop_BUFG_PS_I_O)
                                                      0.038     0.267 r  design_1_i/zynq_ultra_ps_e_0/inst/buffer_pl_clk_0.PL_CLK_0_BUFG/O
    X1Y1 (CLOCK_ROOT)    net (fo=10238, routed)       3.198     3.465    design_1_i/axi_dma_0/U0/I_PRMRY_DATAMOVER/GEN_S2MM_FULL.I_S2MM_FULL_WRAPPER/GEN_INCLUDE_REALIGNER.I_S2MM_REALIGNER/GEN_INCLUDE_SCATTER.I_S2MM_SCATTER/I_MSSAI_SKID_BUF/m_axi_s2mm_aclk
    SLICE_X2Y225         FDRE                                         r  design_1_i/axi_dma_0/U0/I_PRMRY_DATAMOVER/GEN_S2MM_FULL.I_S2MM_FULL_WRAPPER/GEN_INCLUDE_REALIGNER.I_S2MM_REALIGNER/GEN_INCLUDE_SCATTER.I_S2MM_SCATTER/I_MSSAI_SKID_BUF/sig_data_skid_reg_reg[4]/C
                         clock pessimism             -0.238     3.227    
    SLICE_X2Y225         FDRE (Hold_HFF2_SLICEM_C_D)
                                                      0.103     3.330    design_1_i/axi_dma_0/U0/I_PRMRY_DATAMOVER/GEN_S2MM_FULL.I_S2MM_FULL_WRAPPER/GEN_INCLUDE_REALIGNER.I_S2MM_REALIGNER/GEN_INCLUDE_SCATTER.I_S2MM_SCATTER/I_MSSAI_SKID_BUF/sig_data_skid_reg_reg[4]
  -------------------------------------------------------------------
                         required time                         -3.330    
                         arrival time                           3.345    
  -------------------------------------------------------------------
                         slack                                  0.016    

Slack (MET) :             0.020ns  (arrival time - required time)
  Source:                 design_1_i/axi_dma_0/U0/I_PRMRY_DATAMOVER/GEN_MM2S_FULL.I_MM2S_FULL_WRAPPER/I_MSTR_PCC/sig_sm_ld_calc2_reg_reg/C
                            (rising edge-triggered cell FDRE clocked by clk_pl_0  {rise@0.000ns fall@17.000ns period=34.000ns})
  Destination:            design_1_i/axi_dma_0/U0/I_PRMRY_DATAMOVER/GEN_MM2S_FULL.I_MM2S_FULL_WRAPPER/I_MSTR_PCC/sig_sm_ld_calc3_reg_reg/D
                            (rising edge-triggered cell FDRE clocked by clk_pl_0  {rise@0.000ns fall@17.000ns period=34.000ns})
  Path Group:             clk_pl_0
  Path Type:              Hold (Min at Slow Process Corner)
  Requirement:            0.000ns  (clk_pl_0 rise@0.000ns - clk_pl_0 rise@0.000ns)
  Data Path Delay:        0.253ns  (logic 0.115ns (45.464%)  route 0.138ns (54.536%))
  Logic Levels:           0  
  Clock Path Skew:        0.132ns (DCD - SCD - CPR)
    Destination Clock Delay (DCD):    3.389ns
    Source Clock Delay      (SCD):    3.016ns
    Clock Pessimism Removal (CPR):    0.240ns
  Clock Net Delay (Source):      2.800ns (routing 1.450ns, distribution 1.350ns)
  Clock Net Delay (Destination): 3.122ns (routing 1.584ns, distribution 1.538ns)

    Location             Delay type                Incr(ns)  Path(ns)    Netlist Resource(s)
  -------------------------------------------------------------------    -------------------
                         (clock clk_pl_0 rise edge)
                                                      0.000     0.000 r  
    PS8_X0Y0             PS8                          0.000     0.000 r  design_1_i/zynq_ultra_ps_e_0/inst/PS8_i/PLCLK[0]
                         net (fo=1, routed)           0.181     0.181    design_1_i/zynq_ultra_ps_e_0/inst/pl_clk_unbuffered[0]
    BUFG_PS_X0Y80        BUFG_PS (Prop_BUFG_PS_I_O)
                                                      0.035     0.216 r  design_1_i/zynq_ultra_ps_e_0/inst/buffer_pl_clk_0.PL_CLK_0_BUFG/O
    X1Y1 (CLOCK_ROOT)    net (fo=10238, routed)       2.800     3.016    design_1_i/axi_dma_0/U0/I_PRMRY_DATAMOVER/GEN_MM2S_FULL.I_MM2S_FULL_WRAPPER/I_MSTR_PCC/m_axi_mm2s_aclk
    SLICE_X17Y70         FDRE                                         r  design_1_i/axi_dma_0/U0/I_PRMRY_DATAMOVER/GEN_MM2S_FULL.I_MM2S_FULL_WRAPPER/I_MSTR_PCC/sig_sm_ld_calc2_reg_reg/C
  -------------------------------------------------------------------    -------------------
    SLICE_X17Y70         FDRE (Prop_DFF2_SLICEM_C_Q)
                                                      0.115     3.131 r  design_1_i/axi_dma_0/U0/I_PRMRY_DATAMOVER/GEN_MM2S_FULL.I_MM2S_FULL_WRAPPER/I_MSTR_PCC/sig_sm_ld_calc2_reg_reg/Q
                         net (fo=20, routed)          0.138     3.269    design_1_i/axi_dma_0/U0/I_PRMRY_DATAMOVER/GEN_MM2S_FULL.I_MM2S_FULL_WRAPPER/I_MSTR_PCC/sig_sm_ld_calc2_reg
    SLICE_X16Y69         FDRE                                         r  design_1_i/axi_dma_0/U0/I_PRMRY_DATAMOVER/GEN_MM2S_FULL.I_MM2S_FULL_WRAPPER/I_MSTR_PCC/sig_sm_ld_calc3_reg_reg/D
  -------------------------------------------------------------------    -------------------

                         (clock clk_pl_0 rise edge)
                                                      0.000     0.000 r  
    PS8_X0Y0             PS8                          0.000     0.000 r  design_1_i/zynq_ultra_ps_e_0/inst/PS8_i/PLCLK[0]
                         net (fo=1, routed)           0.229     0.229    design_1_i/zynq_ultra_ps_e_0/inst/pl_clk_unbuffered[0]
    BUFG_PS_X0Y80        BUFG_PS (Prop_BUFG_PS_I_O)
                                                      0.038     0.267 r  design_1_i/zynq_ultra_ps_e_0/inst/buffer_pl_clk_0.PL_CLK_0_BUFG/O
    X1Y1 (CLOCK_ROOT)    net (fo=10238, routed)       3.122     3.389    design_1_i/axi_dma_0/U0/I_PRMRY_DATAMOVER/GEN_MM2S_FULL.I_MM2S_FULL_WRAPPER/I_MSTR_PCC/m_axi_mm2s_aclk
    SLICE_X16Y69         FDRE                                         r  design_1_i/axi_dma_0/U0/I_PRMRY_DATAMOVER/GEN_MM2S_FULL.I_MM2S_FULL_WRAPPER/I_MSTR_PCC/sig_sm_ld_calc3_reg_reg/C
                         clock pessimism             -0.240     3.149    
    SLICE_X16Y69         FDRE (Hold_GFF_SLICEL_C_D)
                                                      0.101     3.250    design_1_i/axi_dma_0/U0/I_PRMRY_DATAMOVER/GEN_MM2S_FULL.I_MM2S_FULL_WRAPPER/I_MSTR_PCC/sig_sm_ld_calc3_reg_reg
  -------------------------------------------------------------------
                         required time                         -3.250    
                         arrival time                           3.269    
  -------------------------------------------------------------------
                         slack                                  0.020    

Slack (MET) :             0.020ns  (arrival time - required time)
  Source:                 design_1_i/axi_dma_0/U0/I_PRMRY_DATAMOVER/GEN_S2MM_FULL.I_S2MM_FULL_WRAPPER/I_WR_STATUS_CNTLR/GEN_ENABLE_INDET_BTT.sig_coelsc_bytes_rcvd_reg[3]/C
                            (rising edge-triggered cell FDRE clocked by clk_pl_0  {rise@0.000ns fall@17.000ns period=34.000ns})
  Destination:            design_1_i/axi_dma_0/U0/I_PRMRY_DATAMOVER/GEN_S2MM_FULL.I_S2MM_FULL_WRAPPER/I_CMD_STATUS/GEN_INCLUDE_STATUS_FIFO.I_STS_FIFO/USE_SINGLE_REG.sig_regfifo_dout_reg_reg[11]/D
                            (rising edge-triggered cell FDRE clocked by clk_pl_0  {rise@0.000ns fall@17.000ns period=34.000ns})
  Path Group:             clk_pl_0
  Path Type:              Hold (Min at Slow Process Corner)
  Requirement:            0.000ns  (clk_pl_0 rise@0.000ns - clk_pl_0 rise@0.000ns)
  Data Path Delay:        0.233ns  (logic 0.112ns (48.069%)  route 0.121ns (51.931%))
  Logic Levels:           0  
  Clock Path Skew:        0.111ns (DCD - SCD - CPR)
    Destination Clock Delay (DCD):    3.391ns
    Source Clock Delay      (SCD):    3.040ns
    Clock Pessimism Removal (CPR):    0.240ns
  Clock Net Delay (Source):      2.824ns (routing 1.450ns, distribution 1.374ns)
  Clock Net Delay (Destination): 3.124ns (routing 1.584ns, distribution 1.540ns)

    Location             Delay type                Incr(ns)  Path(ns)    Netlist Resource(s)
  -------------------------------------------------------------------    -------------------
                         (clock clk_pl_0 rise edge)
                                                      0.000     0.000 r  
    PS8_X0Y0             PS8                          0.000     0.000 r  design_1_i/zynq_ultra_ps_e_0/inst/PS8_i/PLCLK[0]
                         net (fo=1, routed)           0.181     0.181    design_1_i/zynq_ultra_ps_e_0/inst/pl_clk_unbuffered[0]
    BUFG_PS_X0Y80        BUFG_PS (Prop_BUFG_PS_I_O)
                                                      0.035     0.216 r  design_1_i/zynq_ultra_ps_e_0/inst/buffer_pl_clk_0.PL_CLK_0_BUFG/O
    X1Y1 (CLOCK_ROOT)    net (fo=10238, routed)       2.824     3.040    design_1_i/axi_dma_0/U0/I_PRMRY_DATAMOVER/GEN_S2MM_FULL.I_S2MM_FULL_WRAPPER/I_WR_STATUS_CNTLR/m_axi_s2mm_aclk
    SLICE_X4Y88          FDRE                                         r  design_1_i/axi_dma_0/U0/I_PRMRY_DATAMOVER/GEN_S2MM_FULL.I_S2MM_FULL_WRAPPER/I_WR_STATUS_CNTLR/GEN_ENABLE_INDET_BTT.sig_coelsc_bytes_rcvd_reg[3]/C
  -------------------------------------------------------------------    -------------------
    SLICE_X4Y88          FDRE (Prop_HFF_SLICEM_C_Q)
                                                      0.112     3.152 r  design_1_i/axi_dma_0/U0/I_PRMRY_DATAMOVER/GEN_S2MM_FULL.I_S2MM_FULL_WRAPPER/I_WR_STATUS_CNTLR/GEN_ENABLE_INDET_BTT.sig_coelsc_bytes_rcvd_reg[3]/Q
                         net (fo=1, routed)           0.121     3.273    design_1_i/axi_dma_0/U0/I_PRMRY_DATAMOVER/GEN_S2MM_FULL.I_S2MM_FULL_WRAPPER/I_CMD_STATUS/GEN_INCLUDE_STATUS_FIFO.I_STS_FIFO/D[7]
    SLICE_X5Y88          FDRE                                         r  design_1_i/axi_dma_0/U0/I_PRMRY_DATAMOVER/GEN_S2MM_FULL.I_S2MM_FULL_WRAPPER/I_CMD_STATUS/GEN_INCLUDE_STATUS_FIFO.I_STS_FIFO/USE_SINGLE_REG.sig_regfifo_dout_reg_reg[11]/D
  -------------------------------------------------------------------    -------------------

                         (clock clk_pl_0 rise edge)
                                                      0.000     0.000 r  
    PS8_X0Y0             PS8                          0.000     0.000 r  design_1_i/zynq_ultra_ps_e_0/inst/PS8_i/PLCLK[0]
                         net (fo=1, routed)           0.229     0.229    design_1_i/zynq_ultra_ps_e_0/inst/pl_clk_unbuffered[0]
    BUFG_PS_X0Y80        BUFG_PS (Prop_BUFG_PS_I_O)
                                                      0.038     0.267 r  design_1_i/zynq_ultra_ps_e_0/inst/buffer_pl_clk_0.PL_CLK_0_BUFG/O
    X1Y1 (CLOCK_ROOT)    net (fo=10238, routed)       3.124     3.391    design_1_i/axi_dma_0/U0/I_PRMRY_DATAMOVER/GEN_S2MM_FULL.I_S2MM_FULL_WRAPPER/I_CMD_STATUS/GEN_INCLUDE_STATUS_FIFO.I_STS_FIFO/m_axi_s2mm_aclk
    SLICE_X5Y88          FDRE                                         r  design_1_i/axi_dma_0/U0/I_PRMRY_DATAMOVER/GEN_S2MM_FULL.I_S2MM_FULL_WRAPPER/I_CMD_STATUS/GEN_INCLUDE_STATUS_FIFO.I_STS_FIFO/USE_SINGLE_REG.sig_regfifo_dout_reg_reg[11]/C
                         clock pessimism             -0.240     3.151    
    SLICE_X5Y88          FDRE (Hold_EFF2_SLICEM_C_D)
                                                      0.102     3.253    design_1_i/axi_dma_0/U0/I_PRMRY_DATAMOVER/GEN_S2MM_FULL.I_S2MM_FULL_WRAPPER/I_CMD_STATUS/GEN_INCLUDE_STATUS_FIFO.I_STS_FIFO/USE_SINGLE_REG.sig_regfifo_dout_reg_reg[11]
  -------------------------------------------------------------------
                         required time                         -3.253    
                         arrival time                           3.273    
  -------------------------------------------------------------------
                         slack                                  0.020    





Pulse Width Checks
--------------------------------------------------------------------------------------
Clock Name:         clk_pl_0
Waveform(ns):       { 0.000 17.000 }
Period(ns):         34.000
Sources:            { design_1_i/zynq_ultra_ps_e_0/inst/PS8_i/PLCLK[0] }

Check Type        Corner  Lib Pin             Reference Pin  Required(ns)  Actual(ns)  Slack(ns)  Location      Pin
Min Period        n/a     PS8/MAXIGP0ACLK     n/a            3.000         34.000      31.000     PS8_X0Y0      design_1_i/zynq_ultra_ps_e_0/inst/PS8_i/MAXIGP0ACLK
Min Period        n/a     PS8/SAXIGP2RCLK     n/a            3.000         34.000      31.000     PS8_X0Y0      design_1_i/zynq_ultra_ps_e_0/inst/PS8_i/SAXIGP2RCLK
Min Period        n/a     PS8/SAXIGP2WCLK     n/a            3.000         34.000      31.000     PS8_X0Y0      design_1_i/zynq_ultra_ps_e_0/inst/PS8_i/SAXIGP2WCLK
Min Period        n/a     PS8/SAXIGP4RCLK     n/a            3.000         34.000      31.000     PS8_X0Y0      design_1_i/zynq_ultra_ps_e_0/inst/PS8_i/SAXIGP4RCLK
Min Period        n/a     PS8/SAXIGP4WCLK     n/a            3.000         34.000      31.000     PS8_X0Y0      design_1_i/zynq_ultra_ps_e_0/inst/PS8_i/SAXIGP4WCLK
Min Period        n/a     RAMB36E2/CLKARDCLK  n/a            1.960         34.000      32.040     RAMB36_X0Y33  design_1_i/ldpc_encoder_0/inst/ldpc_encoder_core/codeword_generator/ram_reg[0][0]_0/CLKARDCLK
Min Period        n/a     RAMB36E2/CLKBWRCLK  n/a            1.960         34.000      32.040     RAMB36_X0Y33  design_1_i/ldpc_encoder_0/inst/ldpc_encoder_core/codeword_generator/ram_reg[0][0]_0/CLKBWRCLK
Min Period        n/a     RAMB18E2/CLKARDCLK  n/a            1.960         34.000      32.040     RAMB18_X0Y74  design_1_i/ldpc_encoder_0/inst/ldpc_encoder_core/codeword_generator/ram_reg[0][0]_1/CLKARDCLK
Min Period        n/a     RAMB18E2/CLKBWRCLK  n/a            1.960         34.000      32.040     RAMB18_X0Y74  design_1_i/ldpc_encoder_0/inst/ldpc_encoder_core/codeword_generator/ram_reg[0][0]_1/CLKBWRCLK
Min Period        n/a     RAMB36E2/CLKARDCLK  n/a            1.960         34.000      32.040     RAMB36_X0Y34  design_1_i/ldpc_encoder_0/inst/ldpc_encoder_core/codeword_generator/ram_reg[1][0]_0/CLKARDCLK
Low Pulse Width   Slow    PS8/MAXIGP0ACLK     n/a            1.500         17.000      15.500     PS8_X0Y0      design_1_i/zynq_ultra_ps_e_0/inst/PS8_i/MAXIGP0ACLK
Low Pulse Width   Fast    PS8/MAXIGP0ACLK     n/a            1.500         17.000      15.500     PS8_X0Y0      design_1_i/zynq_ultra_ps_e_0/inst/PS8_i/MAXIGP0ACLK
Low Pulse Width   Slow    PS8/SAXIGP2RCLK     n/a            1.500         17.000      15.500     PS8_X0Y0      design_1_i/zynq_ultra_ps_e_0/inst/PS8_i/SAXIGP2RCLK
Low Pulse Width   Fast    PS8/SAXIGP2RCLK     n/a            1.500         17.000      15.500     PS8_X0Y0      design_1_i/zynq_ultra_ps_e_0/inst/PS8_i/SAXIGP2RCLK
Low Pulse Width   Slow    PS8/SAXIGP2WCLK     n/a            1.500         17.000      15.500     PS8_X0Y0      design_1_i/zynq_ultra_ps_e_0/inst/PS8_i/SAXIGP2WCLK
Low Pulse Width   Fast    PS8/SAXIGP2WCLK     n/a            1.500         17.000      15.500     PS8_X0Y0      design_1_i/zynq_ultra_ps_e_0/inst/PS8_i/SAXIGP2WCLK
Low Pulse Width   Slow    PS8/SAXIGP4RCLK     n/a            1.500         17.000      15.500     PS8_X0Y0      design_1_i/zynq_ultra_ps_e_0/inst/PS8_i/SAXIGP4RCLK
Low Pulse Width   Fast    PS8/SAXIGP4RCLK     n/a            1.500         17.000      15.500     PS8_X0Y0      design_1_i/zynq_ultra_ps_e_0/inst/PS8_i/SAXIGP4RCLK
Low Pulse Width   Slow    PS8/SAXIGP4WCLK     n/a            1.500         17.000      15.500     PS8_X0Y0      design_1_i/zynq_ultra_ps_e_0/inst/PS8_i/SAXIGP4WCLK
Low Pulse Width   Fast    PS8/SAXIGP4WCLK     n/a            1.500         17.000      15.500     PS8_X0Y0      design_1_i/zynq_ultra_ps_e_0/inst/PS8_i/SAXIGP4WCLK
High Pulse Width  Slow    PS8/MAXIGP0ACLK     n/a            1.500         17.000      15.500     PS8_X0Y0      design_1_i/zynq_ultra_ps_e_0/inst/PS8_i/MAXIGP0ACLK
High Pulse Width  Fast    PS8/MAXIGP0ACLK     n/a            1.500         17.000      15.500     PS8_X0Y0      design_1_i/zynq_ultra_ps_e_0/inst/PS8_i/MAXIGP0ACLK
High Pulse Width  Slow    PS8/SAXIGP2RCLK     n/a            1.500         17.000      15.500     PS8_X0Y0      design_1_i/zynq_ultra_ps_e_0/inst/PS8_i/SAXIGP2RCLK
High Pulse Width  Fast    PS8/SAXIGP2RCLK     n/a            1.500         17.000      15.500     PS8_X0Y0      design_1_i/zynq_ultra_ps_e_0/inst/PS8_i/SAXIGP2RCLK
High Pulse Width  Slow    PS8/SAXIGP2WCLK     n/a            1.500         17.000      15.500     PS8_X0Y0      design_1_i/zynq_ultra_ps_e_0/inst/PS8_i/SAXIGP2WCLK
High Pulse Width  Fast    PS8/SAXIGP2WCLK     n/a            1.500         17.000      15.500     PS8_X0Y0      design_1_i/zynq_ultra_ps_e_0/inst/PS8_i/SAXIGP2WCLK
High Pulse Width  Slow    PS8/SAXIGP4RCLK     n/a            1.500         17.000      15.500     PS8_X0Y0      design_1_i/zynq_ultra_ps_e_0/inst/PS8_i/SAXIGP4RCLK
High Pulse Width  Fast    PS8/SAXIGP4RCLK     n/a            1.500         17.000      15.500     PS8_X0Y0      design_1_i/zynq_ultra_ps_e_0/inst/PS8_i/SAXIGP4RCLK
High Pulse Width  Slow    PS8/SAXIGP4WCLK     n/a            1.500         17.000      15.500     PS8_X0Y0      design_1_i/zynq_ultra_ps_e_0/inst/PS8_i/SAXIGP4WCLK
High Pulse Width  Fast    PS8/SAXIGP4WCLK     n/a            1.500         17.000      15.500     PS8_X0Y0      design_1_i/zynq_ultra_ps_e_0/inst/PS8_i/SAXIGP4WCLK



---------------------------------------------------------------------------------------------------
Path Group:  **async_default**
From Clock:  clk_pl_0
  To Clock:  clk_pl_0

Setup :            0  Failing Endpoints,  Worst Slack       23.552ns,  Total Violation        0.000ns
Hold  :            0  Failing Endpoints,  Worst Slack        0.180ns,  Total Violation        0.000ns
---------------------------------------------------------------------------------------------------


Max Delay Paths
--------------------------------------------------------------------------------------
Slack (MET) :             23.552ns  (required time - arrival time)
  Source:                 design_1_i/rst_ps8_0_99M/U0/ACTIVE_LOW_PR_OUT_DFF[0].FDRE_PER_N/C
                            (rising edge-triggered cell FDRE clocked by clk_pl_0  {rise@0.000ns fall@17.000ns period=34.000ns})
  Destination:            design_1_i/ldpc_encoder_0/inst/s_axil_bvalid_reg/CLR
                            (recovery check against rising-edge clock clk_pl_0  {rise@0.000ns fall@17.000ns period=34.000ns})
  Path Group:             **async_default**
  Path Type:              Recovery (Max at Slow Process Corner)
  Requirement:            34.000ns  (clk_pl_0 rise@34.000ns - clk_pl_0 rise@0.000ns)
  Data Path Delay:        9.867ns  (logic 0.112ns (1.135%)  route 9.755ns (98.865%))
  Logic Levels:           0  
  Clock Path Skew:        -0.225ns (DCD - SCD + CPR)
    Destination Clock Delay (DCD):    3.061ns = ( 37.061 - 34.000 ) 
    Source Clock Delay      (SCD):    3.471ns
    Clock Pessimism Removal (CPR):    0.185ns
  Clock Uncertainty:      0.262ns  ((TSJ^2 + DJ^2)^1/2) / 2 + PE
    Total System Jitter     (TSJ):    0.071ns
    Discrete Jitter          (DJ):    0.520ns
    Phase Error              (PE):    0.000ns
  Clock Net Delay (Source):      3.204ns (routing 1.584ns, distribution 1.620ns)
  Clock Net Delay (Destination): 2.845ns (routing 1.450ns, distribution 1.395ns)

    Location             Delay type                Incr(ns)  Path(ns)    Netlist Resource(s)
  -------------------------------------------------------------------    -------------------
                         (clock clk_pl_0 rise edge)
                                                      0.000     0.000 r  
    PS8_X0Y0             PS8                          0.000     0.000 r  design_1_i/zynq_ultra_ps_e_0/inst/PS8_i/PLCLK[0]
                         net (fo=1, routed)           0.229     0.229    design_1_i/zynq_ultra_ps_e_0/inst/pl_clk_unbuffered[0]
    BUFG_PS_X0Y80        BUFG_PS (Prop_BUFG_PS_I_O)
                                                      0.038     0.267 r  design_1_i/zynq_ultra_ps_e_0/inst/buffer_pl_clk_0.PL_CLK_0_BUFG/O
    X1Y1 (CLOCK_ROOT)    net (fo=10238, routed)       3.204     3.471    design_1_i/rst_ps8_0_99M/U0/slowest_sync_clk
    SLICE_X2Y237         FDRE                                         r  design_1_i/rst_ps8_0_99M/U0/ACTIVE_LOW_PR_OUT_DFF[0].FDRE_PER_N/C
  -------------------------------------------------------------------    -------------------
    SLICE_X2Y237         FDRE (Prop_FFF_SLICEM_C_Q)
                                                      0.112     3.583 r  design_1_i/rst_ps8_0_99M/U0/ACTIVE_LOW_PR_OUT_DFF[0].FDRE_PER_N/Q
                         net (fo=4349, routed)        9.755    13.338    design_1_i/ldpc_encoder_0/inst/ldpc_encoder_core_n_1
    SLICE_X8Y66          FDCE                                         f  design_1_i/ldpc_encoder_0/inst/s_axil_bvalid_reg/CLR  (IS_INVERTED)
  -------------------------------------------------------------------    -------------------

                         (clock clk_pl_0 rise edge)
                                                     34.000    34.000 r  
    PS8_X0Y0             PS8                          0.000    34.000 r  design_1_i/zynq_ultra_ps_e_0/inst/PS8_i/PLCLK[0]
                         net (fo=1, routed)           0.181    34.181    design_1_i/zynq_ultra_ps_e_0/inst/pl_clk_unbuffered[0]
    BUFG_PS_X0Y80        BUFG_PS (Prop_BUFG_PS_I_O)
                                                      0.035    34.216 r  design_1_i/zynq_ultra_ps_e_0/inst/buffer_pl_clk_0.PL_CLK_0_BUFG/O
    X1Y1 (CLOCK_ROOT)    net (fo=10238, routed)       2.845    37.061    design_1_i/ldpc_encoder_0/inst/clk_i
    SLICE_X8Y66          FDCE                                         r  design_1_i/ldpc_encoder_0/inst/s_axil_bvalid_reg/C
                         clock pessimism              0.185    37.246    
                         clock uncertainty           -0.262    36.983    
    SLICE_X8Y66          FDCE (Recov_EFF_SLICEM_C_CLR)
                                                     -0.093    36.890    design_1_i/ldpc_encoder_0/inst/s_axil_bvalid_reg
  -------------------------------------------------------------------
                         required time                         36.890    
                         arrival time                         -13.338    
  -------------------------------------------------------------------
                         slack                                 23.552    

Slack (MET) :             23.611ns  (required time - arrival time)
  Source:                 design_1_i/rst_ps8_0_99M/U0/ACTIVE_LOW_PR_OUT_DFF[0].FDRE_PER_N/C
                            (rising edge-triggered cell FDRE clocked by clk_pl_0  {rise@0.000ns fall@17.000ns period=34.000ns})
  Destination:            design_1_i/ldpc_encoder_0/inst/s_axil_rvalid_reg/CLR
                            (recovery check against rising-edge clock clk_pl_0  {rise@0.000ns fall@17.000ns period=34.000ns})
  Path Group:             **async_default**
  Path Type:              Recovery (Max at Slow Process Corner)
  Requirement:            34.000ns  (clk_pl_0 rise@34.000ns - clk_pl_0 rise@0.000ns)
  Data Path Delay:        9.799ns  (logic 0.112ns (1.143%)  route 9.687ns (98.857%))
  Logic Levels:           0  
  Clock Path Skew:        -0.234ns (DCD - SCD + CPR)
    Destination Clock Delay (DCD):    3.052ns = ( 37.052 - 34.000 ) 
    Source Clock Delay      (SCD):    3.471ns
    Clock Pessimism Removal (CPR):    0.185ns
  Clock Uncertainty:      0.262ns  ((TSJ^2 + DJ^2)^1/2) / 2 + PE
    Total System Jitter     (TSJ):    0.071ns
    Discrete Jitter          (DJ):    0.520ns
    Phase Error              (PE):    0.000ns
  Clock Net Delay (Source):      3.204ns (routing 1.584ns, distribution 1.620ns)
  Clock Net Delay (Destination): 2.836ns (routing 1.450ns, distribution 1.386ns)

    Location             Delay type                Incr(ns)  Path(ns)    Netlist Resource(s)
  -------------------------------------------------------------------    -------------------
                         (clock clk_pl_0 rise edge)
                                                      0.000     0.000 r  
    PS8_X0Y0             PS8                          0.000     0.000 r  design_1_i/zynq_ultra_ps_e_0/inst/PS8_i/PLCLK[0]
                         net (fo=1, routed)           0.229     0.229    design_1_i/zynq_ultra_ps_e_0/inst/pl_clk_unbuffered[0]
    BUFG_PS_X0Y80        BUFG_PS (Prop_BUFG_PS_I_O)
                                                      0.038     0.267 r  design_1_i/zynq_ultra_ps_e_0/inst/buffer_pl_clk_0.PL_CLK_0_BUFG/O
    X1Y1 (CLOCK_ROOT)    net (fo=10238, routed)       3.204     3.471    design_1_i/rst_ps8_0_99M/U0/slowest_sync_clk
    SLICE_X2Y237         FDRE                                         r  design_1_i/rst_ps8_0_99M/U0/ACTIVE_LOW_PR_OUT_DFF[0].FDRE_PER_N/C
  -------------------------------------------------------------------    -------------------
    SLICE_X2Y237         FDRE (Prop_FFF_SLICEM_C_Q)
                                                      0.112     3.583 r  design_1_i/rst_ps8_0_99M/U0/ACTIVE_LOW_PR_OUT_DFF[0].FDRE_PER_N/Q
                         net (fo=4349, routed)        9.687    13.270    design_1_i/ldpc_encoder_0/inst/ldpc_encoder_core_n_1
    SLICE_X9Y67          FDCE                                         f  design_1_i/ldpc_encoder_0/inst/s_axil_rvalid_reg/CLR  (IS_INVERTED)
  -------------------------------------------------------------------    -------------------

                         (clock clk_pl_0 rise edge)
                                                     34.000    34.000 r  
    PS8_X0Y0             PS8                          0.000    34.000 r  design_1_i/zynq_ultra_ps_e_0/inst/PS8_i/PLCLK[0]
                         net (fo=1, routed)           0.181    34.181    design_1_i/zynq_ultra_ps_e_0/inst/pl_clk_unbuffered[0]
    BUFG_PS_X0Y80        BUFG_PS (Prop_BUFG_PS_I_O)
                                                      0.035    34.216 r  design_1_i/zynq_ultra_ps_e_0/inst/buffer_pl_clk_0.PL_CLK_0_BUFG/O
    X1Y1 (CLOCK_ROOT)    net (fo=10238, routed)       2.836    37.052    design_1_i/ldpc_encoder_0/inst/clk_i
    SLICE_X9Y67          FDCE                                         r  design_1_i/ldpc_encoder_0/inst/s_axil_rvalid_reg/C
                         clock pessimism              0.185    37.237    
                         clock uncertainty           -0.262    36.974    
    SLICE_X9Y67          FDCE (Recov_DFF2_SLICEL_C_CLR)
                                                     -0.093    36.881    design_1_i/ldpc_encoder_0/inst/s_axil_rvalid_reg
  -------------------------------------------------------------------
                         required time                         36.881    
                         arrival time                         -13.270    
  -------------------------------------------------------------------
                         slack                                 23.611    

Slack (MET) :             23.675ns  (required time - arrival time)
  Source:                 design_1_i/rst_ps8_0_99M/U0/ACTIVE_LOW_PR_OUT_DFF[0].FDRE_PER_N/C
                            (rising edge-triggered cell FDRE clocked by clk_pl_0  {rise@0.000ns fall@17.000ns period=34.000ns})
  Destination:            design_1_i/ldpc_encoder_0/inst/out_bits_reg_reg[14]/CLR
                            (recovery check against rising-edge clock clk_pl_0  {rise@0.000ns fall@17.000ns period=34.000ns})
  Path Group:             **async_default**
  Path Type:              Recovery (Max at Slow Process Corner)
  Requirement:            34.000ns  (clk_pl_0 rise@34.000ns - clk_pl_0 rise@0.000ns)
  Data Path Delay:        9.720ns  (logic 0.112ns (1.152%)  route 9.608ns (98.848%))
  Logic Levels:           0  
  Clock Path Skew:        -0.250ns (DCD - SCD + CPR)
    Destination Clock Delay (DCD):    3.035ns = ( 37.035 - 34.000 ) 
    Source Clock Delay      (SCD):    3.471ns
    Clock Pessimism Removal (CPR):    0.185ns
  Clock Uncertainty:      0.262ns  ((TSJ^2 + DJ^2)^1/2) / 2 + PE
    Total System Jitter     (TSJ):    0.071ns
    Discrete Jitter          (DJ):    0.520ns
    Phase Error              (PE):    0.000ns
  Clock Net Delay (Source):      3.204ns (routing 1.584ns, distribution 1.620ns)
  Clock Net Delay (Destination): 2.819ns (routing 1.450ns, distribution 1.369ns)

    Location             Delay type                Incr(ns)  Path(ns)    Netlist Resource(s)
  -------------------------------------------------------------------    -------------------
                         (clock clk_pl_0 rise edge)
                                                      0.000     0.000 r  
    PS8_X0Y0             PS8                          0.000     0.000 r  design_1_i/zynq_ultra_ps_e_0/inst/PS8_i/PLCLK[0]
                         net (fo=1, routed)           0.229     0.229    design_1_i/zynq_ultra_ps_e_0/inst/pl_clk_unbuffered[0]
    BUFG_PS_X0Y80        BUFG_PS (Prop_BUFG_PS_I_O)
                                                      0.038     0.267 r  design_1_i/zynq_ultra_ps_e_0/inst/buffer_pl_clk_0.PL_CLK_0_BUFG/O
    X1Y1 (CLOCK_ROOT)    net (fo=10238, routed)       3.204     3.471    design_1_i/rst_ps8_0_99M/U0/slowest_sync_clk
    SLICE_X2Y237         FDRE                                         r  design_1_i/rst_ps8_0_99M/U0/ACTIVE_LOW_PR_OUT_DFF[0].FDRE_PER_N/C
  -------------------------------------------------------------------    -------------------
    SLICE_X2Y237         FDRE (Prop_FFF_SLICEM_C_Q)
                                                      0.112     3.583 r  design_1_i/rst_ps8_0_99M/U0/ACTIVE_LOW_PR_OUT_DFF[0].FDRE_PER_N/Q
                         net (fo=4349, routed)        9.608    13.190    design_1_i/ldpc_encoder_0/inst/ldpc_encoder_core_n_1
    SLICE_X10Y83         FDCE                                         f  design_1_i/ldpc_encoder_0/inst/out_bits_reg_reg[14]/CLR  (IS_INVERTED)
  -------------------------------------------------------------------    -------------------

                         (clock clk_pl_0 rise edge)
                                                     34.000    34.000 r  
    PS8_X0Y0             PS8                          0.000    34.000 r  design_1_i/zynq_ultra_ps_e_0/inst/PS8_i/PLCLK[0]
                         net (fo=1, routed)           0.181    34.181    design_1_i/zynq_ultra_ps_e_0/inst/pl_clk_unbuffered[0]
    BUFG_PS_X0Y80        BUFG_PS (Prop_BUFG_PS_I_O)
                                                      0.035    34.216 r  design_1_i/zynq_ultra_ps_e_0/inst/buffer_pl_clk_0.PL_CLK_0_BUFG/O
    X1Y1 (CLOCK_ROOT)    net (fo=10238, routed)       2.819    37.035    design_1_i/ldpc_encoder_0/inst/clk_i
    SLICE_X10Y83         FDCE                                         r  design_1_i/ldpc_encoder_0/inst/out_bits_reg_reg[14]/C
                         clock pessimism              0.185    37.220    
                         clock uncertainty           -0.262    36.958    
    SLICE_X10Y83         FDCE (Recov_DFF2_SLICEM_C_CLR)
                                                     -0.093    36.865    design_1_i/ldpc_encoder_0/inst/out_bits_reg_reg[14]
  -------------------------------------------------------------------
                         required time                         36.865    
                         arrival time                         -13.190    
  -------------------------------------------------------------------
                         slack                                 23.675    

Slack (MET) :             23.675ns  (required time - arrival time)
  Source:                 design_1_i/rst_ps8_0_99M/U0/ACTIVE_LOW_PR_OUT_DFF[0].FDRE_PER_N/C
                            (rising edge-triggered cell FDRE clocked by clk_pl_0  {rise@0.000ns fall@17.000ns period=34.000ns})
  Destination:            design_1_i/ldpc_encoder_0/inst/s_axil_rdata_reg[14]/CLR
                            (recovery check against rising-edge clock clk_pl_0  {rise@0.000ns fall@17.000ns period=34.000ns})
  Path Group:             **async_default**
  Path Type:              Recovery (Max at Slow Process Corner)
  Requirement:            34.000ns  (clk_pl_0 rise@34.000ns - clk_pl_0 rise@0.000ns)
  Data Path Delay:        9.720ns  (logic 0.112ns (1.152%)  route 9.608ns (98.848%))
  Logic Levels:           0  
  Clock Path Skew:        -0.250ns (DCD - SCD + CPR)
    Destination Clock Delay (DCD):    3.035ns = ( 37.035 - 34.000 ) 
    Source Clock Delay      (SCD):    3.471ns
    Clock Pessimism Removal (CPR):    0.185ns
  Clock Uncertainty:      0.262ns  ((TSJ^2 + DJ^2)^1/2) / 2 + PE
    Total System Jitter     (TSJ):    0.071ns
    Discrete Jitter          (DJ):    0.520ns
    Phase Error              (PE):    0.000ns
  Clock Net Delay (Source):      3.204ns (routing 1.584ns, distribution 1.620ns)
  Clock Net Delay (Destination): 2.819ns (routing 1.450ns, distribution 1.369ns)

    Location             Delay type                Incr(ns)  Path(ns)    Netlist Resource(s)
  -------------------------------------------------------------------    -------------------
                         (clock clk_pl_0 rise edge)
                                                      0.000     0.000 r  
    PS8_X0Y0             PS8                          0.000     0.000 r  design_1_i/zynq_ultra_ps_e_0/inst/PS8_i/PLCLK[0]
                         net (fo=1, routed)           0.229     0.229    design_1_i/zynq_ultra_ps_e_0/inst/pl_clk_unbuffered[0]
    BUFG_PS_X0Y80        BUFG_PS (Prop_BUFG_PS_I_O)
                                                      0.038     0.267 r  design_1_i/zynq_ultra_ps_e_0/inst/buffer_pl_clk_0.PL_CLK_0_BUFG/O
    X1Y1 (CLOCK_ROOT)    net (fo=10238, routed)       3.204     3.471    design_1_i/rst_ps8_0_99M/U0/slowest_sync_clk
    SLICE_X2Y237         FDRE                                         r  design_1_i/rst_ps8_0_99M/U0/ACTIVE_LOW_PR_OUT_DFF[0].FDRE_PER_N/C
  -------------------------------------------------------------------    -------------------
    SLICE_X2Y237         FDRE (Prop_FFF_SLICEM_C_Q)
                                                      0.112     3.583 r  design_1_i/rst_ps8_0_99M/U0/ACTIVE_LOW_PR_OUT_DFF[0].FDRE_PER_N/Q
                         net (fo=4349, routed)        9.608    13.190    design_1_i/ldpc_encoder_0/inst/ldpc_encoder_core_n_1
    SLICE_X10Y83         FDCE                                         f  design_1_i/ldpc_encoder_0/inst/s_axil_rdata_reg[14]/CLR  (IS_INVERTED)
  -------------------------------------------------------------------    -------------------

                         (clock clk_pl_0 rise edge)
                                                     34.000    34.000 r  
    PS8_X0Y0             PS8                          0.000    34.000 r  design_1_i/zynq_ultra_ps_e_0/inst/PS8_i/PLCLK[0]
                         net (fo=1, routed)           0.181    34.181    design_1_i/zynq_ultra_ps_e_0/inst/pl_clk_unbuffered[0]
    BUFG_PS_X0Y80        BUFG_PS (Prop_BUFG_PS_I_O)
                                                      0.035    34.216 r  design_1_i/zynq_ultra_ps_e_0/inst/buffer_pl_clk_0.PL_CLK_0_BUFG/O
    X1Y1 (CLOCK_ROOT)    net (fo=10238, routed)       2.819    37.035    design_1_i/ldpc_encoder_0/inst/clk_i
    SLICE_X10Y83         FDCE                                         r  design_1_i/ldpc_encoder_0/inst/s_axil_rdata_reg[14]/C
                         clock pessimism              0.185    37.220    
                         clock uncertainty           -0.262    36.958    
    SLICE_X10Y83         FDCE (Recov_DFF_SLICEM_C_CLR)
                                                     -0.093    36.865    design_1_i/ldpc_encoder_0/inst/s_axil_rdata_reg[14]
  -------------------------------------------------------------------
                         required time                         36.865    
                         arrival time                         -13.190    
  -------------------------------------------------------------------
                         slack                                 23.675    

Slack (MET) :             23.678ns  (required time - arrival time)
  Source:                 design_1_i/rst_ps8_0_99M/U0/ACTIVE_LOW_PR_OUT_DFF[0].FDRE_PER_N/C
                            (rising edge-triggered cell FDRE clocked by clk_pl_0  {rise@0.000ns fall@17.000ns period=34.000ns})
  Destination:            design_1_i/ldpc_encoder_0/inst/cfg_reg_reg[14]/CLR
                            (recovery check against rising-edge clock clk_pl_0  {rise@0.000ns fall@17.000ns period=34.000ns})
  Path Group:             **async_default**
  Path Type:              Recovery (Max at Slow Process Corner)
  Requirement:            34.000ns  (clk_pl_0 rise@34.000ns - clk_pl_0 rise@0.000ns)
  Data Path Delay:        9.717ns  (logic 0.112ns (1.153%)  route 9.605ns (98.847%))
  Logic Levels:           0  
  Clock Path Skew:        -0.250ns (DCD - SCD + CPR)
    Destination Clock Delay (DCD):    3.035ns = ( 37.035 - 34.000 ) 
    Source Clock Delay      (SCD):    3.471ns
    Clock Pessimism Removal (CPR):    0.185ns
  Clock Uncertainty:      0.262ns  ((TSJ^2 + DJ^2)^1/2) / 2 + PE
    Total System Jitter     (TSJ):    0.071ns
    Discrete Jitter          (DJ):    0.520ns
    Phase Error              (PE):    0.000ns
  Clock Net Delay (Source):      3.204ns (routing 1.584ns, distribution 1.620ns)
  Clock Net Delay (Destination): 2.819ns (routing 1.450ns, distribution 1.369ns)

    Location             Delay type                Incr(ns)  Path(ns)    Netlist Resource(s)
  -------------------------------------------------------------------    -------------------
                         (clock clk_pl_0 rise edge)
                                                      0.000     0.000 r  
    PS8_X0Y0             PS8                          0.000     0.000 r  design_1_i/zynq_ultra_ps_e_0/inst/PS8_i/PLCLK[0]
                         net (fo=1, routed)           0.229     0.229    design_1_i/zynq_ultra_ps_e_0/inst/pl_clk_unbuffered[0]
    BUFG_PS_X0Y80        BUFG_PS (Prop_BUFG_PS_I_O)
                                                      0.038     0.267 r  design_1_i/zynq_ultra_ps_e_0/inst/buffer_pl_clk_0.PL_CLK_0_BUFG/O
    X1Y1 (CLOCK_ROOT)    net (fo=10238, routed)       3.204     3.471    design_1_i/rst_ps8_0_99M/U0/slowest_sync_clk
    SLICE_X2Y237         FDRE                                         r  design_1_i/rst_ps8_0_99M/U0/ACTIVE_LOW_PR_OUT_DFF[0].FDRE_PER_N/C
  -------------------------------------------------------------------    -------------------
    SLICE_X2Y237         FDRE (Prop_FFF_SLICEM_C_Q)
                                                      0.112     3.583 r  design_1_i/rst_ps8_0_99M/U0/ACTIVE_LOW_PR_OUT_DFF[0].FDRE_PER_N/Q
                         net (fo=4349, routed)        9.605    13.187    design_1_i/ldpc_encoder_0/inst/ldpc_encoder_core_n_1
    SLICE_X10Y83         FDCE                                         f  design_1_i/ldpc_encoder_0/inst/cfg_reg_reg[14]/CLR  (IS_INVERTED)
  -------------------------------------------------------------------    -------------------

                         (clock clk_pl_0 rise edge)
                                                     34.000    34.000 r  
    PS8_X0Y0             PS8                          0.000    34.000 r  design_1_i/zynq_ultra_ps_e_0/inst/PS8_i/PLCLK[0]
                         net (fo=1, routed)           0.181    34.181    design_1_i/zynq_ultra_ps_e_0/inst/pl_clk_unbuffered[0]
    BUFG_PS_X0Y80        BUFG_PS (Prop_BUFG_PS_I_O)
                                                      0.035    34.216 r  design_1_i/zynq_ultra_ps_e_0/inst/buffer_pl_clk_0.PL_CLK_0_BUFG/O
    X1Y1 (CLOCK_ROOT)    net (fo=10238, routed)       2.819    37.035    design_1_i/ldpc_encoder_0/inst/clk_i
    SLICE_X10Y83         FDCE                                         r  design_1_i/ldpc_encoder_0/inst/cfg_reg_reg[14]/C
                         clock pessimism              0.185    37.220    
                         clock uncertainty           -0.262    36.958    
    SLICE_X10Y83         FDCE (Recov_HFF2_SLICEM_C_CLR)
                                                     -0.093    36.865    design_1_i/ldpc_encoder_0/inst/cfg_reg_reg[14]
  -------------------------------------------------------------------
                         required time                         36.865    
                         arrival time                         -13.187    
  -------------------------------------------------------------------
                         slack                                 23.678    

Slack (MET) :             23.678ns  (required time - arrival time)
  Source:                 design_1_i/rst_ps8_0_99M/U0/ACTIVE_LOW_PR_OUT_DFF[0].FDRE_PER_N/C
                            (rising edge-triggered cell FDRE clocked by clk_pl_0  {rise@0.000ns fall@17.000ns period=34.000ns})
  Destination:            design_1_i/ldpc_encoder_0/inst/in_bits_reg_reg[14]/CLR
                            (recovery check against rising-edge clock clk_pl_0  {rise@0.000ns fall@17.000ns period=34.000ns})
  Path Group:             **async_default**
  Path Type:              Recovery (Max at Slow Process Corner)
  Requirement:            34.000ns  (clk_pl_0 rise@34.000ns - clk_pl_0 rise@0.000ns)
  Data Path Delay:        9.717ns  (logic 0.112ns (1.153%)  route 9.605ns (98.847%))
  Logic Levels:           0  
  Clock Path Skew:        -0.250ns (DCD - SCD + CPR)
    Destination Clock Delay (DCD):    3.035ns = ( 37.035 - 34.000 ) 
    Source Clock Delay      (SCD):    3.471ns
    Clock Pessimism Removal (CPR):    0.185ns
  Clock Uncertainty:      0.262ns  ((TSJ^2 + DJ^2)^1/2) / 2 + PE
    Total System Jitter     (TSJ):    0.071ns
    Discrete Jitter          (DJ):    0.520ns
    Phase Error              (PE):    0.000ns
  Clock Net Delay (Source):      3.204ns (routing 1.584ns, distribution 1.620ns)
  Clock Net Delay (Destination): 2.819ns (routing 1.450ns, distribution 1.369ns)

    Location             Delay type                Incr(ns)  Path(ns)    Netlist Resource(s)
  -------------------------------------------------------------------    -------------------
                         (clock clk_pl_0 rise edge)
                                                      0.000     0.000 r  
    PS8_X0Y0             PS8                          0.000     0.000 r  design_1_i/zynq_ultra_ps_e_0/inst/PS8_i/PLCLK[0]
                         net (fo=1, routed)           0.229     0.229    design_1_i/zynq_ultra_ps_e_0/inst/pl_clk_unbuffered[0]
    BUFG_PS_X0Y80        BUFG_PS (Prop_BUFG_PS_I_O)
                                                      0.038     0.267 r  design_1_i/zynq_ultra_ps_e_0/inst/buffer_pl_clk_0.PL_CLK_0_BUFG/O
    X1Y1 (CLOCK_ROOT)    net (fo=10238, routed)       3.204     3.471    design_1_i/rst_ps8_0_99M/U0/slowest_sync_clk
    SLICE_X2Y237         FDRE                                         r  design_1_i/rst_ps8_0_99M/U0/ACTIVE_LOW_PR_OUT_DFF[0].FDRE_PER_N/C
  -------------------------------------------------------------------    -------------------
    SLICE_X2Y237         FDRE (Prop_FFF_SLICEM_C_Q)
                                                      0.112     3.583 r  design_1_i/rst_ps8_0_99M/U0/ACTIVE_LOW_PR_OUT_DFF[0].FDRE_PER_N/Q
                         net (fo=4349, routed)        9.605    13.187    design_1_i/ldpc_encoder_0/inst/ldpc_encoder_core_n_1
    SLICE_X10Y83         FDCE                                         f  design_1_i/ldpc_encoder_0/inst/in_bits_reg_reg[14]/CLR  (IS_INVERTED)
  -------------------------------------------------------------------    -------------------

                         (clock clk_pl_0 rise edge)
                                                     34.000    34.000 r  
    PS8_X0Y0             PS8                          0.000    34.000 r  design_1_i/zynq_ultra_ps_e_0/inst/PS8_i/PLCLK[0]
                         net (fo=1, routed)           0.181    34.181    design_1_i/zynq_ultra_ps_e_0/inst/pl_clk_unbuffered[0]
    BUFG_PS_X0Y80        BUFG_PS (Prop_BUFG_PS_I_O)
                                                      0.035    34.216 r  design_1_i/zynq_ultra_ps_e_0/inst/buffer_pl_clk_0.PL_CLK_0_BUFG/O
    X1Y1 (CLOCK_ROOT)    net (fo=10238, routed)       2.819    37.035    design_1_i/ldpc_encoder_0/inst/clk_i
    SLICE_X10Y83         FDCE                                         r  design_1_i/ldpc_encoder_0/inst/in_bits_reg_reg[14]/C
                         clock pessimism              0.185    37.220    
                         clock uncertainty           -0.262    36.958    
    SLICE_X10Y83         FDCE (Recov_HFF_SLICEM_C_CLR)
                                                     -0.093    36.865    design_1_i/ldpc_encoder_0/inst/in_bits_reg_reg[14]
  -------------------------------------------------------------------
                         required time                         36.865    
                         arrival time                         -13.187    
  -------------------------------------------------------------------
                         slack                                 23.678    

Slack (MET) :             23.732ns  (required time - arrival time)
  Source:                 design_1_i/rst_ps8_0_99M/U0/ACTIVE_LOW_PR_OUT_DFF[0].FDRE_PER_N/C
                            (rising edge-triggered cell FDRE clocked by clk_pl_0  {rise@0.000ns fall@17.000ns period=34.000ns})
  Destination:            design_1_i/ldpc_encoder_0/inst/in_bits_reg_reg[31]/CLR
                            (recovery check against rising-edge clock clk_pl_0  {rise@0.000ns fall@17.000ns period=34.000ns})
  Path Group:             **async_default**
  Path Type:              Recovery (Max at Slow Process Corner)
  Requirement:            34.000ns  (clk_pl_0 rise@34.000ns - clk_pl_0 rise@0.000ns)
  Data Path Delay:        9.677ns  (logic 0.112ns (1.157%)  route 9.565ns (98.843%))
  Logic Levels:           0  
  Clock Path Skew:        -0.236ns (DCD - SCD + CPR)
    Destination Clock Delay (DCD):    3.050ns = ( 37.050 - 34.000 ) 
    Source Clock Delay      (SCD):    3.471ns
    Clock Pessimism Removal (CPR):    0.185ns
  Clock Uncertainty:      0.262ns  ((TSJ^2 + DJ^2)^1/2) / 2 + PE
    Total System Jitter     (TSJ):    0.071ns
    Discrete Jitter          (DJ):    0.520ns
    Phase Error              (PE):    0.000ns
  Clock Net Delay (Source):      3.204ns (routing 1.584ns, distribution 1.620ns)
  Clock Net Delay (Destination): 2.834ns (routing 1.450ns, distribution 1.384ns)

    Location             Delay type                Incr(ns)  Path(ns)    Netlist Resource(s)
  -------------------------------------------------------------------    -------------------
                         (clock clk_pl_0 rise edge)
                                                      0.000     0.000 r  
    PS8_X0Y0             PS8                          0.000     0.000 r  design_1_i/zynq_ultra_ps_e_0/inst/PS8_i/PLCLK[0]
                         net (fo=1, routed)           0.229     0.229    design_1_i/zynq_ultra_ps_e_0/inst/pl_clk_unbuffered[0]
    BUFG_PS_X0Y80        BUFG_PS (Prop_BUFG_PS_I_O)
                                                      0.038     0.267 r  design_1_i/zynq_ultra_ps_e_0/inst/buffer_pl_clk_0.PL_CLK_0_BUFG/O
    X1Y1 (CLOCK_ROOT)    net (fo=10238, routed)       3.204     3.471    design_1_i/rst_ps8_0_99M/U0/slowest_sync_clk
    SLICE_X2Y237         FDRE                                         r  design_1_i/rst_ps8_0_99M/U0/ACTIVE_LOW_PR_OUT_DFF[0].FDRE_PER_N/C
  -------------------------------------------------------------------    -------------------
    SLICE_X2Y237         FDRE (Prop_FFF_SLICEM_C_Q)
                                                      0.112     3.583 r  design_1_i/rst_ps8_0_99M/U0/ACTIVE_LOW_PR_OUT_DFF[0].FDRE_PER_N/Q
                         net (fo=4349, routed)        9.565    13.148    design_1_i/ldpc_encoder_0/inst/ldpc_encoder_core_n_1
    SLICE_X8Y82          FDCE                                         f  design_1_i/ldpc_encoder_0/inst/in_bits_reg_reg[31]/CLR  (IS_INVERTED)
  -------------------------------------------------------------------    -------------------

                         (clock clk_pl_0 rise edge)
                                                     34.000    34.000 r  
    PS8_X0Y0             PS8                          0.000    34.000 r  design_1_i/zynq_ultra_ps_e_0/inst/PS8_i/PLCLK[0]
                         net (fo=1, routed)           0.181    34.181    design_1_i/zynq_ultra_ps_e_0/inst/pl_clk_unbuffered[0]
    BUFG_PS_X0Y80        BUFG_PS (Prop_BUFG_PS_I_O)
                                                      0.035    34.216 r  design_1_i/zynq_ultra_ps_e_0/inst/buffer_pl_clk_0.PL_CLK_0_BUFG/O
    X1Y1 (CLOCK_ROOT)    net (fo=10238, routed)       2.834    37.050    design_1_i/ldpc_encoder_0/inst/clk_i
    SLICE_X8Y82          FDCE                                         r  design_1_i/ldpc_encoder_0/inst/in_bits_reg_reg[31]/C
                         clock pessimism              0.185    37.235    
                         clock uncertainty           -0.262    36.972    
    SLICE_X8Y82          FDCE (Recov_DFF2_SLICEM_C_CLR)
                                                     -0.093    36.879    design_1_i/ldpc_encoder_0/inst/in_bits_reg_reg[31]
  -------------------------------------------------------------------
                         required time                         36.879    
                         arrival time                         -13.148    
  -------------------------------------------------------------------
                         slack                                 23.732    

Slack (MET) :             23.732ns  (required time - arrival time)
  Source:                 design_1_i/rst_ps8_0_99M/U0/ACTIVE_LOW_PR_OUT_DFF[0].FDRE_PER_N/C
                            (rising edge-triggered cell FDRE clocked by clk_pl_0  {rise@0.000ns fall@17.000ns period=34.000ns})
  Destination:            design_1_i/ldpc_encoder_0/inst/s_axil_rdata_reg[31]/CLR
                            (recovery check against rising-edge clock clk_pl_0  {rise@0.000ns fall@17.000ns period=34.000ns})
  Path Group:             **async_default**
  Path Type:              Recovery (Max at Slow Process Corner)
  Requirement:            34.000ns  (clk_pl_0 rise@34.000ns - clk_pl_0 rise@0.000ns)
  Data Path Delay:        9.677ns  (logic 0.112ns (1.157%)  route 9.565ns (98.843%))
  Logic Levels:           0  
  Clock Path Skew:        -0.236ns (DCD - SCD + CPR)
    Destination Clock Delay (DCD):    3.050ns = ( 37.050 - 34.000 ) 
    Source Clock Delay      (SCD):    3.471ns
    Clock Pessimism Removal (CPR):    0.185ns
  Clock Uncertainty:      0.262ns  ((TSJ^2 + DJ^2)^1/2) / 2 + PE
    Total System Jitter     (TSJ):    0.071ns
    Discrete Jitter          (DJ):    0.520ns
    Phase Error              (PE):    0.000ns
  Clock Net Delay (Source):      3.204ns (routing 1.584ns, distribution 1.620ns)
  Clock Net Delay (Destination): 2.834ns (routing 1.450ns, distribution 1.384ns)

    Location             Delay type                Incr(ns)  Path(ns)    Netlist Resource(s)
  -------------------------------------------------------------------    -------------------
                         (clock clk_pl_0 rise edge)
                                                      0.000     0.000 r  
    PS8_X0Y0             PS8                          0.000     0.000 r  design_1_i/zynq_ultra_ps_e_0/inst/PS8_i/PLCLK[0]
                         net (fo=1, routed)           0.229     0.229    design_1_i/zynq_ultra_ps_e_0/inst/pl_clk_unbuffered[0]
    BUFG_PS_X0Y80        BUFG_PS (Prop_BUFG_PS_I_O)
                                                      0.038     0.267 r  design_1_i/zynq_ultra_ps_e_0/inst/buffer_pl_clk_0.PL_CLK_0_BUFG/O
    X1Y1 (CLOCK_ROOT)    net (fo=10238, routed)       3.204     3.471    design_1_i/rst_ps8_0_99M/U0/slowest_sync_clk
    SLICE_X2Y237         FDRE                                         r  design_1_i/rst_ps8_0_99M/U0/ACTIVE_LOW_PR_OUT_DFF[0].FDRE_PER_N/C
  -------------------------------------------------------------------    -------------------
    SLICE_X2Y237         FDRE (Prop_FFF_SLICEM_C_Q)
                                                      0.112     3.583 r  design_1_i/rst_ps8_0_99M/U0/ACTIVE_LOW_PR_OUT_DFF[0].FDRE_PER_N/Q
                         net (fo=4349, routed)        9.565    13.148    design_1_i/ldpc_encoder_0/inst/ldpc_encoder_core_n_1
    SLICE_X8Y82          FDCE                                         f  design_1_i/ldpc_encoder_0/inst/s_axil_rdata_reg[31]/CLR  (IS_INVERTED)
  -------------------------------------------------------------------    -------------------

                         (clock clk_pl_0 rise edge)
                                                     34.000    34.000 r  
    PS8_X0Y0             PS8                          0.000    34.000 r  design_1_i/zynq_ultra_ps_e_0/inst/PS8_i/PLCLK[0]
                         net (fo=1, routed)           0.181    34.181    design_1_i/zynq_ultra_ps_e_0/inst/pl_clk_unbuffered[0]
    BUFG_PS_X0Y80        BUFG_PS (Prop_BUFG_PS_I_O)
                                                      0.035    34.216 r  design_1_i/zynq_ultra_ps_e_0/inst/buffer_pl_clk_0.PL_CLK_0_BUFG/O
    X1Y1 (CLOCK_ROOT)    net (fo=10238, routed)       2.834    37.050    design_1_i/ldpc_encoder_0/inst/clk_i
    SLICE_X8Y82          FDCE                                         r  design_1_i/ldpc_encoder_0/inst/s_axil_rdata_reg[31]/C
                         clock pessimism              0.185    37.235    
                         clock uncertainty           -0.262    36.972    
    SLICE_X8Y82          FDCE (Recov_DFF_SLICEM_C_CLR)
                                                     -0.093    36.879    design_1_i/ldpc_encoder_0/inst/s_axil_rdata_reg[31]
  -------------------------------------------------------------------
                         required time                         36.879    
                         arrival time                         -13.148    
  -------------------------------------------------------------------
                         slack                                 23.732    

Slack (MET) :             23.735ns  (required time - arrival time)
  Source:                 design_1_i/rst_ps8_0_99M/U0/ACTIVE_LOW_PR_OUT_DFF[0].FDRE_PER_N/C
                            (rising edge-triggered cell FDRE clocked by clk_pl_0  {rise@0.000ns fall@17.000ns period=34.000ns})
  Destination:            design_1_i/ldpc_encoder_0/inst/cfg_reg_reg[31]/CLR
                            (recovery check against rising-edge clock clk_pl_0  {rise@0.000ns fall@17.000ns period=34.000ns})
  Path Group:             **async_default**
  Path Type:              Recovery (Max at Slow Process Corner)
  Requirement:            34.000ns  (clk_pl_0 rise@34.000ns - clk_pl_0 rise@0.000ns)
  Data Path Delay:        9.674ns  (logic 0.112ns (1.158%)  route 9.562ns (98.842%))
  Logic Levels:           0  
  Clock Path Skew:        -0.236ns (DCD - SCD + CPR)
    Destination Clock Delay (DCD):    3.050ns = ( 37.050 - 34.000 ) 
    Source Clock Delay      (SCD):    3.471ns
    Clock Pessimism Removal (CPR):    0.185ns
  Clock Uncertainty:      0.262ns  ((TSJ^2 + DJ^2)^1/2) / 2 + PE
    Total System Jitter     (TSJ):    0.071ns
    Discrete Jitter          (DJ):    0.520ns
    Phase Error              (PE):    0.000ns
  Clock Net Delay (Source):      3.204ns (routing 1.584ns, distribution 1.620ns)
  Clock Net Delay (Destination): 2.834ns (routing 1.450ns, distribution 1.384ns)

    Location             Delay type                Incr(ns)  Path(ns)    Netlist Resource(s)
  -------------------------------------------------------------------    -------------------
                         (clock clk_pl_0 rise edge)
                                                      0.000     0.000 r  
    PS8_X0Y0             PS8                          0.000     0.000 r  design_1_i/zynq_ultra_ps_e_0/inst/PS8_i/PLCLK[0]
                         net (fo=1, routed)           0.229     0.229    design_1_i/zynq_ultra_ps_e_0/inst/pl_clk_unbuffered[0]
    BUFG_PS_X0Y80        BUFG_PS (Prop_BUFG_PS_I_O)
                                                      0.038     0.267 r  design_1_i/zynq_ultra_ps_e_0/inst/buffer_pl_clk_0.PL_CLK_0_BUFG/O
    X1Y1 (CLOCK_ROOT)    net (fo=10238, routed)       3.204     3.471    design_1_i/rst_ps8_0_99M/U0/slowest_sync_clk
    SLICE_X2Y237         FDRE                                         r  design_1_i/rst_ps8_0_99M/U0/ACTIVE_LOW_PR_OUT_DFF[0].FDRE_PER_N/C
  -------------------------------------------------------------------    -------------------
    SLICE_X2Y237         FDRE (Prop_FFF_SLICEM_C_Q)
                                                      0.112     3.583 r  design_1_i/rst_ps8_0_99M/U0/ACTIVE_LOW_PR_OUT_DFF[0].FDRE_PER_N/Q
                         net (fo=4349, routed)        9.562    13.145    design_1_i/ldpc_encoder_0/inst/ldpc_encoder_core_n_1
    SLICE_X8Y82          FDCE                                         f  design_1_i/ldpc_encoder_0/inst/cfg_reg_reg[31]/CLR  (IS_INVERTED)
  -------------------------------------------------------------------    -------------------

                         (clock clk_pl_0 rise edge)
                                                     34.000    34.000 r  
    PS8_X0Y0             PS8                          0.000    34.000 r  design_1_i/zynq_ultra_ps_e_0/inst/PS8_i/PLCLK[0]
                         net (fo=1, routed)           0.181    34.181    design_1_i/zynq_ultra_ps_e_0/inst/pl_clk_unbuffered[0]
    BUFG_PS_X0Y80        BUFG_PS (Prop_BUFG_PS_I_O)
                                                      0.035    34.216 r  design_1_i/zynq_ultra_ps_e_0/inst/buffer_pl_clk_0.PL_CLK_0_BUFG/O
    X1Y1 (CLOCK_ROOT)    net (fo=10238, routed)       2.834    37.050    design_1_i/ldpc_encoder_0/inst/clk_i
    SLICE_X8Y82          FDCE                                         r  design_1_i/ldpc_encoder_0/inst/cfg_reg_reg[31]/C
                         clock pessimism              0.185    37.235    
                         clock uncertainty           -0.262    36.972    
    SLICE_X8Y82          FDCE (Recov_HFF2_SLICEM_C_CLR)
                                                     -0.093    36.879    design_1_i/ldpc_encoder_0/inst/cfg_reg_reg[31]
  -------------------------------------------------------------------
                         required time                         36.879    
                         arrival time                         -13.145    
  -------------------------------------------------------------------
                         slack                                 23.735    

Slack (MET) :             23.735ns  (required time - arrival time)
  Source:                 design_1_i/rst_ps8_0_99M/U0/ACTIVE_LOW_PR_OUT_DFF[0].FDRE_PER_N/C
                            (rising edge-triggered cell FDRE clocked by clk_pl_0  {rise@0.000ns fall@17.000ns period=34.000ns})
  Destination:            design_1_i/ldpc_encoder_0/inst/out_bits_reg_reg[31]/CLR
                            (recovery check against rising-edge clock clk_pl_0  {rise@0.000ns fall@17.000ns period=34.000ns})
  Path Group:             **async_default**
  Path Type:              Recovery (Max at Slow Process Corner)
  Requirement:            34.000ns  (clk_pl_0 rise@34.000ns - clk_pl_0 rise@0.000ns)
  Data Path Delay:        9.674ns  (logic 0.112ns (1.158%)  route 9.562ns (98.842%))
  Logic Levels:           0  
  Clock Path Skew:        -0.236ns (DCD - SCD + CPR)
    Destination Clock Delay (DCD):    3.050ns = ( 37.050 - 34.000 ) 
    Source Clock Delay      (SCD):    3.471ns
    Clock Pessimism Removal (CPR):    0.185ns
  Clock Uncertainty:      0.262ns  ((TSJ^2 + DJ^2)^1/2) / 2 + PE
    Total System Jitter     (TSJ):    0.071ns
    Discrete Jitter          (DJ):    0.520ns
    Phase Error              (PE):    0.000ns
  Clock Net Delay (Source):      3.204ns (routing 1.584ns, distribution 1.620ns)
  Clock Net Delay (Destination): 2.834ns (routing 1.450ns, distribution 1.384ns)

    Location             Delay type                Incr(ns)  Path(ns)    Netlist Resource(s)
  -------------------------------------------------------------------    -------------------
                         (clock clk_pl_0 rise edge)
                                                      0.000     0.000 r  
    PS8_X0Y0             PS8                          0.000     0.000 r  design_1_i/zynq_ultra_ps_e_0/inst/PS8_i/PLCLK[0]
                         net (fo=1, routed)           0.229     0.229    design_1_i/zynq_ultra_ps_e_0/inst/pl_clk_unbuffered[0]
    BUFG_PS_X0Y80        BUFG_PS (Prop_BUFG_PS_I_O)
                                                      0.038     0.267 r  design_1_i/zynq_ultra_ps_e_0/inst/buffer_pl_clk_0.PL_CLK_0_BUFG/O
    X1Y1 (CLOCK_ROOT)    net (fo=10238, routed)       3.204     3.471    design_1_i/rst_ps8_0_99M/U0/slowest_sync_clk
    SLICE_X2Y237         FDRE                                         r  design_1_i/rst_ps8_0_99M/U0/ACTIVE_LOW_PR_OUT_DFF[0].FDRE_PER_N/C
  -------------------------------------------------------------------    -------------------
    SLICE_X2Y237         FDRE (Prop_FFF_SLICEM_C_Q)
                                                      0.112     3.583 r  design_1_i/rst_ps8_0_99M/U0/ACTIVE_LOW_PR_OUT_DFF[0].FDRE_PER_N/Q
                         net (fo=4349, routed)        9.562    13.145    design_1_i/ldpc_encoder_0/inst/ldpc_encoder_core_n_1
    SLICE_X8Y82          FDCE                                         f  design_1_i/ldpc_encoder_0/inst/out_bits_reg_reg[31]/CLR  (IS_INVERTED)
  -------------------------------------------------------------------    -------------------

                         (clock clk_pl_0 rise edge)
                                                     34.000    34.000 r  
    PS8_X0Y0             PS8                          0.000    34.000 r  design_1_i/zynq_ultra_ps_e_0/inst/PS8_i/PLCLK[0]
                         net (fo=1, routed)           0.181    34.181    design_1_i/zynq_ultra_ps_e_0/inst/pl_clk_unbuffered[0]
    BUFG_PS_X0Y80        BUFG_PS (Prop_BUFG_PS_I_O)
                                                      0.035    34.216 r  design_1_i/zynq_ultra_ps_e_0/inst/buffer_pl_clk_0.PL_CLK_0_BUFG/O
    X1Y1 (CLOCK_ROOT)    net (fo=10238, routed)       2.834    37.050    design_1_i/ldpc_encoder_0/inst/clk_i
    SLICE_X8Y82          FDCE                                         r  design_1_i/ldpc_encoder_0/inst/out_bits_reg_reg[31]/C
                         clock pessimism              0.185    37.235    
                         clock uncertainty           -0.262    36.972    
    SLICE_X8Y82          FDCE (Recov_HFF_SLICEM_C_CLR)
                                                     -0.093    36.879    design_1_i/ldpc_encoder_0/inst/out_bits_reg_reg[31]
  -------------------------------------------------------------------
                         required time                         36.879    
                         arrival time                         -13.145    
  -------------------------------------------------------------------
                         slack                                 23.735    





Min Delay Paths
--------------------------------------------------------------------------------------
Slack (MET) :             0.180ns  (arrival time - required time)
  Source:                 design_1_i/rst_ps8_0_99M/U0/ACTIVE_LOW_PR_OUT_DFF[0].FDRE_PER_N/C
                            (rising edge-triggered cell FDRE clocked by clk_pl_0  {rise@0.000ns fall@17.000ns period=34.000ns})
  Destination:            design_1_i/ldpc_encoder_0/inst/output_buffer/sent_bits_q_reg[11]/CLR
                            (removal check against rising-edge clock clk_pl_0  {rise@0.000ns fall@17.000ns period=34.000ns})
  Path Group:             **async_default**
  Path Type:              Removal (Min at Fast Process Corner)
  Requirement:            0.000ns  (clk_pl_0 rise@0.000ns - clk_pl_0 rise@0.000ns)
  Data Path Delay:        0.199ns  (logic 0.082ns (41.220%)  route 0.117ns (58.780%))
  Logic Levels:           0  
  Clock Path Skew:        0.037ns (DCD - SCD - CPR)
    Destination Clock Delay (DCD):    2.107ns
    Source Clock Delay      (SCD):    1.927ns
    Clock Pessimism Removal (CPR):    0.144ns
  Clock Net Delay (Source):      1.776ns (routing 0.886ns, distribution 0.890ns)
  Clock Net Delay (Destination): 1.920ns (routing 0.971ns, distribution 0.949ns)

    Location             Delay type                Incr(ns)  Path(ns)    Netlist Resource(s)
  -------------------------------------------------------------------    -------------------
                         (clock clk_pl_0 rise edge)
                                                      0.000     0.000 r  
    PS8_X0Y0             PS8                          0.000     0.000 r  design_1_i/zynq_ultra_ps_e_0/inst/PS8_i/PLCLK[0]
                         net (fo=1, routed)           0.129     0.129    design_1_i/zynq_ultra_ps_e_0/inst/pl_clk_unbuffered[0]
    BUFG_PS_X0Y80        BUFG_PS (Prop_BUFG_PS_I_O)
                                                      0.022     0.151 r  design_1_i/zynq_ultra_ps_e_0/inst/buffer_pl_clk_0.PL_CLK_0_BUFG/O
    X1Y1 (CLOCK_ROOT)    net (fo=10238, routed)       1.776     1.927    design_1_i/rst_ps8_0_99M/U0/slowest_sync_clk
    SLICE_X2Y237         FDRE                                         r  design_1_i/rst_ps8_0_99M/U0/ACTIVE_LOW_PR_OUT_DFF[0].FDRE_PER_N/C
  -------------------------------------------------------------------    -------------------
    SLICE_X2Y237         FDRE (Prop_FFF_SLICEM_C_Q)
                                                      0.082     2.009 r  design_1_i/rst_ps8_0_99M/U0/ACTIVE_LOW_PR_OUT_DFF[0].FDRE_PER_N/Q
                         net (fo=4349, routed)        0.117     2.126    design_1_i/ldpc_encoder_0/inst/output_buffer/gen_spill_reg.a_data_q_reg[tdata][31]
    SLICE_X4Y237         FDCE                                         f  design_1_i/ldpc_encoder_0/inst/output_buffer/sent_bits_q_reg[11]/CLR  (IS_INVERTED)
  -------------------------------------------------------------------    -------------------

                         (clock clk_pl_0 rise edge)
                                                      0.000     0.000 r  
    PS8_X0Y0             PS8                          0.000     0.000 r  design_1_i/zynq_ultra_ps_e_0/inst/PS8_i/PLCLK[0]
                         net (fo=1, routed)           0.164     0.164    design_1_i/zynq_ultra_ps_e_0/inst/pl_clk_unbuffered[0]
    BUFG_PS_X0Y80        BUFG_PS (Prop_BUFG_PS_I_O)
                                                      0.023     0.187 r  design_1_i/zynq_ultra_ps_e_0/inst/buffer_pl_clk_0.PL_CLK_0_BUFG/O
    X1Y1 (CLOCK_ROOT)    net (fo=10238, routed)       1.920     2.107    design_1_i/ldpc_encoder_0/inst/output_buffer/clk_i
    SLICE_X4Y237         FDCE                                         r  design_1_i/ldpc_encoder_0/inst/output_buffer/sent_bits_q_reg[11]/C
                         clock pessimism             -0.144     1.963    
    SLICE_X4Y237         FDCE (Remov_EFF_SLICEM_C_CLR)
                                                     -0.018     1.945    design_1_i/ldpc_encoder_0/inst/output_buffer/sent_bits_q_reg[11]
  -------------------------------------------------------------------
                         required time                         -1.945    
                         arrival time                           2.126    
  -------------------------------------------------------------------
                         slack                                  0.180    

Slack (MET) :             0.202ns  (arrival time - required time)
  Source:                 design_1_i/rst_ps8_0_99M/U0/ACTIVE_LOW_PR_OUT_DFF[0].FDRE_PER_N/C
                            (rising edge-triggered cell FDRE clocked by clk_pl_0  {rise@0.000ns fall@17.000ns period=34.000ns})
  Destination:            design_1_i/ldpc_encoder_0/inst/output_buffer/sent_bits_q_reg[12]/CLR
                            (removal check against rising-edge clock clk_pl_0  {rise@0.000ns fall@17.000ns period=34.000ns})
  Path Group:             **async_default**
  Path Type:              Removal (Min at Fast Process Corner)
  Requirement:            0.000ns  (clk_pl_0 rise@0.000ns - clk_pl_0 rise@0.000ns)
  Data Path Delay:        0.232ns  (logic 0.082ns (35.354%)  route 0.150ns (64.646%))
  Logic Levels:           0  
  Clock Path Skew:        0.048ns (DCD - SCD - CPR)
    Destination Clock Delay (DCD):    2.118ns
    Source Clock Delay      (SCD):    1.927ns
    Clock Pessimism Removal (CPR):    0.144ns
  Clock Net Delay (Source):      1.776ns (routing 0.886ns, distribution 0.890ns)
  Clock Net Delay (Destination): 1.931ns (routing 0.971ns, distribution 0.960ns)

    Location             Delay type                Incr(ns)  Path(ns)    Netlist Resource(s)
  -------------------------------------------------------------------    -------------------
                         (clock clk_pl_0 rise edge)
                                                      0.000     0.000 r  
    PS8_X0Y0             PS8                          0.000     0.000 r  design_1_i/zynq_ultra_ps_e_0/inst/PS8_i/PLCLK[0]
                         net (fo=1, routed)           0.129     0.129    design_1_i/zynq_ultra_ps_e_0/inst/pl_clk_unbuffered[0]
    BUFG_PS_X0Y80        BUFG_PS (Prop_BUFG_PS_I_O)
                                                      0.022     0.151 r  design_1_i/zynq_ultra_ps_e_0/inst/buffer_pl_clk_0.PL_CLK_0_BUFG/O
    X1Y1 (CLOCK_ROOT)    net (fo=10238, routed)       1.776     1.927    design_1_i/rst_ps8_0_99M/U0/slowest_sync_clk
    SLICE_X2Y237         FDRE                                         r  design_1_i/rst_ps8_0_99M/U0/ACTIVE_LOW_PR_OUT_DFF[0].FDRE_PER_N/C
  -------------------------------------------------------------------    -------------------
    SLICE_X2Y237         FDRE (Prop_FFF_SLICEM_C_Q)
                                                      0.082     2.009 r  design_1_i/rst_ps8_0_99M/U0/ACTIVE_LOW_PR_OUT_DFF[0].FDRE_PER_N/Q
                         net (fo=4349, routed)        0.150     2.159    design_1_i/ldpc_encoder_0/inst/output_buffer/gen_spill_reg.a_data_q_reg[tdata][31]
    SLICE_X5Y237         FDCE                                         f  design_1_i/ldpc_encoder_0/inst/output_buffer/sent_bits_q_reg[12]/CLR  (IS_INVERTED)
  -------------------------------------------------------------------    -------------------

                         (clock clk_pl_0 rise edge)
                                                      0.000     0.000 r  
    PS8_X0Y0             PS8                          0.000     0.000 r  design_1_i/zynq_ultra_ps_e_0/inst/PS8_i/PLCLK[0]
                         net (fo=1, routed)           0.164     0.164    design_1_i/zynq_ultra_ps_e_0/inst/pl_clk_unbuffered[0]
    BUFG_PS_X0Y80        BUFG_PS (Prop_BUFG_PS_I_O)
                                                      0.023     0.187 r  design_1_i/zynq_ultra_ps_e_0/inst/buffer_pl_clk_0.PL_CLK_0_BUFG/O
    X1Y1 (CLOCK_ROOT)    net (fo=10238, routed)       1.931     2.118    design_1_i/ldpc_encoder_0/inst/output_buffer/clk_i
    SLICE_X5Y237         FDCE                                         r  design_1_i/ldpc_encoder_0/inst/output_buffer/sent_bits_q_reg[12]/C
                         clock pessimism             -0.144     1.975    
    SLICE_X5Y237         FDCE (Remov_AFF_SLICEM_C_CLR)
                                                     -0.018     1.957    design_1_i/ldpc_encoder_0/inst/output_buffer/sent_bits_q_reg[12]
  -------------------------------------------------------------------
                         required time                         -1.957    
                         arrival time                           2.159    
  -------------------------------------------------------------------
                         slack                                  0.202    

Slack (MET) :             0.202ns  (arrival time - required time)
  Source:                 design_1_i/rst_ps8_0_99M/U0/ACTIVE_LOW_PR_OUT_DFF[0].FDRE_PER_N/C
                            (rising edge-triggered cell FDRE clocked by clk_pl_0  {rise@0.000ns fall@17.000ns period=34.000ns})
  Destination:            design_1_i/ldpc_encoder_0/inst/output_buffer/sent_bits_q_reg[14]/CLR
                            (removal check against rising-edge clock clk_pl_0  {rise@0.000ns fall@17.000ns period=34.000ns})
  Path Group:             **async_default**
  Path Type:              Removal (Min at Fast Process Corner)
  Requirement:            0.000ns  (clk_pl_0 rise@0.000ns - clk_pl_0 rise@0.000ns)
  Data Path Delay:        0.232ns  (logic 0.082ns (35.354%)  route 0.150ns (64.646%))
  Logic Levels:           0  
  Clock Path Skew:        0.048ns (DCD - SCD - CPR)
    Destination Clock Delay (DCD):    2.118ns
    Source Clock Delay      (SCD):    1.927ns
    Clock Pessimism Removal (CPR):    0.144ns
  Clock Net Delay (Source):      1.776ns (routing 0.886ns, distribution 0.890ns)
  Clock Net Delay (Destination): 1.931ns (routing 0.971ns, distribution 0.960ns)

    Location             Delay type                Incr(ns)  Path(ns)    Netlist Resource(s)
  -------------------------------------------------------------------    -------------------
                         (clock clk_pl_0 rise edge)
                                                      0.000     0.000 r  
    PS8_X0Y0             PS8                          0.000     0.000 r  design_1_i/zynq_ultra_ps_e_0/inst/PS8_i/PLCLK[0]
                         net (fo=1, routed)           0.129     0.129    design_1_i/zynq_ultra_ps_e_0/inst/pl_clk_unbuffered[0]
    BUFG_PS_X0Y80        BUFG_PS (Prop_BUFG_PS_I_O)
                                                      0.022     0.151 r  design_1_i/zynq_ultra_ps_e_0/inst/buffer_pl_clk_0.PL_CLK_0_BUFG/O
    X1Y1 (CLOCK_ROOT)    net (fo=10238, routed)       1.776     1.927    design_1_i/rst_ps8_0_99M/U0/slowest_sync_clk
    SLICE_X2Y237         FDRE                                         r  design_1_i/rst_ps8_0_99M/U0/ACTIVE_LOW_PR_OUT_DFF[0].FDRE_PER_N/C
  -------------------------------------------------------------------    -------------------
    SLICE_X2Y237         FDRE (Prop_FFF_SLICEM_C_Q)
                                                      0.082     2.009 r  design_1_i/rst_ps8_0_99M/U0/ACTIVE_LOW_PR_OUT_DFF[0].FDRE_PER_N/Q
                         net (fo=4349, routed)        0.150     2.159    design_1_i/ldpc_encoder_0/inst/output_buffer/gen_spill_reg.a_data_q_reg[tdata][31]
    SLICE_X5Y237         FDCE                                         f  design_1_i/ldpc_encoder_0/inst/output_buffer/sent_bits_q_reg[14]/CLR  (IS_INVERTED)
  -------------------------------------------------------------------    -------------------

                         (clock clk_pl_0 rise edge)
                                                      0.000     0.000 r  
    PS8_X0Y0             PS8                          0.000     0.000 r  design_1_i/zynq_ultra_ps_e_0/inst/PS8_i/PLCLK[0]
                         net (fo=1, routed)           0.164     0.164    design_1_i/zynq_ultra_ps_e_0/inst/pl_clk_unbuffered[0]
    BUFG_PS_X0Y80        BUFG_PS (Prop_BUFG_PS_I_O)
                                                      0.023     0.187 r  design_1_i/zynq_ultra_ps_e_0/inst/buffer_pl_clk_0.PL_CLK_0_BUFG/O
    X1Y1 (CLOCK_ROOT)    net (fo=10238, routed)       1.931     2.118    design_1_i/ldpc_encoder_0/inst/output_buffer/clk_i
    SLICE_X5Y237         FDCE                                         r  design_1_i/ldpc_encoder_0/inst/output_buffer/sent_bits_q_reg[14]/C
                         clock pessimism             -0.144     1.975    
    SLICE_X5Y237         FDCE (Remov_CFF_SLICEM_C_CLR)
                                                     -0.018     1.957    design_1_i/ldpc_encoder_0/inst/output_buffer/sent_bits_q_reg[14]
  -------------------------------------------------------------------
                         required time                         -1.957    
                         arrival time                           2.159    
  -------------------------------------------------------------------
                         slack                                  0.202    

Slack (MET) :             0.202ns  (arrival time - required time)
  Source:                 design_1_i/rst_ps8_0_99M/U0/ACTIVE_LOW_PR_OUT_DFF[0].FDRE_PER_N/C
                            (rising edge-triggered cell FDRE clocked by clk_pl_0  {rise@0.000ns fall@17.000ns period=34.000ns})
  Destination:            design_1_i/ldpc_encoder_0/inst/output_buffer/sent_bits_q_reg[15]/CLR
                            (removal check against rising-edge clock clk_pl_0  {rise@0.000ns fall@17.000ns period=34.000ns})
  Path Group:             **async_default**
  Path Type:              Removal (Min at Fast Process Corner)
  Requirement:            0.000ns  (clk_pl_0 rise@0.000ns - clk_pl_0 rise@0.000ns)
  Data Path Delay:        0.232ns  (logic 0.082ns (35.354%)  route 0.150ns (64.646%))
  Logic Levels:           0  
  Clock Path Skew:        0.048ns (DCD - SCD - CPR)
    Destination Clock Delay (DCD):    2.118ns
    Source Clock Delay      (SCD):    1.927ns
    Clock Pessimism Removal (CPR):    0.144ns
  Clock Net Delay (Source):      1.776ns (routing 0.886ns, distribution 0.890ns)
  Clock Net Delay (Destination): 1.931ns (routing 0.971ns, distribution 0.960ns)

    Location             Delay type                Incr(ns)  Path(ns)    Netlist Resource(s)
  -------------------------------------------------------------------    -------------------
                         (clock clk_pl_0 rise edge)
                                                      0.000     0.000 r  
    PS8_X0Y0             PS8                          0.000     0.000 r  design_1_i/zynq_ultra_ps_e_0/inst/PS8_i/PLCLK[0]
                         net (fo=1, routed)           0.129     0.129    design_1_i/zynq_ultra_ps_e_0/inst/pl_clk_unbuffered[0]
    BUFG_PS_X0Y80        BUFG_PS (Prop_BUFG_PS_I_O)
                                                      0.022     0.151 r  design_1_i/zynq_ultra_ps_e_0/inst/buffer_pl_clk_0.PL_CLK_0_BUFG/O
    X1Y1 (CLOCK_ROOT)    net (fo=10238, routed)       1.776     1.927    design_1_i/rst_ps8_0_99M/U0/slowest_sync_clk
    SLICE_X2Y237         FDRE                                         r  design_1_i/rst_ps8_0_99M/U0/ACTIVE_LOW_PR_OUT_DFF[0].FDRE_PER_N/C
  -------------------------------------------------------------------    -------------------
    SLICE_X2Y237         FDRE (Prop_FFF_SLICEM_C_Q)
                                                      0.082     2.009 r  design_1_i/rst_ps8_0_99M/U0/ACTIVE_LOW_PR_OUT_DFF[0].FDRE_PER_N/Q
                         net (fo=4349, routed)        0.150     2.159    design_1_i/ldpc_encoder_0/inst/output_buffer/gen_spill_reg.a_data_q_reg[tdata][31]
    SLICE_X5Y237         FDCE                                         f  design_1_i/ldpc_encoder_0/inst/output_buffer/sent_bits_q_reg[15]/CLR  (IS_INVERTED)
  -------------------------------------------------------------------    -------------------

                         (clock clk_pl_0 rise edge)
                                                      0.000     0.000 r  
    PS8_X0Y0             PS8                          0.000     0.000 r  design_1_i/zynq_ultra_ps_e_0/inst/PS8_i/PLCLK[0]
                         net (fo=1, routed)           0.164     0.164    design_1_i/zynq_ultra_ps_e_0/inst/pl_clk_unbuffered[0]
    BUFG_PS_X0Y80        BUFG_PS (Prop_BUFG_PS_I_O)
                                                      0.023     0.187 r  design_1_i/zynq_ultra_ps_e_0/inst/buffer_pl_clk_0.PL_CLK_0_BUFG/O
    X1Y1 (CLOCK_ROOT)    net (fo=10238, routed)       1.931     2.118    design_1_i/ldpc_encoder_0/inst/output_buffer/clk_i
    SLICE_X5Y237         FDCE                                         r  design_1_i/ldpc_encoder_0/inst/output_buffer/sent_bits_q_reg[15]/C
                         clock pessimism             -0.144     1.975    
    SLICE_X5Y237         FDCE (Remov_BFF_SLICEM_C_CLR)
                                                     -0.018     1.957    design_1_i/ldpc_encoder_0/inst/output_buffer/sent_bits_q_reg[15]
  -------------------------------------------------------------------
                         required time                         -1.957    
                         arrival time                           2.159    
  -------------------------------------------------------------------
                         slack                                  0.202    

Slack (MET) :             0.203ns  (arrival time - required time)
  Source:                 design_1_i/rst_ps8_0_99M/U0/ACTIVE_LOW_PR_OUT_DFF[0].FDRE_PER_N/C
                            (rising edge-triggered cell FDRE clocked by clk_pl_0  {rise@0.000ns fall@17.000ns period=34.000ns})
  Destination:            design_1_i/ldpc_encoder_0/inst/output_buffer/sent_bits_q_reg[10]/CLR
                            (removal check against rising-edge clock clk_pl_0  {rise@0.000ns fall@17.000ns period=34.000ns})
  Path Group:             **async_default**
  Path Type:              Removal (Min at Fast Process Corner)
  Requirement:            0.000ns  (clk_pl_0 rise@0.000ns - clk_pl_0 rise@0.000ns)
  Data Path Delay:        0.231ns  (logic 0.082ns (35.507%)  route 0.149ns (64.493%))
  Logic Levels:           0  
  Clock Path Skew:        0.046ns (DCD - SCD - CPR)
    Destination Clock Delay (DCD):    2.116ns
    Source Clock Delay      (SCD):    1.927ns
    Clock Pessimism Removal (CPR):    0.144ns
  Clock Net Delay (Source):      1.776ns (routing 0.886ns, distribution 0.890ns)
  Clock Net Delay (Destination): 1.929ns (routing 0.971ns, distribution 0.958ns)

    Location             Delay type                Incr(ns)  Path(ns)    Netlist Resource(s)
  -------------------------------------------------------------------    -------------------
                         (clock clk_pl_0 rise edge)
                                                      0.000     0.000 r  
    PS8_X0Y0             PS8                          0.000     0.000 r  design_1_i/zynq_ultra_ps_e_0/inst/PS8_i/PLCLK[0]
                         net (fo=1, routed)           0.129     0.129    design_1_i/zynq_ultra_ps_e_0/inst/pl_clk_unbuffered[0]
    BUFG_PS_X0Y80        BUFG_PS (Prop_BUFG_PS_I_O)
                                                      0.022     0.151 r  design_1_i/zynq_ultra_ps_e_0/inst/buffer_pl_clk_0.PL_CLK_0_BUFG/O
    X1Y1 (CLOCK_ROOT)    net (fo=10238, routed)       1.776     1.927    design_1_i/rst_ps8_0_99M/U0/slowest_sync_clk
    SLICE_X2Y237         FDRE                                         r  design_1_i/rst_ps8_0_99M/U0/ACTIVE_LOW_PR_OUT_DFF[0].FDRE_PER_N/C
  -------------------------------------------------------------------    -------------------
    SLICE_X2Y237         FDRE (Prop_FFF_SLICEM_C_Q)
                                                      0.082     2.009 r  design_1_i/rst_ps8_0_99M/U0/ACTIVE_LOW_PR_OUT_DFF[0].FDRE_PER_N/Q
                         net (fo=4349, routed)        0.149     2.158    design_1_i/ldpc_encoder_0/inst/output_buffer/gen_spill_reg.a_data_q_reg[tdata][31]
    SLICE_X5Y237         FDCE                                         f  design_1_i/ldpc_encoder_0/inst/output_buffer/sent_bits_q_reg[10]/CLR  (IS_INVERTED)
  -------------------------------------------------------------------    -------------------

                         (clock clk_pl_0 rise edge)
                                                      0.000     0.000 r  
    PS8_X0Y0             PS8                          0.000     0.000 r  design_1_i/zynq_ultra_ps_e_0/inst/PS8_i/PLCLK[0]
                         net (fo=1, routed)           0.164     0.164    design_1_i/zynq_ultra_ps_e_0/inst/pl_clk_unbuffered[0]
    BUFG_PS_X0Y80        BUFG_PS (Prop_BUFG_PS_I_O)
                                                      0.023     0.187 r  design_1_i/zynq_ultra_ps_e_0/inst/buffer_pl_clk_0.PL_CLK_0_BUFG/O
    X1Y1 (CLOCK_ROOT)    net (fo=10238, routed)       1.929     2.116    design_1_i/ldpc_encoder_0/inst/output_buffer/clk_i
    SLICE_X5Y237         FDCE                                         r  design_1_i/ldpc_encoder_0/inst/output_buffer/sent_bits_q_reg[10]/C
                         clock pessimism             -0.144     1.973    
    SLICE_X5Y237         FDCE (Remov_HFF2_SLICEM_C_CLR)
                                                     -0.018     1.955    design_1_i/ldpc_encoder_0/inst/output_buffer/sent_bits_q_reg[10]
  -------------------------------------------------------------------
                         required time                         -1.955    
                         arrival time                           2.158    
  -------------------------------------------------------------------
                         slack                                  0.203    

Slack (MET) :             0.203ns  (arrival time - required time)
  Source:                 design_1_i/rst_ps8_0_99M/U0/ACTIVE_LOW_PR_OUT_DFF[0].FDRE_PER_N/C
                            (rising edge-triggered cell FDRE clocked by clk_pl_0  {rise@0.000ns fall@17.000ns period=34.000ns})
  Destination:            design_1_i/ldpc_encoder_0/inst/output_buffer/sent_bits_q_reg[13]/CLR
                            (removal check against rising-edge clock clk_pl_0  {rise@0.000ns fall@17.000ns period=34.000ns})
  Path Group:             **async_default**
  Path Type:              Removal (Min at Fast Process Corner)
  Requirement:            0.000ns  (clk_pl_0 rise@0.000ns - clk_pl_0 rise@0.000ns)
  Data Path Delay:        0.231ns  (logic 0.082ns (35.507%)  route 0.149ns (64.493%))
  Logic Levels:           0  
  Clock Path Skew:        0.046ns (DCD - SCD - CPR)
    Destination Clock Delay (DCD):    2.116ns
    Source Clock Delay      (SCD):    1.927ns
    Clock Pessimism Removal (CPR):    0.144ns
  Clock Net Delay (Source):      1.776ns (routing 0.886ns, distribution 0.890ns)
  Clock Net Delay (Destination): 1.929ns (routing 0.971ns, distribution 0.958ns)

    Location             Delay type                Incr(ns)  Path(ns)    Netlist Resource(s)
  -------------------------------------------------------------------    -------------------
                         (clock clk_pl_0 rise edge)
                                                      0.000     0.000 r  
    PS8_X0Y0             PS8                          0.000     0.000 r  design_1_i/zynq_ultra_ps_e_0/inst/PS8_i/PLCLK[0]
                         net (fo=1, routed)           0.129     0.129    design_1_i/zynq_ultra_ps_e_0/inst/pl_clk_unbuffered[0]
    BUFG_PS_X0Y80        BUFG_PS (Prop_BUFG_PS_I_O)
                                                      0.022     0.151 r  design_1_i/zynq_ultra_ps_e_0/inst/buffer_pl_clk_0.PL_CLK_0_BUFG/O
    X1Y1 (CLOCK_ROOT)    net (fo=10238, routed)       1.776     1.927    design_1_i/rst_ps8_0_99M/U0/slowest_sync_clk
    SLICE_X2Y237         FDRE                                         r  design_1_i/rst_ps8_0_99M/U0/ACTIVE_LOW_PR_OUT_DFF[0].FDRE_PER_N/C
  -------------------------------------------------------------------    -------------------
    SLICE_X2Y237         FDRE (Prop_FFF_SLICEM_C_Q)
                                                      0.082     2.009 r  design_1_i/rst_ps8_0_99M/U0/ACTIVE_LOW_PR_OUT_DFF[0].FDRE_PER_N/Q
                         net (fo=4349, routed)        0.149     2.158    design_1_i/ldpc_encoder_0/inst/output_buffer/gen_spill_reg.a_data_q_reg[tdata][31]
    SLICE_X5Y237         FDCE                                         f  design_1_i/ldpc_encoder_0/inst/output_buffer/sent_bits_q_reg[13]/CLR  (IS_INVERTED)
  -------------------------------------------------------------------    -------------------

                         (clock clk_pl_0 rise edge)
                                                      0.000     0.000 r  
    PS8_X0Y0             PS8                          0.000     0.000 r  design_1_i/zynq_ultra_ps_e_0/inst/PS8_i/PLCLK[0]
                         net (fo=1, routed)           0.164     0.164    design_1_i/zynq_ultra_ps_e_0/inst/pl_clk_unbuffered[0]
    BUFG_PS_X0Y80        BUFG_PS (Prop_BUFG_PS_I_O)
                                                      0.023     0.187 r  design_1_i/zynq_ultra_ps_e_0/inst/buffer_pl_clk_0.PL_CLK_0_BUFG/O
    X1Y1 (CLOCK_ROOT)    net (fo=10238, routed)       1.929     2.116    design_1_i/ldpc_encoder_0/inst/output_buffer/clk_i
    SLICE_X5Y237         FDCE                                         r  design_1_i/ldpc_encoder_0/inst/output_buffer/sent_bits_q_reg[13]/C
                         clock pessimism             -0.144     1.973    
    SLICE_X5Y237         FDCE (Remov_EFF_SLICEM_C_CLR)
                                                     -0.018     1.955    design_1_i/ldpc_encoder_0/inst/output_buffer/sent_bits_q_reg[13]
  -------------------------------------------------------------------
                         required time                         -1.955    
                         arrival time                           2.158    
  -------------------------------------------------------------------
                         slack                                  0.203    

Slack (MET) :             0.210ns  (arrival time - required time)
  Source:                 design_1_i/rst_ps8_0_99M/U0/ACTIVE_LOW_PR_OUT_DFF[0].FDRE_PER_N/C
                            (rising edge-triggered cell FDRE clocked by clk_pl_0  {rise@0.000ns fall@17.000ns period=34.000ns})
  Destination:            design_1_i/ldpc_encoder_0/inst/output_buffer/u_spill_register/spill_register_flushable_i/gen_spill_reg.b_data_q_reg[tdata][26]/CLR
                            (removal check against rising-edge clock clk_pl_0  {rise@0.000ns fall@17.000ns period=34.000ns})
  Path Group:             **async_default**
  Path Type:              Removal (Min at Fast Process Corner)
  Requirement:            0.000ns  (clk_pl_0 rise@0.000ns - clk_pl_0 rise@0.000ns)
  Data Path Delay:        0.234ns  (logic 0.082ns (35.053%)  route 0.152ns (64.947%))
  Logic Levels:           0  
  Clock Path Skew:        0.042ns (DCD - SCD - CPR)
    Destination Clock Delay (DCD):    2.112ns
    Source Clock Delay      (SCD):    1.927ns
    Clock Pessimism Removal (CPR):    0.144ns
  Clock Net Delay (Source):      1.776ns (routing 0.886ns, distribution 0.890ns)
  Clock Net Delay (Destination): 1.925ns (routing 0.971ns, distribution 0.954ns)

    Location             Delay type                Incr(ns)  Path(ns)    Netlist Resource(s)
  -------------------------------------------------------------------    -------------------
                         (clock clk_pl_0 rise edge)
                                                      0.000     0.000 r  
    PS8_X0Y0             PS8                          0.000     0.000 r  design_1_i/zynq_ultra_ps_e_0/inst/PS8_i/PLCLK[0]
                         net (fo=1, routed)           0.129     0.129    design_1_i/zynq_ultra_ps_e_0/inst/pl_clk_unbuffered[0]
    BUFG_PS_X0Y80        BUFG_PS (Prop_BUFG_PS_I_O)
                                                      0.022     0.151 r  design_1_i/zynq_ultra_ps_e_0/inst/buffer_pl_clk_0.PL_CLK_0_BUFG/O
    X1Y1 (CLOCK_ROOT)    net (fo=10238, routed)       1.776     1.927    design_1_i/rst_ps8_0_99M/U0/slowest_sync_clk
    SLICE_X2Y237         FDRE                                         r  design_1_i/rst_ps8_0_99M/U0/ACTIVE_LOW_PR_OUT_DFF[0].FDRE_PER_N/C
  -------------------------------------------------------------------    -------------------
    SLICE_X2Y237         FDRE (Prop_FFF_SLICEM_C_Q)
                                                      0.082     2.009 r  design_1_i/rst_ps8_0_99M/U0/ACTIVE_LOW_PR_OUT_DFF[0].FDRE_PER_N/Q
                         net (fo=4349, routed)        0.152     2.161    design_1_i/ldpc_encoder_0/inst/output_buffer/u_spill_register/spill_register_flushable_i/gen_spill_reg.a_data_q_reg[tdata][31]_0
    SLICE_X1Y236         FDCE                                         f  design_1_i/ldpc_encoder_0/inst/output_buffer/u_spill_register/spill_register_flushable_i/gen_spill_reg.b_data_q_reg[tdata][26]/CLR  (IS_INVERTED)
  -------------------------------------------------------------------    -------------------

                         (clock clk_pl_0 rise edge)
                                                      0.000     0.000 r  
    PS8_X0Y0             PS8                          0.000     0.000 r  design_1_i/zynq_ultra_ps_e_0/inst/PS8_i/PLCLK[0]
                         net (fo=1, routed)           0.164     0.164    design_1_i/zynq_ultra_ps_e_0/inst/pl_clk_unbuffered[0]
    BUFG_PS_X0Y80        BUFG_PS (Prop_BUFG_PS_I_O)
                                                      0.023     0.187 r  design_1_i/zynq_ultra_ps_e_0/inst/buffer_pl_clk_0.PL_CLK_0_BUFG/O
    X1Y1 (CLOCK_ROOT)    net (fo=10238, routed)       1.925     2.112    design_1_i/ldpc_encoder_0/inst/output_buffer/u_spill_register/spill_register_flushable_i/clk_i
    SLICE_X1Y236         FDCE                                         r  design_1_i/ldpc_encoder_0/inst/output_buffer/u_spill_register/spill_register_flushable_i/gen_spill_reg.b_data_q_reg[tdata][26]/C
                         clock pessimism             -0.144     1.969    
    SLICE_X1Y236         FDCE (Remov_EFF_SLICEM_C_CLR)
                                                     -0.018     1.951    design_1_i/ldpc_encoder_0/inst/output_buffer/u_spill_register/spill_register_flushable_i/gen_spill_reg.b_data_q_reg[tdata][26]
  -------------------------------------------------------------------
                         required time                         -1.951    
                         arrival time                           2.161    
  -------------------------------------------------------------------
                         slack                                  0.210    

Slack (MET) :             0.210ns  (arrival time - required time)
  Source:                 design_1_i/rst_ps8_0_99M/U0/ACTIVE_LOW_PR_OUT_DFF[0].FDRE_PER_N/C
                            (rising edge-triggered cell FDRE clocked by clk_pl_0  {rise@0.000ns fall@17.000ns period=34.000ns})
  Destination:            design_1_i/ldpc_encoder_0/inst/output_buffer/u_spill_register/spill_register_flushable_i/gen_spill_reg.b_data_q_reg[tdata][27]/CLR
                            (removal check against rising-edge clock clk_pl_0  {rise@0.000ns fall@17.000ns period=34.000ns})
  Path Group:             **async_default**
  Path Type:              Removal (Min at Fast Process Corner)
  Requirement:            0.000ns  (clk_pl_0 rise@0.000ns - clk_pl_0 rise@0.000ns)
  Data Path Delay:        0.234ns  (logic 0.082ns (35.053%)  route 0.152ns (64.947%))
  Logic Levels:           0  
  Clock Path Skew:        0.042ns (DCD - SCD - CPR)
    Destination Clock Delay (DCD):    2.112ns
    Source Clock Delay      (SCD):    1.927ns
    Clock Pessimism Removal (CPR):    0.144ns
  Clock Net Delay (Source):      1.776ns (routing 0.886ns, distribution 0.890ns)
  Clock Net Delay (Destination): 1.925ns (routing 0.971ns, distribution 0.954ns)

    Location             Delay type                Incr(ns)  Path(ns)    Netlist Resource(s)
  -------------------------------------------------------------------    -------------------
                         (clock clk_pl_0 rise edge)
                                                      0.000     0.000 r  
    PS8_X0Y0             PS8                          0.000     0.000 r  design_1_i/zynq_ultra_ps_e_0/inst/PS8_i/PLCLK[0]
                         net (fo=1, routed)           0.129     0.129    design_1_i/zynq_ultra_ps_e_0/inst/pl_clk_unbuffered[0]
    BUFG_PS_X0Y80        BUFG_PS (Prop_BUFG_PS_I_O)
                                                      0.022     0.151 r  design_1_i/zynq_ultra_ps_e_0/inst/buffer_pl_clk_0.PL_CLK_0_BUFG/O
    X1Y1 (CLOCK_ROOT)    net (fo=10238, routed)       1.776     1.927    design_1_i/rst_ps8_0_99M/U0/slowest_sync_clk
    SLICE_X2Y237         FDRE                                         r  design_1_i/rst_ps8_0_99M/U0/ACTIVE_LOW_PR_OUT_DFF[0].FDRE_PER_N/C
  -------------------------------------------------------------------    -------------------
    SLICE_X2Y237         FDRE (Prop_FFF_SLICEM_C_Q)
                                                      0.082     2.009 r  design_1_i/rst_ps8_0_99M/U0/ACTIVE_LOW_PR_OUT_DFF[0].FDRE_PER_N/Q
                         net (fo=4349, routed)        0.152     2.161    design_1_i/ldpc_encoder_0/inst/output_buffer/u_spill_register/spill_register_flushable_i/gen_spill_reg.a_data_q_reg[tdata][31]_0
    SLICE_X1Y236         FDCE                                         f  design_1_i/ldpc_encoder_0/inst/output_buffer/u_spill_register/spill_register_flushable_i/gen_spill_reg.b_data_q_reg[tdata][27]/CLR  (IS_INVERTED)
  -------------------------------------------------------------------    -------------------

                         (clock clk_pl_0 rise edge)
                                                      0.000     0.000 r  
    PS8_X0Y0             PS8                          0.000     0.000 r  design_1_i/zynq_ultra_ps_e_0/inst/PS8_i/PLCLK[0]
                         net (fo=1, routed)           0.164     0.164    design_1_i/zynq_ultra_ps_e_0/inst/pl_clk_unbuffered[0]
    BUFG_PS_X0Y80        BUFG_PS (Prop_BUFG_PS_I_O)
                                                      0.023     0.187 r  design_1_i/zynq_ultra_ps_e_0/inst/buffer_pl_clk_0.PL_CLK_0_BUFG/O
    X1Y1 (CLOCK_ROOT)    net (fo=10238, routed)       1.925     2.112    design_1_i/ldpc_encoder_0/inst/output_buffer/u_spill_register/spill_register_flushable_i/clk_i
    SLICE_X1Y236         FDCE                                         r  design_1_i/ldpc_encoder_0/inst/output_buffer/u_spill_register/spill_register_flushable_i/gen_spill_reg.b_data_q_reg[tdata][27]/C
                         clock pessimism             -0.144     1.969    
    SLICE_X1Y236         FDCE (Remov_EFF2_SLICEM_C_CLR)
                                                     -0.018     1.951    design_1_i/ldpc_encoder_0/inst/output_buffer/u_spill_register/spill_register_flushable_i/gen_spill_reg.b_data_q_reg[tdata][27]
  -------------------------------------------------------------------
                         required time                         -1.951    
                         arrival time                           2.161    
  -------------------------------------------------------------------
                         slack                                  0.210    

Slack (MET) :             0.210ns  (arrival time - required time)
  Source:                 design_1_i/rst_ps8_0_99M/U0/ACTIVE_LOW_PR_OUT_DFF[0].FDRE_PER_N/C
                            (rising edge-triggered cell FDRE clocked by clk_pl_0  {rise@0.000ns fall@17.000ns period=34.000ns})
  Destination:            design_1_i/ldpc_encoder_0/inst/output_buffer/u_spill_register/spill_register_flushable_i/gen_spill_reg.b_data_q_reg[tdata][30]/CLR
                            (removal check against rising-edge clock clk_pl_0  {rise@0.000ns fall@17.000ns period=34.000ns})
  Path Group:             **async_default**
  Path Type:              Removal (Min at Fast Process Corner)
  Requirement:            0.000ns  (clk_pl_0 rise@0.000ns - clk_pl_0 rise@0.000ns)
  Data Path Delay:        0.234ns  (logic 0.082ns (35.053%)  route 0.152ns (64.947%))
  Logic Levels:           0  
  Clock Path Skew:        0.042ns (DCD - SCD - CPR)
    Destination Clock Delay (DCD):    2.112ns
    Source Clock Delay      (SCD):    1.927ns
    Clock Pessimism Removal (CPR):    0.144ns
  Clock Net Delay (Source):      1.776ns (routing 0.886ns, distribution 0.890ns)
  Clock Net Delay (Destination): 1.925ns (routing 0.971ns, distribution 0.954ns)

    Location             Delay type                Incr(ns)  Path(ns)    Netlist Resource(s)
  -------------------------------------------------------------------    -------------------
                         (clock clk_pl_0 rise edge)
                                                      0.000     0.000 r  
    PS8_X0Y0             PS8                          0.000     0.000 r  design_1_i/zynq_ultra_ps_e_0/inst/PS8_i/PLCLK[0]
                         net (fo=1, routed)           0.129     0.129    design_1_i/zynq_ultra_ps_e_0/inst/pl_clk_unbuffered[0]
    BUFG_PS_X0Y80        BUFG_PS (Prop_BUFG_PS_I_O)
                                                      0.022     0.151 r  design_1_i/zynq_ultra_ps_e_0/inst/buffer_pl_clk_0.PL_CLK_0_BUFG/O
    X1Y1 (CLOCK_ROOT)    net (fo=10238, routed)       1.776     1.927    design_1_i/rst_ps8_0_99M/U0/slowest_sync_clk
    SLICE_X2Y237         FDRE                                         r  design_1_i/rst_ps8_0_99M/U0/ACTIVE_LOW_PR_OUT_DFF[0].FDRE_PER_N/C
  -------------------------------------------------------------------    -------------------
    SLICE_X2Y237         FDRE (Prop_FFF_SLICEM_C_Q)
                                                      0.082     2.009 r  design_1_i/rst_ps8_0_99M/U0/ACTIVE_LOW_PR_OUT_DFF[0].FDRE_PER_N/Q
                         net (fo=4349, routed)        0.152     2.161    design_1_i/ldpc_encoder_0/inst/output_buffer/u_spill_register/spill_register_flushable_i/gen_spill_reg.a_data_q_reg[tdata][31]_0
    SLICE_X1Y236         FDCE                                         f  design_1_i/ldpc_encoder_0/inst/output_buffer/u_spill_register/spill_register_flushable_i/gen_spill_reg.b_data_q_reg[tdata][30]/CLR  (IS_INVERTED)
  -------------------------------------------------------------------    -------------------

                         (clock clk_pl_0 rise edge)
                                                      0.000     0.000 r  
    PS8_X0Y0             PS8                          0.000     0.000 r  design_1_i/zynq_ultra_ps_e_0/inst/PS8_i/PLCLK[0]
                         net (fo=1, routed)           0.164     0.164    design_1_i/zynq_ultra_ps_e_0/inst/pl_clk_unbuffered[0]
    BUFG_PS_X0Y80        BUFG_PS (Prop_BUFG_PS_I_O)
                                                      0.023     0.187 r  design_1_i/zynq_ultra_ps_e_0/inst/buffer_pl_clk_0.PL_CLK_0_BUFG/O
    X1Y1 (CLOCK_ROOT)    net (fo=10238, routed)       1.925     2.112    design_1_i/ldpc_encoder_0/inst/output_buffer/u_spill_register/spill_register_flushable_i/clk_i
    SLICE_X1Y236         FDCE                                         r  design_1_i/ldpc_encoder_0/inst/output_buffer/u_spill_register/spill_register_flushable_i/gen_spill_reg.b_data_q_reg[tdata][30]/C
                         clock pessimism             -0.144     1.969    
    SLICE_X1Y236         FDCE (Remov_FFF_SLICEM_C_CLR)
                                                     -0.018     1.951    design_1_i/ldpc_encoder_0/inst/output_buffer/u_spill_register/spill_register_flushable_i/gen_spill_reg.b_data_q_reg[tdata][30]
  -------------------------------------------------------------------
                         required time                         -1.951    
                         arrival time                           2.161    
  -------------------------------------------------------------------
                         slack                                  0.210    

Slack (MET) :             0.222ns  (arrival time - required time)
  Source:                 design_1_i/rst_ps8_0_99M/U0/ACTIVE_LOW_PR_OUT_DFF[0].FDRE_PER_N/C
                            (rising edge-triggered cell FDRE clocked by clk_pl_0  {rise@0.000ns fall@17.000ns period=34.000ns})
  Destination:            design_1_i/ldpc_encoder_0/inst/output_buffer/sent_bits_q_reg[5]/CLR
                            (removal check against rising-edge clock clk_pl_0  {rise@0.000ns fall@17.000ns period=34.000ns})
  Path Group:             **async_default**
  Path Type:              Removal (Min at Fast Process Corner)
  Requirement:            0.000ns  (clk_pl_0 rise@0.000ns - clk_pl_0 rise@0.000ns)
  Data Path Delay:        0.247ns  (logic 0.082ns (33.207%)  route 0.165ns (66.793%))
  Logic Levels:           0  
  Clock Path Skew:        0.043ns (DCD - SCD - CPR)
    Destination Clock Delay (DCD):    2.113ns
    Source Clock Delay      (SCD):    1.927ns
    Clock Pessimism Removal (CPR):    0.144ns
  Clock Net Delay (Source):      1.776ns (routing 0.886ns, distribution 0.890ns)
  Clock Net Delay (Destination): 1.926ns (routing 0.971ns, distribution 0.955ns)

    Location             Delay type                Incr(ns)  Path(ns)    Netlist Resource(s)
  -------------------------------------------------------------------    -------------------
                         (clock clk_pl_0 rise edge)
                                                      0.000     0.000 r  
    PS8_X0Y0             PS8                          0.000     0.000 r  design_1_i/zynq_ultra_ps_e_0/inst/PS8_i/PLCLK[0]
                         net (fo=1, routed)           0.129     0.129    design_1_i/zynq_ultra_ps_e_0/inst/pl_clk_unbuffered[0]
    BUFG_PS_X0Y80        BUFG_PS (Prop_BUFG_PS_I_O)
                                                      0.022     0.151 r  design_1_i/zynq_ultra_ps_e_0/inst/buffer_pl_clk_0.PL_CLK_0_BUFG/O
    X1Y1 (CLOCK_ROOT)    net (fo=10238, routed)       1.776     1.927    design_1_i/rst_ps8_0_99M/U0/slowest_sync_clk
    SLICE_X2Y237         FDRE                                         r  design_1_i/rst_ps8_0_99M/U0/ACTIVE_LOW_PR_OUT_DFF[0].FDRE_PER_N/C
  -------------------------------------------------------------------    -------------------
    SLICE_X2Y237         FDRE (Prop_FFF_SLICEM_C_Q)
                                                      0.082     2.009 r  design_1_i/rst_ps8_0_99M/U0/ACTIVE_LOW_PR_OUT_DFF[0].FDRE_PER_N/Q
                         net (fo=4349, routed)        0.165     2.174    design_1_i/ldpc_encoder_0/inst/output_buffer/gen_spill_reg.a_data_q_reg[tdata][31]
    SLICE_X5Y236         FDCE                                         f  design_1_i/ldpc_encoder_0/inst/output_buffer/sent_bits_q_reg[5]/CLR  (IS_INVERTED)
  -------------------------------------------------------------------    -------------------

                         (clock clk_pl_0 rise edge)
                                                      0.000     0.000 r  
    PS8_X0Y0             PS8                          0.000     0.000 r  design_1_i/zynq_ultra_ps_e_0/inst/PS8_i/PLCLK[0]
                         net (fo=1, routed)           0.164     0.164    design_1_i/zynq_ultra_ps_e_0/inst/pl_clk_unbuffered[0]
    BUFG_PS_X0Y80        BUFG_PS (Prop_BUFG_PS_I_O)
                                                      0.023     0.187 r  design_1_i/zynq_ultra_ps_e_0/inst/buffer_pl_clk_0.PL_CLK_0_BUFG/O
    X1Y1 (CLOCK_ROOT)    net (fo=10238, routed)       1.926     2.113    design_1_i/ldpc_encoder_0/inst/output_buffer/clk_i
    SLICE_X5Y236         FDCE                                         r  design_1_i/ldpc_encoder_0/inst/output_buffer/sent_bits_q_reg[5]/C
                         clock pessimism             -0.144     1.970    
    SLICE_X5Y236         FDCE (Remov_DFF_SLICEM_C_CLR)
                                                     -0.018     1.952    design_1_i/ldpc_encoder_0/inst/output_buffer/sent_bits_q_reg[5]
  -------------------------------------------------------------------
                         required time                         -1.952    
                         arrival time                           2.174    
  -------------------------------------------------------------------
                         slack                                  0.222    





--------------------------------------------------------------------------------------
Path Group:  (none)
From Clock:  
  To Clock:  clk_pl_0

Max Delay             1 Endpoint
Min Delay             1 Endpoint
--------------------------------------------------------------------------------------


Max Delay Paths
--------------------------------------------------------------------------------------
Slack:                    inf
  Source:                 design_1_i/zynq_ultra_ps_e_0/inst/PS8_i/EMIOGPIOO[95]
                            (internal pin)
  Destination:            design_1_i/rst_ps8_0_99M/U0/EXT_LPF/ACTIVE_LOW_EXT.ACT_LO_EXT/GENERATE_LEVEL_P_S_CDC.SINGLE_BIT.CROSS_PLEVEL_IN2SCNDRY_IN_cdc_to/D
                            (rising edge-triggered cell FDRE clocked by clk_pl_0  {rise@0.000ns fall@17.000ns period=34.000ns})
  Path Group:             (none)
  Path Type:              Setup (Max at Slow Process Corner)
  Data Path Delay:        0.713ns  (logic 0.060ns (8.415%)  route 0.653ns (91.585%))
  Logic Levels:           1  (LUT1=1)
  Clock Uncertainty:      0.261ns  ((TSJ^2 + DJ^2)^1/2) / 2 + PE
    Total System Jitter     (TSJ):    0.050ns
    Discrete Jitter          (DJ):    0.520ns
    Phase Error              (PE):    0.000ns
  Clock Net Delay (Destination): 2.883ns (routing 1.450ns, distribution 1.433ns)
  Timing Exception:       False Path

    Location             Delay type                Incr(ns)  Path(ns)    Netlist Resource(s)
  -------------------------------------------------------------------    -------------------
    PS8_X0Y0             PS8                          0.000     0.000 f  design_1_i/zynq_ultra_ps_e_0/inst/PS8_i/EMIOGPIOO[95]
                         net (fo=1, routed)           0.278     0.278    design_1_i/rst_ps8_0_99M/U0/EXT_LPF/ACTIVE_LOW_EXT.ACT_LO_EXT/ext_reset_in
    SLICE_X1Y238         LUT1 (Prop_H6LUT_SLICEM_I0_O)
                                                      0.060     0.338 r  design_1_i/rst_ps8_0_99M/U0/EXT_LPF/ACTIVE_LOW_EXT.ACT_LO_EXT/GENERATE_LEVEL_P_S_CDC.SINGLE_BIT.CROSS_PLEVEL_IN2SCNDRY_IN_cdc_to_i_1/O
                         net (fo=1, routed)           0.375     0.713    design_1_i/rst_ps8_0_99M/U0/EXT_LPF/ACTIVE_LOW_EXT.ACT_LO_EXT/exr_d1
    SLICE_X1Y238         FDRE                                         r  design_1_i/rst_ps8_0_99M/U0/EXT_LPF/ACTIVE_LOW_EXT.ACT_LO_EXT/GENERATE_LEVEL_P_S_CDC.SINGLE_BIT.CROSS_PLEVEL_IN2SCNDRY_IN_cdc_to/D
  -------------------------------------------------------------------    -------------------

                         (clock clk_pl_0 rise edge)
                                                      0.000     0.000 r  
    PS8_X0Y0             PS8                          0.000     0.000 r  design_1_i/zynq_ultra_ps_e_0/inst/PS8_i/PLCLK[0]
                         net (fo=1, routed)           0.181     0.181    design_1_i/zynq_ultra_ps_e_0/inst/pl_clk_unbuffered[0]
    BUFG_PS_X0Y80        BUFG_PS (Prop_BUFG_PS_I_O)
                                                      0.035     0.216 r  design_1_i/zynq_ultra_ps_e_0/inst/buffer_pl_clk_0.PL_CLK_0_BUFG/O
    X1Y1 (CLOCK_ROOT)    net (fo=10238, routed)       2.883     3.099    design_1_i/rst_ps8_0_99M/U0/EXT_LPF/ACTIVE_LOW_EXT.ACT_LO_EXT/slowest_sync_clk
    SLICE_X1Y238         FDRE                                         r  design_1_i/rst_ps8_0_99M/U0/EXT_LPF/ACTIVE_LOW_EXT.ACT_LO_EXT/GENERATE_LEVEL_P_S_CDC.SINGLE_BIT.CROSS_PLEVEL_IN2SCNDRY_IN_cdc_to/C





Min Delay Paths
--------------------------------------------------------------------------------------
Slack:                    inf
  Source:                 design_1_i/zynq_ultra_ps_e_0/inst/PS8_i/EMIOGPIOO[95]
                            (internal pin)
  Destination:            design_1_i/rst_ps8_0_99M/U0/EXT_LPF/ACTIVE_LOW_EXT.ACT_LO_EXT/GENERATE_LEVEL_P_S_CDC.SINGLE_BIT.CROSS_PLEVEL_IN2SCNDRY_IN_cdc_to/D
                            (rising edge-triggered cell FDRE clocked by clk_pl_0  {rise@0.000ns fall@17.000ns period=34.000ns})
  Path Group:             (none)
  Path Type:              Hold (Min at Fast Process Corner)
  Data Path Delay:        0.255ns  (logic 0.021ns (8.235%)  route 0.234ns (91.765%))
  Logic Levels:           1  (LUT1=1)
  Clock Uncertainty:      0.261ns  ((TSJ^2 + DJ^2)^1/2) / 2 + PE
    Total System Jitter     (TSJ):    0.050ns
    Discrete Jitter          (DJ):    0.520ns
    Phase Error              (PE):    0.000ns
  Clock Net Delay (Destination): 1.927ns (routing 0.971ns, distribution 0.956ns)
  Timing Exception:       False Path

    Location             Delay type                Incr(ns)  Path(ns)    Netlist Resource(s)
  -------------------------------------------------------------------    -------------------
    PS8_X0Y0             PS8                          0.000     0.000 f  design_1_i/zynq_ultra_ps_e_0/inst/PS8_i/EMIOGPIOO[95]
                         net (fo=1, routed)           0.117     0.117    design_1_i/rst_ps8_0_99M/U0/EXT_LPF/ACTIVE_LOW_EXT.ACT_LO_EXT/ext_reset_in
    SLICE_X1Y238         LUT1 (Prop_H6LUT_SLICEM_I0_O)
                                                      0.021     0.138 r  design_1_i/rst_ps8_0_99M/U0/EXT_LPF/ACTIVE_LOW_EXT.ACT_LO_EXT/GENERATE_LEVEL_P_S_CDC.SINGLE_BIT.CROSS_PLEVEL_IN2SCNDRY_IN_cdc_to_i_1/O
                         net (fo=1, routed)           0.117     0.255    design_1_i/rst_ps8_0_99M/U0/EXT_LPF/ACTIVE_LOW_EXT.ACT_LO_EXT/exr_d1
    SLICE_X1Y238         FDRE                                         r  design_1_i/rst_ps8_0_99M/U0/EXT_LPF/ACTIVE_LOW_EXT.ACT_LO_EXT/GENERATE_LEVEL_P_S_CDC.SINGLE_BIT.CROSS_PLEVEL_IN2SCNDRY_IN_cdc_to/D
  -------------------------------------------------------------------    -------------------

                         (clock clk_pl_0 rise edge)
                                                      0.000     0.000 r  
    PS8_X0Y0             PS8                          0.000     0.000 r  design_1_i/zynq_ultra_ps_e_0/inst/PS8_i/PLCLK[0]
                         net (fo=1, routed)           0.164     0.164    design_1_i/zynq_ultra_ps_e_0/inst/pl_clk_unbuffered[0]
    BUFG_PS_X0Y80        BUFG_PS (Prop_BUFG_PS_I_O)
                                                      0.023     0.187 r  design_1_i/zynq_ultra_ps_e_0/inst/buffer_pl_clk_0.PL_CLK_0_BUFG/O
    X1Y1 (CLOCK_ROOT)    net (fo=10238, routed)       1.927     2.114    design_1_i/rst_ps8_0_99M/U0/EXT_LPF/ACTIVE_LOW_EXT.ACT_LO_EXT/slowest_sync_clk
    SLICE_X1Y238         FDRE                                         r  design_1_i/rst_ps8_0_99M/U0/EXT_LPF/ACTIVE_LOW_EXT.ACT_LO_EXT/GENERATE_LEVEL_P_S_CDC.SINGLE_BIT.CROSS_PLEVEL_IN2SCNDRY_IN_cdc_to/C





--------------------------------------------------------------------------------------
Path Group:  (none)
From Clock:  clk_pl_0
  To Clock:  clk_pl_0

Max Delay           119 Endpoints
Min Delay           119 Endpoints
--------------------------------------------------------------------------------------


Max Delay Paths
--------------------------------------------------------------------------------------
Slack:                    inf
  Source:                 design_1_i/rst_ps8_0_99M/U0/ACTIVE_LOW_PR_OUT_DFF[0].FDRE_PER_N/C
                            (rising edge-triggered cell FDRE clocked by clk_pl_0  {rise@0.000ns fall@17.000ns period=34.000ns})
  Destination:            design_1_i/axi_smc_1/inst/clk_map/psr_aclk/U0/EXT_LPF/ACTIVE_LOW_AUX.ACT_LO_AUX/GENERATE_LEVEL_P_S_CDC.SINGLE_BIT.CROSS_PLEVEL_IN2SCNDRY_IN_cdc_to/D
                            (rising edge-triggered cell FDRE clocked by clk_pl_0  {rise@0.000ns fall@17.000ns period=34.000ns})
  Path Group:             (none)
  Path Type:              Setup (Max at Slow Process Corner)
  Data Path Delay:        10.412ns  (logic 0.266ns (2.555%)  route 10.146ns (97.445%))
  Logic Levels:           1  (LUT1=1)
  Clock Path Skew:        -0.418ns (DCD - SCD + CPR)
    Destination Clock Delay (DCD):    3.052ns
    Source Clock Delay      (SCD):    3.471ns
    Clock Pessimism Removal (CPR):    0.000ns
  Clock Uncertainty:      0.262ns  ((TSJ^2 + DJ^2)^1/2) / 2 + PE
    Total System Jitter     (TSJ):    0.071ns
    Discrete Jitter          (DJ):    0.520ns
    Phase Error              (PE):    0.000ns
  Clock Net Delay (Source):      3.204ns (routing 1.584ns, distribution 1.620ns)
  Clock Net Delay (Destination): 2.836ns (routing 1.450ns, distribution 1.386ns)
  Timing Exception:       False Path

    Location             Delay type                Incr(ns)  Path(ns)    Netlist Resource(s)
  -------------------------------------------------------------------    -------------------
                         (clock clk_pl_0 rise edge)
                                                      0.000     0.000 r  
    PS8_X0Y0             PS8                          0.000     0.000 r  design_1_i/zynq_ultra_ps_e_0/inst/PS8_i/PLCLK[0]
                         net (fo=1, routed)           0.229     0.229    design_1_i/zynq_ultra_ps_e_0/inst/pl_clk_unbuffered[0]
    BUFG_PS_X0Y80        BUFG_PS (Prop_BUFG_PS_I_O)
                                                      0.038     0.267 r  design_1_i/zynq_ultra_ps_e_0/inst/buffer_pl_clk_0.PL_CLK_0_BUFG/O
    X1Y1 (CLOCK_ROOT)    net (fo=10238, routed)       3.204     3.471    design_1_i/rst_ps8_0_99M/U0/slowest_sync_clk
    SLICE_X2Y237         FDRE                                         r  design_1_i/rst_ps8_0_99M/U0/ACTIVE_LOW_PR_OUT_DFF[0].FDRE_PER_N/C
  -------------------------------------------------------------------    -------------------
    SLICE_X2Y237         FDRE (Prop_FFF_SLICEM_C_Q)
                                                      0.112     3.583 f  design_1_i/rst_ps8_0_99M/U0/ACTIVE_LOW_PR_OUT_DFF[0].FDRE_PER_N/Q
                         net (fo=4349, routed)        9.771    13.353    design_1_i/axi_smc_1/inst/clk_map/psr_aclk/U0/EXT_LPF/ACTIVE_LOW_AUX.ACT_LO_AUX/aresetn
    SLICE_X4Y65          LUT1 (Prop_H6LUT_SLICEM_I0_O)
                                                      0.154    13.507 r  design_1_i/axi_smc_1/inst/clk_map/psr_aclk/U0/EXT_LPF/ACTIVE_LOW_AUX.ACT_LO_AUX/GENERATE_LEVEL_P_S_CDC.SINGLE_BIT.CROSS_PLEVEL_IN2SCNDRY_IN_cdc_to_i_1/O
                         net (fo=1, routed)           0.375    13.882    design_1_i/axi_smc_1/inst/clk_map/psr_aclk/U0/EXT_LPF/ACTIVE_LOW_AUX.ACT_LO_AUX/asr_d1
    SLICE_X4Y65          FDRE                                         r  design_1_i/axi_smc_1/inst/clk_map/psr_aclk/U0/EXT_LPF/ACTIVE_LOW_AUX.ACT_LO_AUX/GENERATE_LEVEL_P_S_CDC.SINGLE_BIT.CROSS_PLEVEL_IN2SCNDRY_IN_cdc_to/D
  -------------------------------------------------------------------    -------------------

                         (clock clk_pl_0 rise edge)
                                                      0.000     0.000 r  
    PS8_X0Y0             PS8                          0.000     0.000 r  design_1_i/zynq_ultra_ps_e_0/inst/PS8_i/PLCLK[0]
                         net (fo=1, routed)           0.181     0.181    design_1_i/zynq_ultra_ps_e_0/inst/pl_clk_unbuffered[0]
    BUFG_PS_X0Y80        BUFG_PS (Prop_BUFG_PS_I_O)
                                                      0.035     0.216 r  design_1_i/zynq_ultra_ps_e_0/inst/buffer_pl_clk_0.PL_CLK_0_BUFG/O
    X1Y1 (CLOCK_ROOT)    net (fo=10238, routed)       2.836     3.052    design_1_i/axi_smc_1/inst/clk_map/psr_aclk/U0/EXT_LPF/ACTIVE_LOW_AUX.ACT_LO_AUX/aclk
    SLICE_X4Y65          FDRE                                         r  design_1_i/axi_smc_1/inst/clk_map/psr_aclk/U0/EXT_LPF/ACTIVE_LOW_AUX.ACT_LO_AUX/GENERATE_LEVEL_P_S_CDC.SINGLE_BIT.CROSS_PLEVEL_IN2SCNDRY_IN_cdc_to/C

Slack:                    inf
  Source:                 design_1_i/rst_ps8_0_99M/U0/ACTIVE_LOW_PR_OUT_DFF[0].FDRE_PER_N/C
                            (rising edge-triggered cell FDRE clocked by clk_pl_0  {rise@0.000ns fall@17.000ns period=34.000ns})
  Destination:            design_1_i/axi_smc/inst/clk_map/psr_aclk/U0/EXT_LPF/ACTIVE_LOW_AUX.ACT_LO_AUX/GENERATE_LEVEL_P_S_CDC.SINGLE_BIT.CROSS_PLEVEL_IN2SCNDRY_IN_cdc_to/D
                            (rising edge-triggered cell FDRE clocked by clk_pl_0  {rise@0.000ns fall@17.000ns period=34.000ns})
  Path Group:             (none)
  Path Type:              Setup (Max at Slow Process Corner)
  Data Path Delay:        10.004ns  (logic 0.192ns (1.919%)  route 9.812ns (98.081%))
  Logic Levels:           1  (LUT1=1)
  Clock Path Skew:        -0.451ns (DCD - SCD + CPR)
    Destination Clock Delay (DCD):    3.020ns
    Source Clock Delay      (SCD):    3.471ns
    Clock Pessimism Removal (CPR):    0.000ns
  Clock Uncertainty:      0.262ns  ((TSJ^2 + DJ^2)^1/2) / 2 + PE
    Total System Jitter     (TSJ):    0.071ns
    Discrete Jitter          (DJ):    0.520ns
    Phase Error              (PE):    0.000ns
  Clock Net Delay (Source):      3.204ns (routing 1.584ns, distribution 1.620ns)
  Clock Net Delay (Destination): 2.804ns (routing 1.450ns, distribution 1.354ns)
  Timing Exception:       False Path

    Location             Delay type                Incr(ns)  Path(ns)    Netlist Resource(s)
  -------------------------------------------------------------------    -------------------
                         (clock clk_pl_0 rise edge)
                                                      0.000     0.000 r  
    PS8_X0Y0             PS8                          0.000     0.000 r  design_1_i/zynq_ultra_ps_e_0/inst/PS8_i/PLCLK[0]
                         net (fo=1, routed)           0.229     0.229    design_1_i/zynq_ultra_ps_e_0/inst/pl_clk_unbuffered[0]
    BUFG_PS_X0Y80        BUFG_PS (Prop_BUFG_PS_I_O)
                                                      0.038     0.267 r  design_1_i/zynq_ultra_ps_e_0/inst/buffer_pl_clk_0.PL_CLK_0_BUFG/O
    X1Y1 (CLOCK_ROOT)    net (fo=10238, routed)       3.204     3.471    design_1_i/rst_ps8_0_99M/U0/slowest_sync_clk
    SLICE_X2Y237         FDRE                                         r  design_1_i/rst_ps8_0_99M/U0/ACTIVE_LOW_PR_OUT_DFF[0].FDRE_PER_N/C
  -------------------------------------------------------------------    -------------------
    SLICE_X2Y237         FDRE (Prop_FFF_SLICEM_C_Q)
                                                      0.112     3.583 f  design_1_i/rst_ps8_0_99M/U0/ACTIVE_LOW_PR_OUT_DFF[0].FDRE_PER_N/Q
                         net (fo=4349, routed)        9.588    13.171    design_1_i/axi_smc/inst/clk_map/psr_aclk/U0/EXT_LPF/ACTIVE_LOW_AUX.ACT_LO_AUX/aresetn
    SLICE_X13Y62         LUT1 (Prop_D6LUT_SLICEM_I0_O)
                                                      0.080    13.251 r  design_1_i/axi_smc/inst/clk_map/psr_aclk/U0/EXT_LPF/ACTIVE_LOW_AUX.ACT_LO_AUX/GENERATE_LEVEL_P_S_CDC.SINGLE_BIT.CROSS_PLEVEL_IN2SCNDRY_IN_cdc_to_i_1/O
                         net (fo=1, routed)           0.224    13.475    design_1_i/axi_smc/inst/clk_map/psr_aclk/U0/EXT_LPF/ACTIVE_LOW_AUX.ACT_LO_AUX/asr_d1
    SLICE_X13Y62         FDRE                                         r  design_1_i/axi_smc/inst/clk_map/psr_aclk/U0/EXT_LPF/ACTIVE_LOW_AUX.ACT_LO_AUX/GENERATE_LEVEL_P_S_CDC.SINGLE_BIT.CROSS_PLEVEL_IN2SCNDRY_IN_cdc_to/D
  -------------------------------------------------------------------    -------------------

                         (clock clk_pl_0 rise edge)
                                                      0.000     0.000 r  
    PS8_X0Y0             PS8                          0.000     0.000 r  design_1_i/zynq_ultra_ps_e_0/inst/PS8_i/PLCLK[0]
                         net (fo=1, routed)           0.181     0.181    design_1_i/zynq_ultra_ps_e_0/inst/pl_clk_unbuffered[0]
    BUFG_PS_X0Y80        BUFG_PS (Prop_BUFG_PS_I_O)
                                                      0.035     0.216 r  design_1_i/zynq_ultra_ps_e_0/inst/buffer_pl_clk_0.PL_CLK_0_BUFG/O
    X1Y1 (CLOCK_ROOT)    net (fo=10238, routed)       2.804     3.020    design_1_i/axi_smc/inst/clk_map/psr_aclk/U0/EXT_LPF/ACTIVE_LOW_AUX.ACT_LO_AUX/aclk
    SLICE_X13Y62         FDRE                                         r  design_1_i/axi_smc/inst/clk_map/psr_aclk/U0/EXT_LPF/ACTIVE_LOW_AUX.ACT_LO_AUX/GENERATE_LEVEL_P_S_CDC.SINGLE_BIT.CROSS_PLEVEL_IN2SCNDRY_IN_cdc_to/C

Slack:                    inf
  Source:                 design_1_i/rst_ps8_0_99M/U0/ACTIVE_LOW_PR_OUT_DFF[0].FDRE_PER_N/C
                            (rising edge-triggered cell FDRE clocked by clk_pl_0  {rise@0.000ns fall@17.000ns period=34.000ns})
  Destination:            design_1_i/axi_dma_0/U0/I_RST_MODULE/REG_HRD_RST_OUT/GENERATE_LEVEL_P_S_CDC.SINGLE_BIT.CROSS_PLEVEL_IN2SCNDRY_IN_cdc_to/D
                            (rising edge-triggered cell FDRE clocked by clk_pl_0  {rise@0.000ns fall@17.000ns period=34.000ns})
  Path Group:             (none)
  Path Type:              Setup (Max at Slow Process Corner)
  Data Path Delay:        9.804ns  (logic 0.112ns (1.142%)  route 9.692ns (98.858%))
  Logic Levels:           0  
  Clock Path Skew:        -0.436ns (DCD - SCD + CPR)
    Destination Clock Delay (DCD):    3.034ns
    Source Clock Delay      (SCD):    3.471ns
    Clock Pessimism Removal (CPR):    0.000ns
  Clock Uncertainty:      0.262ns  ((TSJ^2 + DJ^2)^1/2) / 2 + PE
    Total System Jitter     (TSJ):    0.071ns
    Discrete Jitter          (DJ):    0.520ns
    Phase Error              (PE):    0.000ns
  Clock Net Delay (Source):      3.204ns (routing 1.584ns, distribution 1.620ns)
  Clock Net Delay (Destination): 2.818ns (routing 1.450ns, distribution 1.368ns)
  Timing Exception:       False Path

    Location             Delay type                Incr(ns)  Path(ns)    Netlist Resource(s)
  -------------------------------------------------------------------    -------------------
                         (clock clk_pl_0 rise edge)
                                                      0.000     0.000 r  
    PS8_X0Y0             PS8                          0.000     0.000 r  design_1_i/zynq_ultra_ps_e_0/inst/PS8_i/PLCLK[0]
                         net (fo=1, routed)           0.229     0.229    design_1_i/zynq_ultra_ps_e_0/inst/pl_clk_unbuffered[0]
    BUFG_PS_X0Y80        BUFG_PS (Prop_BUFG_PS_I_O)
                                                      0.038     0.267 r  design_1_i/zynq_ultra_ps_e_0/inst/buffer_pl_clk_0.PL_CLK_0_BUFG/O
    X1Y1 (CLOCK_ROOT)    net (fo=10238, routed)       3.204     3.471    design_1_i/rst_ps8_0_99M/U0/slowest_sync_clk
    SLICE_X2Y237         FDRE                                         r  design_1_i/rst_ps8_0_99M/U0/ACTIVE_LOW_PR_OUT_DFF[0].FDRE_PER_N/C
  -------------------------------------------------------------------    -------------------
    SLICE_X2Y237         FDRE (Prop_FFF_SLICEM_C_Q)
                                                      0.112     3.583 r  design_1_i/rst_ps8_0_99M/U0/ACTIVE_LOW_PR_OUT_DFF[0].FDRE_PER_N/Q
                         net (fo=4349, routed)        9.692    13.275    design_1_i/axi_dma_0/U0/I_RST_MODULE/REG_HRD_RST_OUT/axi_resetn
    SLICE_X12Y71         FDRE                                         r  design_1_i/axi_dma_0/U0/I_RST_MODULE/REG_HRD_RST_OUT/GENERATE_LEVEL_P_S_CDC.SINGLE_BIT.CROSS_PLEVEL_IN2SCNDRY_IN_cdc_to/D
  -------------------------------------------------------------------    -------------------

                         (clock clk_pl_0 rise edge)
                                                      0.000     0.000 r  
    PS8_X0Y0             PS8                          0.000     0.000 r  design_1_i/zynq_ultra_ps_e_0/inst/PS8_i/PLCLK[0]
                         net (fo=1, routed)           0.181     0.181    design_1_i/zynq_ultra_ps_e_0/inst/pl_clk_unbuffered[0]
    BUFG_PS_X0Y80        BUFG_PS (Prop_BUFG_PS_I_O)
                                                      0.035     0.216 r  design_1_i/zynq_ultra_ps_e_0/inst/buffer_pl_clk_0.PL_CLK_0_BUFG/O
    X1Y1 (CLOCK_ROOT)    net (fo=10238, routed)       2.818     3.034    design_1_i/axi_dma_0/U0/I_RST_MODULE/REG_HRD_RST_OUT/s_axi_lite_aclk
    SLICE_X12Y71         FDRE                                         r  design_1_i/axi_dma_0/U0/I_RST_MODULE/REG_HRD_RST_OUT/GENERATE_LEVEL_P_S_CDC.SINGLE_BIT.CROSS_PLEVEL_IN2SCNDRY_IN_cdc_to/C

Slack:                    inf
  Source:                 design_1_i/rst_ps8_0_99M/U0/ACTIVE_LOW_PR_OUT_DFF[0].FDRE_PER_N/C
                            (rising edge-triggered cell FDRE clocked by clk_pl_0  {rise@0.000ns fall@17.000ns period=34.000ns})
  Destination:            design_1_i/axi_dma_0/U0/I_RST_MODULE/REG_HRD_RST/GENERATE_LEVEL_P_S_CDC.SINGLE_BIT.CROSS_PLEVEL_IN2SCNDRY_IN_cdc_to/D
                            (rising edge-triggered cell FDRE clocked by clk_pl_0  {rise@0.000ns fall@17.000ns period=34.000ns})
  Path Group:             (none)
  Path Type:              Setup (Max at Slow Process Corner)
  Data Path Delay:        9.520ns  (logic 0.112ns (1.176%)  route 9.408ns (98.824%))
  Logic Levels:           0  
  Clock Path Skew:        -0.444ns (DCD - SCD + CPR)
    Destination Clock Delay (DCD):    3.027ns
    Source Clock Delay      (SCD):    3.471ns
    Clock Pessimism Removal (CPR):    0.000ns
  Clock Uncertainty:      0.262ns  ((TSJ^2 + DJ^2)^1/2) / 2 + PE
    Total System Jitter     (TSJ):    0.071ns
    Discrete Jitter          (DJ):    0.520ns
    Phase Error              (PE):    0.000ns
  Clock Net Delay (Source):      3.204ns (routing 1.584ns, distribution 1.620ns)
  Clock Net Delay (Destination): 2.811ns (routing 1.450ns, distribution 1.361ns)
  Timing Exception:       False Path

    Location             Delay type                Incr(ns)  Path(ns)    Netlist Resource(s)
  -------------------------------------------------------------------    -------------------
                         (clock clk_pl_0 rise edge)
                                                      0.000     0.000 r  
    PS8_X0Y0             PS8                          0.000     0.000 r  design_1_i/zynq_ultra_ps_e_0/inst/PS8_i/PLCLK[0]
                         net (fo=1, routed)           0.229     0.229    design_1_i/zynq_ultra_ps_e_0/inst/pl_clk_unbuffered[0]
    BUFG_PS_X0Y80        BUFG_PS (Prop_BUFG_PS_I_O)
                                                      0.038     0.267 r  design_1_i/zynq_ultra_ps_e_0/inst/buffer_pl_clk_0.PL_CLK_0_BUFG/O
    X1Y1 (CLOCK_ROOT)    net (fo=10238, routed)       3.204     3.471    design_1_i/rst_ps8_0_99M/U0/slowest_sync_clk
    SLICE_X2Y237         FDRE                                         r  design_1_i/rst_ps8_0_99M/U0/ACTIVE_LOW_PR_OUT_DFF[0].FDRE_PER_N/C
  -------------------------------------------------------------------    -------------------
    SLICE_X2Y237         FDRE (Prop_FFF_SLICEM_C_Q)
                                                      0.112     3.583 r  design_1_i/rst_ps8_0_99M/U0/ACTIVE_LOW_PR_OUT_DFF[0].FDRE_PER_N/Q
                         net (fo=4349, routed)        9.408    12.991    design_1_i/axi_dma_0/U0/I_RST_MODULE/REG_HRD_RST/axi_resetn
    SLICE_X14Y76         FDRE                                         r  design_1_i/axi_dma_0/U0/I_RST_MODULE/REG_HRD_RST/GENERATE_LEVEL_P_S_CDC.SINGLE_BIT.CROSS_PLEVEL_IN2SCNDRY_IN_cdc_to/D
  -------------------------------------------------------------------    -------------------

                         (clock clk_pl_0 rise edge)
                                                      0.000     0.000 r  
    PS8_X0Y0             PS8                          0.000     0.000 r  design_1_i/zynq_ultra_ps_e_0/inst/PS8_i/PLCLK[0]
                         net (fo=1, routed)           0.181     0.181    design_1_i/zynq_ultra_ps_e_0/inst/pl_clk_unbuffered[0]
    BUFG_PS_X0Y80        BUFG_PS (Prop_BUFG_PS_I_O)
                                                      0.035     0.216 r  design_1_i/zynq_ultra_ps_e_0/inst/buffer_pl_clk_0.PL_CLK_0_BUFG/O
    X1Y1 (CLOCK_ROOT)    net (fo=10238, routed)       2.811     3.027    design_1_i/axi_dma_0/U0/I_RST_MODULE/REG_HRD_RST/s_axi_lite_aclk
    SLICE_X14Y76         FDRE                                         r  design_1_i/axi_dma_0/U0/I_RST_MODULE/REG_HRD_RST/GENERATE_LEVEL_P_S_CDC.SINGLE_BIT.CROSS_PLEVEL_IN2SCNDRY_IN_cdc_to/C

Slack:                    inf
  Source:                 design_1_i/axi_smc_2/inst/clk_map/psr_aclk/U0/ACTIVE_LOW_BSR_OUT_DFF[0].FDRE_BSR_N/C
                            (rising edge-triggered cell FDRE clocked by clk_pl_0  {rise@0.000ns fall@17.000ns period=34.000ns})
  Destination:            <hidden>
                            (recovery check against rising-edge clock clk_pl_0  {rise@0.000ns fall@17.000ns period=34.000ns})
  Path Group:             (none)
  Path Type:              Recovery (Max at Slow Process Corner)
  Data Path Delay:        1.912ns  (logic 0.113ns (5.909%)  route 1.799ns (94.091%))
  Logic Levels:           0  
  Clock Path Skew:        -0.376ns (DCD - SCD + CPR)
    Destination Clock Delay (DCD):    3.049ns
    Source Clock Delay      (SCD):    3.425ns
    Clock Pessimism Removal (CPR):    0.000ns
  Clock Uncertainty:      0.262ns  ((TSJ^2 + DJ^2)^1/2) / 2 + PE
    Total System Jitter     (TSJ):    0.071ns
    Discrete Jitter          (DJ):    0.520ns
    Phase Error              (PE):    0.000ns
  Clock Net Delay (Source):      3.158ns (routing 1.584ns, distribution 1.574ns)
  Clock Net Delay (Destination): 2.833ns (routing 1.450ns, distribution 1.383ns)
  Timing Exception:       False Path

    Location             Delay type                Incr(ns)  Path(ns)    Netlist Resource(s)
  -------------------------------------------------------------------    -------------------
                         (clock clk_pl_0 rise edge)
                                                      0.000     0.000 r  
    PS8_X0Y0             PS8                          0.000     0.000 r  design_1_i/zynq_ultra_ps_e_0/inst/PS8_i/PLCLK[0]
                         net (fo=1, routed)           0.229     0.229    design_1_i/zynq_ultra_ps_e_0/inst/pl_clk_unbuffered[0]
    BUFG_PS_X0Y80        BUFG_PS (Prop_BUFG_PS_I_O)
                                                      0.038     0.267 r  design_1_i/zynq_ultra_ps_e_0/inst/buffer_pl_clk_0.PL_CLK_0_BUFG/O
    X1Y1 (CLOCK_ROOT)    net (fo=10238, routed)       3.158     3.425    design_1_i/axi_smc_2/inst/clk_map/psr_aclk/U0/aclk
    SLICE_X0Y235         FDRE                                         r  design_1_i/axi_smc_2/inst/clk_map/psr_aclk/U0/ACTIVE_LOW_BSR_OUT_DFF[0].FDRE_BSR_N/C
  -------------------------------------------------------------------    -------------------
    SLICE_X0Y235         FDRE (Prop_HFF_SLICEL_C_Q)
                                                      0.113     3.538 r  design_1_i/axi_smc_2/inst/clk_map/psr_aclk/U0/ACTIVE_LOW_BSR_OUT_DFF[0].FDRE_BSR_N/Q
                         net (fo=21, routed)          1.799     5.337    <hidden>
    SLICE_X3Y82          FDCE                                         f  <hidden>  (IS_INVERTED)
  -------------------------------------------------------------------    -------------------

                         (clock clk_pl_0 rise edge)
                                                      0.000     0.000 r  
    PS8_X0Y0             PS8                          0.000     0.000 r  design_1_i/zynq_ultra_ps_e_0/inst/PS8_i/PLCLK[0]
                         net (fo=1, routed)           0.181     0.181    design_1_i/zynq_ultra_ps_e_0/inst/pl_clk_unbuffered[0]
    BUFG_PS_X0Y80        BUFG_PS (Prop_BUFG_PS_I_O)
                                                      0.035     0.216 r  design_1_i/zynq_ultra_ps_e_0/inst/buffer_pl_clk_0.PL_CLK_0_BUFG/O
    X1Y1 (CLOCK_ROOT)    net (fo=10238, routed)       2.833     3.049    <hidden>
    SLICE_X3Y82          FDCE                                         r  <hidden>

Slack:                    inf
  Source:                 design_1_i/axi_smc_2/inst/clk_map/psr_aclk/U0/ACTIVE_LOW_BSR_OUT_DFF[0].FDRE_BSR_N/C
                            (rising edge-triggered cell FDRE clocked by clk_pl_0  {rise@0.000ns fall@17.000ns period=34.000ns})
  Destination:            <hidden>
                            (recovery check against rising-edge clock clk_pl_0  {rise@0.000ns fall@17.000ns period=34.000ns})
  Path Group:             (none)
  Path Type:              Recovery (Max at Slow Process Corner)
  Data Path Delay:        1.912ns  (logic 0.113ns (5.909%)  route 1.799ns (94.091%))
  Logic Levels:           0  
  Clock Path Skew:        -0.376ns (DCD - SCD + CPR)
    Destination Clock Delay (DCD):    3.049ns
    Source Clock Delay      (SCD):    3.425ns
    Clock Pessimism Removal (CPR):    0.000ns
  Clock Uncertainty:      0.262ns  ((TSJ^2 + DJ^2)^1/2) / 2 + PE
    Total System Jitter     (TSJ):    0.071ns
    Discrete Jitter          (DJ):    0.520ns
    Phase Error              (PE):    0.000ns
  Clock Net Delay (Source):      3.158ns (routing 1.584ns, distribution 1.574ns)
  Clock Net Delay (Destination): 2.833ns (routing 1.450ns, distribution 1.383ns)
  Timing Exception:       False Path

    Location             Delay type                Incr(ns)  Path(ns)    Netlist Resource(s)
  -------------------------------------------------------------------    -------------------
                         (clock clk_pl_0 rise edge)
                                                      0.000     0.000 r  
    PS8_X0Y0             PS8                          0.000     0.000 r  design_1_i/zynq_ultra_ps_e_0/inst/PS8_i/PLCLK[0]
                         net (fo=1, routed)           0.229     0.229    design_1_i/zynq_ultra_ps_e_0/inst/pl_clk_unbuffered[0]
    BUFG_PS_X0Y80        BUFG_PS (Prop_BUFG_PS_I_O)
                                                      0.038     0.267 r  design_1_i/zynq_ultra_ps_e_0/inst/buffer_pl_clk_0.PL_CLK_0_BUFG/O
    X1Y1 (CLOCK_ROOT)    net (fo=10238, routed)       3.158     3.425    design_1_i/axi_smc_2/inst/clk_map/psr_aclk/U0/aclk
    SLICE_X0Y235         FDRE                                         r  design_1_i/axi_smc_2/inst/clk_map/psr_aclk/U0/ACTIVE_LOW_BSR_OUT_DFF[0].FDRE_BSR_N/C
  -------------------------------------------------------------------    -------------------
    SLICE_X0Y235         FDRE (Prop_HFF_SLICEL_C_Q)
                                                      0.113     3.538 r  design_1_i/axi_smc_2/inst/clk_map/psr_aclk/U0/ACTIVE_LOW_BSR_OUT_DFF[0].FDRE_BSR_N/Q
                         net (fo=21, routed)          1.799     5.337    <hidden>
    SLICE_X3Y82          FDCE                                         f  <hidden>  (IS_INVERTED)
  -------------------------------------------------------------------    -------------------

                         (clock clk_pl_0 rise edge)
                                                      0.000     0.000 r  
    PS8_X0Y0             PS8                          0.000     0.000 r  design_1_i/zynq_ultra_ps_e_0/inst/PS8_i/PLCLK[0]
                         net (fo=1, routed)           0.181     0.181    design_1_i/zynq_ultra_ps_e_0/inst/pl_clk_unbuffered[0]
    BUFG_PS_X0Y80        BUFG_PS (Prop_BUFG_PS_I_O)
                                                      0.035     0.216 r  design_1_i/zynq_ultra_ps_e_0/inst/buffer_pl_clk_0.PL_CLK_0_BUFG/O
    X1Y1 (CLOCK_ROOT)    net (fo=10238, routed)       2.833     3.049    <hidden>
    SLICE_X3Y82          FDCE                                         r  <hidden>

Slack:                    inf
  Source:                 design_1_i/axi_smc_2/inst/clk_map/psr_aclk/U0/ACTIVE_LOW_BSR_OUT_DFF[0].FDRE_BSR_N/C
                            (rising edge-triggered cell FDRE clocked by clk_pl_0  {rise@0.000ns fall@17.000ns period=34.000ns})
  Destination:            <hidden>
                            (recovery check against rising-edge clock clk_pl_0  {rise@0.000ns fall@17.000ns period=34.000ns})
  Path Group:             (none)
  Path Type:              Recovery (Max at Slow Process Corner)
  Data Path Delay:        1.912ns  (logic 0.113ns (5.909%)  route 1.799ns (94.091%))
  Logic Levels:           0  
  Clock Path Skew:        -0.376ns (DCD - SCD + CPR)
    Destination Clock Delay (DCD):    3.049ns
    Source Clock Delay      (SCD):    3.425ns
    Clock Pessimism Removal (CPR):    0.000ns
  Clock Uncertainty:      0.262ns  ((TSJ^2 + DJ^2)^1/2) / 2 + PE
    Total System Jitter     (TSJ):    0.071ns
    Discrete Jitter          (DJ):    0.520ns
    Phase Error              (PE):    0.000ns
  Clock Net Delay (Source):      3.158ns (routing 1.584ns, distribution 1.574ns)
  Clock Net Delay (Destination): 2.833ns (routing 1.450ns, distribution 1.383ns)
  Timing Exception:       False Path

    Location             Delay type                Incr(ns)  Path(ns)    Netlist Resource(s)
  -------------------------------------------------------------------    -------------------
                         (clock clk_pl_0 rise edge)
                                                      0.000     0.000 r  
    PS8_X0Y0             PS8                          0.000     0.000 r  design_1_i/zynq_ultra_ps_e_0/inst/PS8_i/PLCLK[0]
                         net (fo=1, routed)           0.229     0.229    design_1_i/zynq_ultra_ps_e_0/inst/pl_clk_unbuffered[0]
    BUFG_PS_X0Y80        BUFG_PS (Prop_BUFG_PS_I_O)
                                                      0.038     0.267 r  design_1_i/zynq_ultra_ps_e_0/inst/buffer_pl_clk_0.PL_CLK_0_BUFG/O
    X1Y1 (CLOCK_ROOT)    net (fo=10238, routed)       3.158     3.425    design_1_i/axi_smc_2/inst/clk_map/psr_aclk/U0/aclk
    SLICE_X0Y235         FDRE                                         r  design_1_i/axi_smc_2/inst/clk_map/psr_aclk/U0/ACTIVE_LOW_BSR_OUT_DFF[0].FDRE_BSR_N/C
  -------------------------------------------------------------------    -------------------
    SLICE_X0Y235         FDRE (Prop_HFF_SLICEL_C_Q)
                                                      0.113     3.538 r  design_1_i/axi_smc_2/inst/clk_map/psr_aclk/U0/ACTIVE_LOW_BSR_OUT_DFF[0].FDRE_BSR_N/Q
                         net (fo=21, routed)          1.799     5.337    <hidden>
    SLICE_X3Y82          FDCE                                         f  <hidden>  (IS_INVERTED)
  -------------------------------------------------------------------    -------------------

                         (clock clk_pl_0 rise edge)
                                                      0.000     0.000 r  
    PS8_X0Y0             PS8                          0.000     0.000 r  design_1_i/zynq_ultra_ps_e_0/inst/PS8_i/PLCLK[0]
                         net (fo=1, routed)           0.181     0.181    design_1_i/zynq_ultra_ps_e_0/inst/pl_clk_unbuffered[0]
    BUFG_PS_X0Y80        BUFG_PS (Prop_BUFG_PS_I_O)
                                                      0.035     0.216 r  design_1_i/zynq_ultra_ps_e_0/inst/buffer_pl_clk_0.PL_CLK_0_BUFG/O
    X1Y1 (CLOCK_ROOT)    net (fo=10238, routed)       2.833     3.049    <hidden>
    SLICE_X3Y82          FDCE                                         r  <hidden>

Slack:                    inf
  Source:                 design_1_i/axi_smc_2/inst/clk_map/psr_aclk/U0/ACTIVE_LOW_BSR_OUT_DFF[0].FDRE_BSR_N/C
                            (rising edge-triggered cell FDRE clocked by clk_pl_0  {rise@0.000ns fall@17.000ns period=34.000ns})
  Destination:            <hidden>
                            (recovery check against rising-edge clock clk_pl_0  {rise@0.000ns fall@17.000ns period=34.000ns})
  Path Group:             (none)
  Path Type:              Recovery (Max at Slow Process Corner)
  Data Path Delay:        1.844ns  (logic 0.113ns (6.127%)  route 1.731ns (93.873%))
  Logic Levels:           0  
  Clock Path Skew:        -0.401ns (DCD - SCD + CPR)
    Destination Clock Delay (DCD):    3.024ns
    Source Clock Delay      (SCD):    3.425ns
    Clock Pessimism Removal (CPR):    0.000ns
  Clock Uncertainty:      0.262ns  ((TSJ^2 + DJ^2)^1/2) / 2 + PE
    Total System Jitter     (TSJ):    0.071ns
    Discrete Jitter          (DJ):    0.520ns
    Phase Error              (PE):    0.000ns
  Clock Net Delay (Source):      3.158ns (routing 1.584ns, distribution 1.574ns)
  Clock Net Delay (Destination): 2.808ns (routing 1.450ns, distribution 1.358ns)
  Timing Exception:       False Path

    Location             Delay type                Incr(ns)  Path(ns)    Netlist Resource(s)
  -------------------------------------------------------------------    -------------------
                         (clock clk_pl_0 rise edge)
                                                      0.000     0.000 r  
    PS8_X0Y0             PS8                          0.000     0.000 r  design_1_i/zynq_ultra_ps_e_0/inst/PS8_i/PLCLK[0]
                         net (fo=1, routed)           0.229     0.229    design_1_i/zynq_ultra_ps_e_0/inst/pl_clk_unbuffered[0]
    BUFG_PS_X0Y80        BUFG_PS (Prop_BUFG_PS_I_O)
                                                      0.038     0.267 r  design_1_i/zynq_ultra_ps_e_0/inst/buffer_pl_clk_0.PL_CLK_0_BUFG/O
    X1Y1 (CLOCK_ROOT)    net (fo=10238, routed)       3.158     3.425    design_1_i/axi_smc_2/inst/clk_map/psr_aclk/U0/aclk
    SLICE_X0Y235         FDRE                                         r  design_1_i/axi_smc_2/inst/clk_map/psr_aclk/U0/ACTIVE_LOW_BSR_OUT_DFF[0].FDRE_BSR_N/C
  -------------------------------------------------------------------    -------------------
    SLICE_X0Y235         FDRE (Prop_HFF_SLICEL_C_Q)
                                                      0.113     3.538 r  design_1_i/axi_smc_2/inst/clk_map/psr_aclk/U0/ACTIVE_LOW_BSR_OUT_DFF[0].FDRE_BSR_N/Q
                         net (fo=21, routed)          1.731     5.269    <hidden>
    SLICE_X1Y90          FDCE                                         f  <hidden>  (IS_INVERTED)
  -------------------------------------------------------------------    -------------------

                         (clock clk_pl_0 rise edge)
                                                      0.000     0.000 r  
    PS8_X0Y0             PS8                          0.000     0.000 r  design_1_i/zynq_ultra_ps_e_0/inst/PS8_i/PLCLK[0]
                         net (fo=1, routed)           0.181     0.181    design_1_i/zynq_ultra_ps_e_0/inst/pl_clk_unbuffered[0]
    BUFG_PS_X0Y80        BUFG_PS (Prop_BUFG_PS_I_O)
                                                      0.035     0.216 r  design_1_i/zynq_ultra_ps_e_0/inst/buffer_pl_clk_0.PL_CLK_0_BUFG/O
    X1Y1 (CLOCK_ROOT)    net (fo=10238, routed)       2.808     3.024    <hidden>
    SLICE_X1Y90          FDCE                                         r  <hidden>

Slack:                    inf
  Source:                 design_1_i/axi_smc_2/inst/clk_map/psr_aclk/U0/ACTIVE_LOW_BSR_OUT_DFF[0].FDRE_BSR_N/C
                            (rising edge-triggered cell FDRE clocked by clk_pl_0  {rise@0.000ns fall@17.000ns period=34.000ns})
  Destination:            <hidden>
                            (recovery check against rising-edge clock clk_pl_0  {rise@0.000ns fall@17.000ns period=34.000ns})
  Path Group:             (none)
  Path Type:              Recovery (Max at Slow Process Corner)
  Data Path Delay:        1.844ns  (logic 0.113ns (6.127%)  route 1.731ns (93.873%))
  Logic Levels:           0  
  Clock Path Skew:        -0.401ns (DCD - SCD + CPR)
    Destination Clock Delay (DCD):    3.024ns
    Source Clock Delay      (SCD):    3.425ns
    Clock Pessimism Removal (CPR):    0.000ns
  Clock Uncertainty:      0.262ns  ((TSJ^2 + DJ^2)^1/2) / 2 + PE
    Total System Jitter     (TSJ):    0.071ns
    Discrete Jitter          (DJ):    0.520ns
    Phase Error              (PE):    0.000ns
  Clock Net Delay (Source):      3.158ns (routing 1.584ns, distribution 1.574ns)
  Clock Net Delay (Destination): 2.808ns (routing 1.450ns, distribution 1.358ns)
  Timing Exception:       False Path

    Location             Delay type                Incr(ns)  Path(ns)    Netlist Resource(s)
  -------------------------------------------------------------------    -------------------
                         (clock clk_pl_0 rise edge)
                                                      0.000     0.000 r  
    PS8_X0Y0             PS8                          0.000     0.000 r  design_1_i/zynq_ultra_ps_e_0/inst/PS8_i/PLCLK[0]
                         net (fo=1, routed)           0.229     0.229    design_1_i/zynq_ultra_ps_e_0/inst/pl_clk_unbuffered[0]
    BUFG_PS_X0Y80        BUFG_PS (Prop_BUFG_PS_I_O)
                                                      0.038     0.267 r  design_1_i/zynq_ultra_ps_e_0/inst/buffer_pl_clk_0.PL_CLK_0_BUFG/O
    X1Y1 (CLOCK_ROOT)    net (fo=10238, routed)       3.158     3.425    design_1_i/axi_smc_2/inst/clk_map/psr_aclk/U0/aclk
    SLICE_X0Y235         FDRE                                         r  design_1_i/axi_smc_2/inst/clk_map/psr_aclk/U0/ACTIVE_LOW_BSR_OUT_DFF[0].FDRE_BSR_N/C
  -------------------------------------------------------------------    -------------------
    SLICE_X0Y235         FDRE (Prop_HFF_SLICEL_C_Q)
                                                      0.113     3.538 r  design_1_i/axi_smc_2/inst/clk_map/psr_aclk/U0/ACTIVE_LOW_BSR_OUT_DFF[0].FDRE_BSR_N/Q
                         net (fo=21, routed)          1.731     5.269    <hidden>
    SLICE_X1Y90          FDCE                                         f  <hidden>  (IS_INVERTED)
  -------------------------------------------------------------------    -------------------

                         (clock clk_pl_0 rise edge)
                                                      0.000     0.000 r  
    PS8_X0Y0             PS8                          0.000     0.000 r  design_1_i/zynq_ultra_ps_e_0/inst/PS8_i/PLCLK[0]
                         net (fo=1, routed)           0.181     0.181    design_1_i/zynq_ultra_ps_e_0/inst/pl_clk_unbuffered[0]
    BUFG_PS_X0Y80        BUFG_PS (Prop_BUFG_PS_I_O)
                                                      0.035     0.216 r  design_1_i/zynq_ultra_ps_e_0/inst/buffer_pl_clk_0.PL_CLK_0_BUFG/O
    X1Y1 (CLOCK_ROOT)    net (fo=10238, routed)       2.808     3.024    <hidden>
    SLICE_X1Y90          FDCE                                         r  <hidden>

Slack:                    inf
  Source:                 design_1_i/axi_smc_2/inst/clk_map/psr_aclk/U0/ACTIVE_LOW_BSR_OUT_DFF[0].FDRE_BSR_N/C
                            (rising edge-triggered cell FDRE clocked by clk_pl_0  {rise@0.000ns fall@17.000ns period=34.000ns})
  Destination:            <hidden>
                            (recovery check against rising-edge clock clk_pl_0  {rise@0.000ns fall@17.000ns period=34.000ns})
  Path Group:             (none)
  Path Type:              Recovery (Max at Slow Process Corner)
  Data Path Delay:        1.844ns  (logic 0.113ns (6.127%)  route 1.731ns (93.873%))
  Logic Levels:           0  
  Clock Path Skew:        -0.401ns (DCD - SCD + CPR)
    Destination Clock Delay (DCD):    3.024ns
    Source Clock Delay      (SCD):    3.425ns
    Clock Pessimism Removal (CPR):    0.000ns
  Clock Uncertainty:      0.262ns  ((TSJ^2 + DJ^2)^1/2) / 2 + PE
    Total System Jitter     (TSJ):    0.071ns
    Discrete Jitter          (DJ):    0.520ns
    Phase Error              (PE):    0.000ns
  Clock Net Delay (Source):      3.158ns (routing 1.584ns, distribution 1.574ns)
  Clock Net Delay (Destination): 2.808ns (routing 1.450ns, distribution 1.358ns)
  Timing Exception:       False Path

    Location             Delay type                Incr(ns)  Path(ns)    Netlist Resource(s)
  -------------------------------------------------------------------    -------------------
                         (clock clk_pl_0 rise edge)
                                                      0.000     0.000 r  
    PS8_X0Y0             PS8                          0.000     0.000 r  design_1_i/zynq_ultra_ps_e_0/inst/PS8_i/PLCLK[0]
                         net (fo=1, routed)           0.229     0.229    design_1_i/zynq_ultra_ps_e_0/inst/pl_clk_unbuffered[0]
    BUFG_PS_X0Y80        BUFG_PS (Prop_BUFG_PS_I_O)
                                                      0.038     0.267 r  design_1_i/zynq_ultra_ps_e_0/inst/buffer_pl_clk_0.PL_CLK_0_BUFG/O
    X1Y1 (CLOCK_ROOT)    net (fo=10238, routed)       3.158     3.425    design_1_i/axi_smc_2/inst/clk_map/psr_aclk/U0/aclk
    SLICE_X0Y235         FDRE                                         r  design_1_i/axi_smc_2/inst/clk_map/psr_aclk/U0/ACTIVE_LOW_BSR_OUT_DFF[0].FDRE_BSR_N/C
  -------------------------------------------------------------------    -------------------
    SLICE_X0Y235         FDRE (Prop_HFF_SLICEL_C_Q)
                                                      0.113     3.538 r  design_1_i/axi_smc_2/inst/clk_map/psr_aclk/U0/ACTIVE_LOW_BSR_OUT_DFF[0].FDRE_BSR_N/Q
                         net (fo=21, routed)          1.731     5.269    <hidden>
    SLICE_X1Y90          FDCE                                         f  <hidden>  (IS_INVERTED)
  -------------------------------------------------------------------    -------------------

                         (clock clk_pl_0 rise edge)
                                                      0.000     0.000 r  
    PS8_X0Y0             PS8                          0.000     0.000 r  design_1_i/zynq_ultra_ps_e_0/inst/PS8_i/PLCLK[0]
                         net (fo=1, routed)           0.181     0.181    design_1_i/zynq_ultra_ps_e_0/inst/pl_clk_unbuffered[0]
    BUFG_PS_X0Y80        BUFG_PS (Prop_BUFG_PS_I_O)
                                                      0.035     0.216 r  design_1_i/zynq_ultra_ps_e_0/inst/buffer_pl_clk_0.PL_CLK_0_BUFG/O
    X1Y1 (CLOCK_ROOT)    net (fo=10238, routed)       2.808     3.024    <hidden>
    SLICE_X1Y90          FDCE                                         r  <hidden>





Min Delay Paths
--------------------------------------------------------------------------------------
Slack:                    inf
  Source:                 design_1_i/axi_smc/inst/clk_map/psr_aclk/U0/ACTIVE_LOW_BSR_OUT_DFF[0].FDRE_BSR_N/C
                            (rising edge-triggered cell FDRE clocked by clk_pl_0  {rise@0.000ns fall@17.000ns period=34.000ns})
  Destination:            <hidden>
                            (removal check against rising-edge clock clk_pl_0  {rise@0.000ns fall@17.000ns period=34.000ns})
  Path Group:             (none)
  Path Type:              Removal (Min at Fast Process Corner)
  Data Path Delay:        0.204ns  (logic 0.083ns (40.664%)  route 0.121ns (59.335%))
  Logic Levels:           0  
  Clock Path Skew:        0.189ns (DCD - SCD - CPR)
    Destination Clock Delay (DCD):    2.051ns
    Source Clock Delay      (SCD):    1.863ns
    Clock Pessimism Removal (CPR):    -0.000ns
  Clock Uncertainty:      0.262ns  ((TSJ^2 + DJ^2)^1/2) / 2 + PE
    Total System Jitter     (TSJ):    0.071ns
    Discrete Jitter          (DJ):    0.520ns
    Phase Error              (PE):    0.000ns
  Clock Net Delay (Source):      1.712ns (routing 0.886ns, distribution 0.826ns)
  Clock Net Delay (Destination): 1.864ns (routing 0.971ns, distribution 0.893ns)
  Timing Exception:       False Path

    Location             Delay type                Incr(ns)  Path(ns)    Netlist Resource(s)
  -------------------------------------------------------------------    -------------------
                         (clock clk_pl_0 rise edge)
                                                      0.000     0.000 r  
    PS8_X0Y0             PS8                          0.000     0.000 r  design_1_i/zynq_ultra_ps_e_0/inst/PS8_i/PLCLK[0]
                         net (fo=1, routed)           0.129     0.129    design_1_i/zynq_ultra_ps_e_0/inst/pl_clk_unbuffered[0]
    BUFG_PS_X0Y80        BUFG_PS (Prop_BUFG_PS_I_O)
                                                      0.022     0.151 r  design_1_i/zynq_ultra_ps_e_0/inst/buffer_pl_clk_0.PL_CLK_0_BUFG/O
    X1Y1 (CLOCK_ROOT)    net (fo=10238, routed)       1.712     1.863    design_1_i/axi_smc/inst/clk_map/psr_aclk/U0/aclk
    SLICE_X13Y68         FDRE                                         r  design_1_i/axi_smc/inst/clk_map/psr_aclk/U0/ACTIVE_LOW_BSR_OUT_DFF[0].FDRE_BSR_N/C
  -------------------------------------------------------------------    -------------------
    SLICE_X13Y68         FDRE (Prop_HFF_SLICEM_C_Q)
                                                      0.083     1.946 r  design_1_i/axi_smc/inst/clk_map/psr_aclk/U0/ACTIVE_LOW_BSR_OUT_DFF[0].FDRE_BSR_N/Q
                         net (fo=75, routed)          0.121     2.067    <hidden>
    SLICE_X11Y64         FDCE                                         f  <hidden>  (IS_INVERTED)
  -------------------------------------------------------------------    -------------------

                         (clock clk_pl_0 rise edge)
                                                      0.000     0.000 r  
    PS8_X0Y0             PS8                          0.000     0.000 r  design_1_i/zynq_ultra_ps_e_0/inst/PS8_i/PLCLK[0]
                         net (fo=1, routed)           0.164     0.164    design_1_i/zynq_ultra_ps_e_0/inst/pl_clk_unbuffered[0]
    BUFG_PS_X0Y80        BUFG_PS (Prop_BUFG_PS_I_O)
                                                      0.023     0.187 r  design_1_i/zynq_ultra_ps_e_0/inst/buffer_pl_clk_0.PL_CLK_0_BUFG/O
    X1Y1 (CLOCK_ROOT)    net (fo=10238, routed)       1.864     2.051    <hidden>
    SLICE_X11Y64         FDCE                                         r  <hidden>

Slack:                    inf
  Source:                 design_1_i/axi_smc/inst/clk_map/psr_aclk/U0/ACTIVE_LOW_BSR_OUT_DFF[0].FDRE_BSR_N/C
                            (rising edge-triggered cell FDRE clocked by clk_pl_0  {rise@0.000ns fall@17.000ns period=34.000ns})
  Destination:            <hidden>
                            (removal check against rising-edge clock clk_pl_0  {rise@0.000ns fall@17.000ns period=34.000ns})
  Path Group:             (none)
  Path Type:              Removal (Min at Fast Process Corner)
  Data Path Delay:        0.204ns  (logic 0.083ns (40.664%)  route 0.121ns (59.335%))
  Logic Levels:           0  
  Clock Path Skew:        0.189ns (DCD - SCD - CPR)
    Destination Clock Delay (DCD):    2.051ns
    Source Clock Delay      (SCD):    1.863ns
    Clock Pessimism Removal (CPR):    -0.000ns
  Clock Uncertainty:      0.262ns  ((TSJ^2 + DJ^2)^1/2) / 2 + PE
    Total System Jitter     (TSJ):    0.071ns
    Discrete Jitter          (DJ):    0.520ns
    Phase Error              (PE):    0.000ns
  Clock Net Delay (Source):      1.712ns (routing 0.886ns, distribution 0.826ns)
  Clock Net Delay (Destination): 1.864ns (routing 0.971ns, distribution 0.893ns)
  Timing Exception:       False Path

    Location             Delay type                Incr(ns)  Path(ns)    Netlist Resource(s)
  -------------------------------------------------------------------    -------------------
                         (clock clk_pl_0 rise edge)
                                                      0.000     0.000 r  
    PS8_X0Y0             PS8                          0.000     0.000 r  design_1_i/zynq_ultra_ps_e_0/inst/PS8_i/PLCLK[0]
                         net (fo=1, routed)           0.129     0.129    design_1_i/zynq_ultra_ps_e_0/inst/pl_clk_unbuffered[0]
    BUFG_PS_X0Y80        BUFG_PS (Prop_BUFG_PS_I_O)
                                                      0.022     0.151 r  design_1_i/zynq_ultra_ps_e_0/inst/buffer_pl_clk_0.PL_CLK_0_BUFG/O
    X1Y1 (CLOCK_ROOT)    net (fo=10238, routed)       1.712     1.863    design_1_i/axi_smc/inst/clk_map/psr_aclk/U0/aclk
    SLICE_X13Y68         FDRE                                         r  design_1_i/axi_smc/inst/clk_map/psr_aclk/U0/ACTIVE_LOW_BSR_OUT_DFF[0].FDRE_BSR_N/C
  -------------------------------------------------------------------    -------------------
    SLICE_X13Y68         FDRE (Prop_HFF_SLICEM_C_Q)
                                                      0.083     1.946 r  design_1_i/axi_smc/inst/clk_map/psr_aclk/U0/ACTIVE_LOW_BSR_OUT_DFF[0].FDRE_BSR_N/Q
                         net (fo=75, routed)          0.121     2.067    <hidden>
    SLICE_X11Y64         FDCE                                         f  <hidden>  (IS_INVERTED)
  -------------------------------------------------------------------    -------------------

                         (clock clk_pl_0 rise edge)
                                                      0.000     0.000 r  
    PS8_X0Y0             PS8                          0.000     0.000 r  design_1_i/zynq_ultra_ps_e_0/inst/PS8_i/PLCLK[0]
                         net (fo=1, routed)           0.164     0.164    design_1_i/zynq_ultra_ps_e_0/inst/pl_clk_unbuffered[0]
    BUFG_PS_X0Y80        BUFG_PS (Prop_BUFG_PS_I_O)
                                                      0.023     0.187 r  design_1_i/zynq_ultra_ps_e_0/inst/buffer_pl_clk_0.PL_CLK_0_BUFG/O
    X1Y1 (CLOCK_ROOT)    net (fo=10238, routed)       1.864     2.051    <hidden>
    SLICE_X11Y64         FDCE                                         r  <hidden>

Slack:                    inf
  Source:                 design_1_i/axi_smc/inst/clk_map/psr_aclk/U0/ACTIVE_LOW_BSR_OUT_DFF[0].FDRE_BSR_N/C
                            (rising edge-triggered cell FDRE clocked by clk_pl_0  {rise@0.000ns fall@17.000ns period=34.000ns})
  Destination:            <hidden>
                            (removal check against rising-edge clock clk_pl_0  {rise@0.000ns fall@17.000ns period=34.000ns})
  Path Group:             (none)
  Path Type:              Removal (Min at Fast Process Corner)
  Data Path Delay:        0.204ns  (logic 0.083ns (40.664%)  route 0.121ns (59.335%))
  Logic Levels:           0  
  Clock Path Skew:        0.189ns (DCD - SCD - CPR)
    Destination Clock Delay (DCD):    2.051ns
    Source Clock Delay      (SCD):    1.863ns
    Clock Pessimism Removal (CPR):    -0.000ns
  Clock Uncertainty:      0.262ns  ((TSJ^2 + DJ^2)^1/2) / 2 + PE
    Total System Jitter     (TSJ):    0.071ns
    Discrete Jitter          (DJ):    0.520ns
    Phase Error              (PE):    0.000ns
  Clock Net Delay (Source):      1.712ns (routing 0.886ns, distribution 0.826ns)
  Clock Net Delay (Destination): 1.864ns (routing 0.971ns, distribution 0.893ns)
  Timing Exception:       False Path

    Location             Delay type                Incr(ns)  Path(ns)    Netlist Resource(s)
  -------------------------------------------------------------------    -------------------
                         (clock clk_pl_0 rise edge)
                                                      0.000     0.000 r  
    PS8_X0Y0             PS8                          0.000     0.000 r  design_1_i/zynq_ultra_ps_e_0/inst/PS8_i/PLCLK[0]
                         net (fo=1, routed)           0.129     0.129    design_1_i/zynq_ultra_ps_e_0/inst/pl_clk_unbuffered[0]
    BUFG_PS_X0Y80        BUFG_PS (Prop_BUFG_PS_I_O)
                                                      0.022     0.151 r  design_1_i/zynq_ultra_ps_e_0/inst/buffer_pl_clk_0.PL_CLK_0_BUFG/O
    X1Y1 (CLOCK_ROOT)    net (fo=10238, routed)       1.712     1.863    design_1_i/axi_smc/inst/clk_map/psr_aclk/U0/aclk
    SLICE_X13Y68         FDRE                                         r  design_1_i/axi_smc/inst/clk_map/psr_aclk/U0/ACTIVE_LOW_BSR_OUT_DFF[0].FDRE_BSR_N/C
  -------------------------------------------------------------------    -------------------
    SLICE_X13Y68         FDRE (Prop_HFF_SLICEM_C_Q)
                                                      0.083     1.946 r  design_1_i/axi_smc/inst/clk_map/psr_aclk/U0/ACTIVE_LOW_BSR_OUT_DFF[0].FDRE_BSR_N/Q
                         net (fo=75, routed)          0.121     2.067    <hidden>
    SLICE_X11Y64         FDCE                                         f  <hidden>  (IS_INVERTED)
  -------------------------------------------------------------------    -------------------

                         (clock clk_pl_0 rise edge)
                                                      0.000     0.000 r  
    PS8_X0Y0             PS8                          0.000     0.000 r  design_1_i/zynq_ultra_ps_e_0/inst/PS8_i/PLCLK[0]
                         net (fo=1, routed)           0.164     0.164    design_1_i/zynq_ultra_ps_e_0/inst/pl_clk_unbuffered[0]
    BUFG_PS_X0Y80        BUFG_PS (Prop_BUFG_PS_I_O)
                                                      0.023     0.187 r  design_1_i/zynq_ultra_ps_e_0/inst/buffer_pl_clk_0.PL_CLK_0_BUFG/O
    X1Y1 (CLOCK_ROOT)    net (fo=10238, routed)       1.864     2.051    <hidden>
    SLICE_X11Y64         FDCE                                         r  <hidden>

Slack:                    inf
  Source:                 design_1_i/axi_smc_1/inst/clk_map/psr_aclk/U0/ACTIVE_LOW_BSR_OUT_DFF[0].FDRE_BSR_N/C
                            (rising edge-triggered cell FDRE clocked by clk_pl_0  {rise@0.000ns fall@17.000ns period=34.000ns})
  Destination:            <hidden>
                            (removal check against rising-edge clock clk_pl_0  {rise@0.000ns fall@17.000ns period=34.000ns})
  Path Group:             (none)
  Path Type:              Removal (Min at Fast Process Corner)
  Data Path Delay:        0.229ns  (logic 0.083ns (36.305%)  route 0.146ns (63.695%))
  Logic Levels:           0  
  Clock Path Skew:        0.187ns (DCD - SCD - CPR)
    Destination Clock Delay (DCD):    2.068ns
    Source Clock Delay      (SCD):    1.881ns
    Clock Pessimism Removal (CPR):    -0.000ns
  Clock Uncertainty:      0.262ns  ((TSJ^2 + DJ^2)^1/2) / 2 + PE
    Total System Jitter     (TSJ):    0.071ns
    Discrete Jitter          (DJ):    0.520ns
    Phase Error              (PE):    0.000ns
  Clock Net Delay (Source):      1.730ns (routing 0.886ns, distribution 0.844ns)
  Clock Net Delay (Destination): 1.881ns (routing 0.971ns, distribution 0.910ns)
  Timing Exception:       False Path

    Location             Delay type                Incr(ns)  Path(ns)    Netlist Resource(s)
  -------------------------------------------------------------------    -------------------
                         (clock clk_pl_0 rise edge)
                                                      0.000     0.000 r  
    PS8_X0Y0             PS8                          0.000     0.000 r  design_1_i/zynq_ultra_ps_e_0/inst/PS8_i/PLCLK[0]
                         net (fo=1, routed)           0.129     0.129    design_1_i/zynq_ultra_ps_e_0/inst/pl_clk_unbuffered[0]
    BUFG_PS_X0Y80        BUFG_PS (Prop_BUFG_PS_I_O)
                                                      0.022     0.151 r  design_1_i/zynq_ultra_ps_e_0/inst/buffer_pl_clk_0.PL_CLK_0_BUFG/O
    X1Y1 (CLOCK_ROOT)    net (fo=10238, routed)       1.730     1.881    design_1_i/axi_smc_1/inst/clk_map/psr_aclk/U0/aclk
    SLICE_X4Y57          FDRE                                         r  design_1_i/axi_smc_1/inst/clk_map/psr_aclk/U0/ACTIVE_LOW_BSR_OUT_DFF[0].FDRE_BSR_N/C
  -------------------------------------------------------------------    -------------------
    SLICE_X4Y57          FDRE (Prop_DFF_SLICEM_C_Q)
                                                      0.083     1.964 r  design_1_i/axi_smc_1/inst/clk_map/psr_aclk/U0/ACTIVE_LOW_BSR_OUT_DFF[0].FDRE_BSR_N/Q
                         net (fo=18, routed)          0.146     2.110    <hidden>
    SLICE_X2Y63          FDCE                                         f  <hidden>  (IS_INVERTED)
  -------------------------------------------------------------------    -------------------

                         (clock clk_pl_0 rise edge)
                                                      0.000     0.000 r  
    PS8_X0Y0             PS8                          0.000     0.000 r  design_1_i/zynq_ultra_ps_e_0/inst/PS8_i/PLCLK[0]
                         net (fo=1, routed)           0.164     0.164    design_1_i/zynq_ultra_ps_e_0/inst/pl_clk_unbuffered[0]
    BUFG_PS_X0Y80        BUFG_PS (Prop_BUFG_PS_I_O)
                                                      0.023     0.187 r  design_1_i/zynq_ultra_ps_e_0/inst/buffer_pl_clk_0.PL_CLK_0_BUFG/O
    X1Y1 (CLOCK_ROOT)    net (fo=10238, routed)       1.881     2.068    <hidden>
    SLICE_X2Y63          FDCE                                         r  <hidden>

Slack:                    inf
  Source:                 design_1_i/axi_smc_1/inst/clk_map/psr_aclk/U0/ACTIVE_LOW_BSR_OUT_DFF[0].FDRE_BSR_N/C
                            (rising edge-triggered cell FDRE clocked by clk_pl_0  {rise@0.000ns fall@17.000ns period=34.000ns})
  Destination:            <hidden>
                            (removal check against rising-edge clock clk_pl_0  {rise@0.000ns fall@17.000ns period=34.000ns})
  Path Group:             (none)
  Path Type:              Removal (Min at Fast Process Corner)
  Data Path Delay:        0.229ns  (logic 0.083ns (36.305%)  route 0.146ns (63.695%))
  Logic Levels:           0  
  Clock Path Skew:        0.187ns (DCD - SCD - CPR)
    Destination Clock Delay (DCD):    2.068ns
    Source Clock Delay      (SCD):    1.881ns
    Clock Pessimism Removal (CPR):    -0.000ns
  Clock Uncertainty:      0.262ns  ((TSJ^2 + DJ^2)^1/2) / 2 + PE
    Total System Jitter     (TSJ):    0.071ns
    Discrete Jitter          (DJ):    0.520ns
    Phase Error              (PE):    0.000ns
  Clock Net Delay (Source):      1.730ns (routing 0.886ns, distribution 0.844ns)
  Clock Net Delay (Destination): 1.881ns (routing 0.971ns, distribution 0.910ns)
  Timing Exception:       False Path

    Location             Delay type                Incr(ns)  Path(ns)    Netlist Resource(s)
  -------------------------------------------------------------------    -------------------
                         (clock clk_pl_0 rise edge)
                                                      0.000     0.000 r  
    PS8_X0Y0             PS8                          0.000     0.000 r  design_1_i/zynq_ultra_ps_e_0/inst/PS8_i/PLCLK[0]
                         net (fo=1, routed)           0.129     0.129    design_1_i/zynq_ultra_ps_e_0/inst/pl_clk_unbuffered[0]
    BUFG_PS_X0Y80        BUFG_PS (Prop_BUFG_PS_I_O)
                                                      0.022     0.151 r  design_1_i/zynq_ultra_ps_e_0/inst/buffer_pl_clk_0.PL_CLK_0_BUFG/O
    X1Y1 (CLOCK_ROOT)    net (fo=10238, routed)       1.730     1.881    design_1_i/axi_smc_1/inst/clk_map/psr_aclk/U0/aclk
    SLICE_X4Y57          FDRE                                         r  design_1_i/axi_smc_1/inst/clk_map/psr_aclk/U0/ACTIVE_LOW_BSR_OUT_DFF[0].FDRE_BSR_N/C
  -------------------------------------------------------------------    -------------------
    SLICE_X4Y57          FDRE (Prop_DFF_SLICEM_C_Q)
                                                      0.083     1.964 r  design_1_i/axi_smc_1/inst/clk_map/psr_aclk/U0/ACTIVE_LOW_BSR_OUT_DFF[0].FDRE_BSR_N/Q
                         net (fo=18, routed)          0.146     2.110    <hidden>
    SLICE_X2Y63          FDCE                                         f  <hidden>  (IS_INVERTED)
  -------------------------------------------------------------------    -------------------

                         (clock clk_pl_0 rise edge)
                                                      0.000     0.000 r  
    PS8_X0Y0             PS8                          0.000     0.000 r  design_1_i/zynq_ultra_ps_e_0/inst/PS8_i/PLCLK[0]
                         net (fo=1, routed)           0.164     0.164    design_1_i/zynq_ultra_ps_e_0/inst/pl_clk_unbuffered[0]
    BUFG_PS_X0Y80        BUFG_PS (Prop_BUFG_PS_I_O)
                                                      0.023     0.187 r  design_1_i/zynq_ultra_ps_e_0/inst/buffer_pl_clk_0.PL_CLK_0_BUFG/O
    X1Y1 (CLOCK_ROOT)    net (fo=10238, routed)       1.881     2.068    <hidden>
    SLICE_X2Y63          FDCE                                         r  <hidden>

Slack:                    inf
  Source:                 design_1_i/axi_smc_1/inst/clk_map/psr_aclk/U0/ACTIVE_LOW_BSR_OUT_DFF[0].FDRE_BSR_N/C
                            (rising edge-triggered cell FDRE clocked by clk_pl_0  {rise@0.000ns fall@17.000ns period=34.000ns})
  Destination:            <hidden>
                            (removal check against rising-edge clock clk_pl_0  {rise@0.000ns fall@17.000ns period=34.000ns})
  Path Group:             (none)
  Path Type:              Removal (Min at Fast Process Corner)
  Data Path Delay:        0.229ns  (logic 0.083ns (36.305%)  route 0.146ns (63.695%))
  Logic Levels:           0  
  Clock Path Skew:        0.187ns (DCD - SCD - CPR)
    Destination Clock Delay (DCD):    2.068ns
    Source Clock Delay      (SCD):    1.881ns
    Clock Pessimism Removal (CPR):    -0.000ns
  Clock Uncertainty:      0.262ns  ((TSJ^2 + DJ^2)^1/2) / 2 + PE
    Total System Jitter     (TSJ):    0.071ns
    Discrete Jitter          (DJ):    0.520ns
    Phase Error              (PE):    0.000ns
  Clock Net Delay (Source):      1.730ns (routing 0.886ns, distribution 0.844ns)
  Clock Net Delay (Destination): 1.881ns (routing 0.971ns, distribution 0.910ns)
  Timing Exception:       False Path

    Location             Delay type                Incr(ns)  Path(ns)    Netlist Resource(s)
  -------------------------------------------------------------------    -------------------
                         (clock clk_pl_0 rise edge)
                                                      0.000     0.000 r  
    PS8_X0Y0             PS8                          0.000     0.000 r  design_1_i/zynq_ultra_ps_e_0/inst/PS8_i/PLCLK[0]
                         net (fo=1, routed)           0.129     0.129    design_1_i/zynq_ultra_ps_e_0/inst/pl_clk_unbuffered[0]
    BUFG_PS_X0Y80        BUFG_PS (Prop_BUFG_PS_I_O)
                                                      0.022     0.151 r  design_1_i/zynq_ultra_ps_e_0/inst/buffer_pl_clk_0.PL_CLK_0_BUFG/O
    X1Y1 (CLOCK_ROOT)    net (fo=10238, routed)       1.730     1.881    design_1_i/axi_smc_1/inst/clk_map/psr_aclk/U0/aclk
    SLICE_X4Y57          FDRE                                         r  design_1_i/axi_smc_1/inst/clk_map/psr_aclk/U0/ACTIVE_LOW_BSR_OUT_DFF[0].FDRE_BSR_N/C
  -------------------------------------------------------------------    -------------------
    SLICE_X4Y57          FDRE (Prop_DFF_SLICEM_C_Q)
                                                      0.083     1.964 r  design_1_i/axi_smc_1/inst/clk_map/psr_aclk/U0/ACTIVE_LOW_BSR_OUT_DFF[0].FDRE_BSR_N/Q
                         net (fo=18, routed)          0.146     2.110    <hidden>
    SLICE_X2Y63          FDCE                                         f  <hidden>  (IS_INVERTED)
  -------------------------------------------------------------------    -------------------

                         (clock clk_pl_0 rise edge)
                                                      0.000     0.000 r  
    PS8_X0Y0             PS8                          0.000     0.000 r  design_1_i/zynq_ultra_ps_e_0/inst/PS8_i/PLCLK[0]
                         net (fo=1, routed)           0.164     0.164    design_1_i/zynq_ultra_ps_e_0/inst/pl_clk_unbuffered[0]
    BUFG_PS_X0Y80        BUFG_PS (Prop_BUFG_PS_I_O)
                                                      0.023     0.187 r  design_1_i/zynq_ultra_ps_e_0/inst/buffer_pl_clk_0.PL_CLK_0_BUFG/O
    X1Y1 (CLOCK_ROOT)    net (fo=10238, routed)       1.881     2.068    <hidden>
    SLICE_X2Y63          FDCE                                         r  <hidden>

Slack:                    inf
  Source:                 design_1_i/axi_smc_1/inst/clk_map/psr_aclk/U0/ACTIVE_LOW_BSR_OUT_DFF[0].FDRE_BSR_N/C
                            (rising edge-triggered cell FDRE clocked by clk_pl_0  {rise@0.000ns fall@17.000ns period=34.000ns})
  Destination:            <hidden>
                            (removal check against rising-edge clock clk_pl_0  {rise@0.000ns fall@17.000ns period=34.000ns})
  Path Group:             (none)
  Path Type:              Removal (Min at Fast Process Corner)
  Data Path Delay:        0.250ns  (logic 0.083ns (33.177%)  route 0.167ns (66.823%))
  Logic Levels:           0  
  Clock Path Skew:        0.194ns (DCD - SCD - CPR)
    Destination Clock Delay (DCD):    2.075ns
    Source Clock Delay      (SCD):    1.881ns
    Clock Pessimism Removal (CPR):    -0.000ns
  Clock Uncertainty:      0.262ns  ((TSJ^2 + DJ^2)^1/2) / 2 + PE
    Total System Jitter     (TSJ):    0.071ns
    Discrete Jitter          (DJ):    0.520ns
    Phase Error              (PE):    0.000ns
  Clock Net Delay (Source):      1.730ns (routing 0.886ns, distribution 0.844ns)
  Clock Net Delay (Destination): 1.888ns (routing 0.971ns, distribution 0.917ns)
  Timing Exception:       False Path

    Location             Delay type                Incr(ns)  Path(ns)    Netlist Resource(s)
  -------------------------------------------------------------------    -------------------
                         (clock clk_pl_0 rise edge)
                                                      0.000     0.000 r  
    PS8_X0Y0             PS8                          0.000     0.000 r  design_1_i/zynq_ultra_ps_e_0/inst/PS8_i/PLCLK[0]
                         net (fo=1, routed)           0.129     0.129    design_1_i/zynq_ultra_ps_e_0/inst/pl_clk_unbuffered[0]
    BUFG_PS_X0Y80        BUFG_PS (Prop_BUFG_PS_I_O)
                                                      0.022     0.151 r  design_1_i/zynq_ultra_ps_e_0/inst/buffer_pl_clk_0.PL_CLK_0_BUFG/O
    X1Y1 (CLOCK_ROOT)    net (fo=10238, routed)       1.730     1.881    design_1_i/axi_smc_1/inst/clk_map/psr_aclk/U0/aclk
    SLICE_X4Y57          FDRE                                         r  design_1_i/axi_smc_1/inst/clk_map/psr_aclk/U0/ACTIVE_LOW_BSR_OUT_DFF[0].FDRE_BSR_N/C
  -------------------------------------------------------------------    -------------------
    SLICE_X4Y57          FDRE (Prop_DFF_SLICEM_C_Q)
                                                      0.083     1.964 r  design_1_i/axi_smc_1/inst/clk_map/psr_aclk/U0/ACTIVE_LOW_BSR_OUT_DFF[0].FDRE_BSR_N/Q
                         net (fo=18, routed)          0.167     2.131    <hidden>
    SLICE_X3Y65          FDCE                                         f  <hidden>  (IS_INVERTED)
  -------------------------------------------------------------------    -------------------

                         (clock clk_pl_0 rise edge)
                                                      0.000     0.000 r  
    PS8_X0Y0             PS8                          0.000     0.000 r  design_1_i/zynq_ultra_ps_e_0/inst/PS8_i/PLCLK[0]
                         net (fo=1, routed)           0.164     0.164    design_1_i/zynq_ultra_ps_e_0/inst/pl_clk_unbuffered[0]
    BUFG_PS_X0Y80        BUFG_PS (Prop_BUFG_PS_I_O)
                                                      0.023     0.187 r  design_1_i/zynq_ultra_ps_e_0/inst/buffer_pl_clk_0.PL_CLK_0_BUFG/O
    X1Y1 (CLOCK_ROOT)    net (fo=10238, routed)       1.888     2.075    <hidden>
    SLICE_X3Y65          FDCE                                         r  <hidden>

Slack:                    inf
  Source:                 design_1_i/axi_smc_1/inst/clk_map/psr_aclk/U0/ACTIVE_LOW_BSR_OUT_DFF[0].FDRE_BSR_N/C
                            (rising edge-triggered cell FDRE clocked by clk_pl_0  {rise@0.000ns fall@17.000ns period=34.000ns})
  Destination:            <hidden>
                            (removal check against rising-edge clock clk_pl_0  {rise@0.000ns fall@17.000ns period=34.000ns})
  Path Group:             (none)
  Path Type:              Removal (Min at Fast Process Corner)
  Data Path Delay:        0.250ns  (logic 0.083ns (33.177%)  route 0.167ns (66.823%))
  Logic Levels:           0  
  Clock Path Skew:        0.194ns (DCD - SCD - CPR)
    Destination Clock Delay (DCD):    2.075ns
    Source Clock Delay      (SCD):    1.881ns
    Clock Pessimism Removal (CPR):    -0.000ns
  Clock Uncertainty:      0.262ns  ((TSJ^2 + DJ^2)^1/2) / 2 + PE
    Total System Jitter     (TSJ):    0.071ns
    Discrete Jitter          (DJ):    0.520ns
    Phase Error              (PE):    0.000ns
  Clock Net Delay (Source):      1.730ns (routing 0.886ns, distribution 0.844ns)
  Clock Net Delay (Destination): 1.888ns (routing 0.971ns, distribution 0.917ns)
  Timing Exception:       False Path

    Location             Delay type                Incr(ns)  Path(ns)    Netlist Resource(s)
  -------------------------------------------------------------------    -------------------
                         (clock clk_pl_0 rise edge)
                                                      0.000     0.000 r  
    PS8_X0Y0             PS8                          0.000     0.000 r  design_1_i/zynq_ultra_ps_e_0/inst/PS8_i/PLCLK[0]
                         net (fo=1, routed)           0.129     0.129    design_1_i/zynq_ultra_ps_e_0/inst/pl_clk_unbuffered[0]
    BUFG_PS_X0Y80        BUFG_PS (Prop_BUFG_PS_I_O)
                                                      0.022     0.151 r  design_1_i/zynq_ultra_ps_e_0/inst/buffer_pl_clk_0.PL_CLK_0_BUFG/O
    X1Y1 (CLOCK_ROOT)    net (fo=10238, routed)       1.730     1.881    design_1_i/axi_smc_1/inst/clk_map/psr_aclk/U0/aclk
    SLICE_X4Y57          FDRE                                         r  design_1_i/axi_smc_1/inst/clk_map/psr_aclk/U0/ACTIVE_LOW_BSR_OUT_DFF[0].FDRE_BSR_N/C
  -------------------------------------------------------------------    -------------------
    SLICE_X4Y57          FDRE (Prop_DFF_SLICEM_C_Q)
                                                      0.083     1.964 r  design_1_i/axi_smc_1/inst/clk_map/psr_aclk/U0/ACTIVE_LOW_BSR_OUT_DFF[0].FDRE_BSR_N/Q
                         net (fo=18, routed)          0.167     2.131    <hidden>
    SLICE_X3Y65          FDCE                                         f  <hidden>  (IS_INVERTED)
  -------------------------------------------------------------------    -------------------

                         (clock clk_pl_0 rise edge)
                                                      0.000     0.000 r  
    PS8_X0Y0             PS8                          0.000     0.000 r  design_1_i/zynq_ultra_ps_e_0/inst/PS8_i/PLCLK[0]
                         net (fo=1, routed)           0.164     0.164    design_1_i/zynq_ultra_ps_e_0/inst/pl_clk_unbuffered[0]
    BUFG_PS_X0Y80        BUFG_PS (Prop_BUFG_PS_I_O)
                                                      0.023     0.187 r  design_1_i/zynq_ultra_ps_e_0/inst/buffer_pl_clk_0.PL_CLK_0_BUFG/O
    X1Y1 (CLOCK_ROOT)    net (fo=10238, routed)       1.888     2.075    <hidden>
    SLICE_X3Y65          FDCE                                         r  <hidden>

Slack:                    inf
  Source:                 design_1_i/axi_smc_1/inst/clk_map/psr_aclk/U0/ACTIVE_LOW_BSR_OUT_DFF[0].FDRE_BSR_N/C
                            (rising edge-triggered cell FDRE clocked by clk_pl_0  {rise@0.000ns fall@17.000ns period=34.000ns})
  Destination:            <hidden>
                            (removal check against rising-edge clock clk_pl_0  {rise@0.000ns fall@17.000ns period=34.000ns})
  Path Group:             (none)
  Path Type:              Removal (Min at Fast Process Corner)
  Data Path Delay:        0.250ns  (logic 0.083ns (33.177%)  route 0.167ns (66.823%))
  Logic Levels:           0  
  Clock Path Skew:        0.194ns (DCD - SCD - CPR)
    Destination Clock Delay (DCD):    2.075ns
    Source Clock Delay      (SCD):    1.881ns
    Clock Pessimism Removal (CPR):    -0.000ns
  Clock Uncertainty:      0.262ns  ((TSJ^2 + DJ^2)^1/2) / 2 + PE
    Total System Jitter     (TSJ):    0.071ns
    Discrete Jitter          (DJ):    0.520ns
    Phase Error              (PE):    0.000ns
  Clock Net Delay (Source):      1.730ns (routing 0.886ns, distribution 0.844ns)
  Clock Net Delay (Destination): 1.888ns (routing 0.971ns, distribution 0.917ns)
  Timing Exception:       False Path

    Location             Delay type                Incr(ns)  Path(ns)    Netlist Resource(s)
  -------------------------------------------------------------------    -------------------
                         (clock clk_pl_0 rise edge)
                                                      0.000     0.000 r  
    PS8_X0Y0             PS8                          0.000     0.000 r  design_1_i/zynq_ultra_ps_e_0/inst/PS8_i/PLCLK[0]
                         net (fo=1, routed)           0.129     0.129    design_1_i/zynq_ultra_ps_e_0/inst/pl_clk_unbuffered[0]
    BUFG_PS_X0Y80        BUFG_PS (Prop_BUFG_PS_I_O)
                                                      0.022     0.151 r  design_1_i/zynq_ultra_ps_e_0/inst/buffer_pl_clk_0.PL_CLK_0_BUFG/O
    X1Y1 (CLOCK_ROOT)    net (fo=10238, routed)       1.730     1.881    design_1_i/axi_smc_1/inst/clk_map/psr_aclk/U0/aclk
    SLICE_X4Y57          FDRE                                         r  design_1_i/axi_smc_1/inst/clk_map/psr_aclk/U0/ACTIVE_LOW_BSR_OUT_DFF[0].FDRE_BSR_N/C
  -------------------------------------------------------------------    -------------------
    SLICE_X4Y57          FDRE (Prop_DFF_SLICEM_C_Q)
                                                      0.083     1.964 r  design_1_i/axi_smc_1/inst/clk_map/psr_aclk/U0/ACTIVE_LOW_BSR_OUT_DFF[0].FDRE_BSR_N/Q
                         net (fo=18, routed)          0.167     2.131    <hidden>
    SLICE_X3Y65          FDCE                                         f  <hidden>  (IS_INVERTED)
  -------------------------------------------------------------------    -------------------

                         (clock clk_pl_0 rise edge)
                                                      0.000     0.000 r  
    PS8_X0Y0             PS8                          0.000     0.000 r  design_1_i/zynq_ultra_ps_e_0/inst/PS8_i/PLCLK[0]
                         net (fo=1, routed)           0.164     0.164    design_1_i/zynq_ultra_ps_e_0/inst/pl_clk_unbuffered[0]
    BUFG_PS_X0Y80        BUFG_PS (Prop_BUFG_PS_I_O)
                                                      0.023     0.187 r  design_1_i/zynq_ultra_ps_e_0/inst/buffer_pl_clk_0.PL_CLK_0_BUFG/O
    X1Y1 (CLOCK_ROOT)    net (fo=10238, routed)       1.888     2.075    <hidden>
    SLICE_X3Y65          FDCE                                         r  <hidden>

Slack:                    inf
  Source:                 design_1_i/rst_ps8_0_99M/U0/ACTIVE_LOW_PR_OUT_DFF[0].FDRE_PER_N/C
                            (rising edge-triggered cell FDRE clocked by clk_pl_0  {rise@0.000ns fall@17.000ns period=34.000ns})
  Destination:            design_1_i/axi_smc_2/inst/clk_map/psr_aclk/U0/EXT_LPF/ACTIVE_LOW_AUX.ACT_LO_AUX/GENERATE_LEVEL_P_S_CDC.SINGLE_BIT.CROSS_PLEVEL_IN2SCNDRY_IN_cdc_to/D
                            (rising edge-triggered cell FDRE clocked by clk_pl_0  {rise@0.000ns fall@17.000ns period=34.000ns})
  Path Group:             (none)
  Path Type:              Hold (Min at Fast Process Corner)
  Data Path Delay:        0.213ns  (logic 0.159ns (74.776%)  route 0.054ns (25.224%))
  Logic Levels:           1  (LUT1=1)
  Clock Path Skew:        0.196ns (DCD - SCD - CPR)
    Destination Clock Delay (DCD):    2.123ns
    Source Clock Delay      (SCD):    1.927ns
    Clock Pessimism Removal (CPR):    -0.000ns
  Clock Uncertainty:      0.262ns  ((TSJ^2 + DJ^2)^1/2) / 2 + PE
    Total System Jitter     (TSJ):    0.071ns
    Discrete Jitter          (DJ):    0.520ns
    Phase Error              (PE):    0.000ns
  Clock Net Delay (Source):      1.776ns (routing 0.886ns, distribution 0.890ns)
  Clock Net Delay (Destination): 1.936ns (routing 0.971ns, distribution 0.965ns)
  Timing Exception:       False Path

    Location             Delay type                Incr(ns)  Path(ns)    Netlist Resource(s)
  -------------------------------------------------------------------    -------------------
                         (clock clk_pl_0 rise edge)
                                                      0.000     0.000 r  
    PS8_X0Y0             PS8                          0.000     0.000 r  design_1_i/zynq_ultra_ps_e_0/inst/PS8_i/PLCLK[0]
                         net (fo=1, routed)           0.129     0.129    design_1_i/zynq_ultra_ps_e_0/inst/pl_clk_unbuffered[0]
    BUFG_PS_X0Y80        BUFG_PS (Prop_BUFG_PS_I_O)
                                                      0.022     0.151 r  design_1_i/zynq_ultra_ps_e_0/inst/buffer_pl_clk_0.PL_CLK_0_BUFG/O
    X1Y1 (CLOCK_ROOT)    net (fo=10238, routed)       1.776     1.927    design_1_i/rst_ps8_0_99M/U0/slowest_sync_clk
    SLICE_X2Y237         FDRE                                         r  design_1_i/rst_ps8_0_99M/U0/ACTIVE_LOW_PR_OUT_DFF[0].FDRE_PER_N/C
  -------------------------------------------------------------------    -------------------
    SLICE_X2Y237         FDRE (Prop_FFF_SLICEM_C_Q)
                                                      0.082     2.009 f  design_1_i/rst_ps8_0_99M/U0/ACTIVE_LOW_PR_OUT_DFF[0].FDRE_PER_N/Q
                         net (fo=4349, routed)        0.032     2.040    design_1_i/axi_smc_2/inst/clk_map/psr_aclk/U0/EXT_LPF/ACTIVE_LOW_AUX.ACT_LO_AUX/aresetn
    SLICE_X2Y237         LUT1 (Prop_H6LUT_SLICEM_I0_O)
                                                      0.077     2.117 r  design_1_i/axi_smc_2/inst/clk_map/psr_aclk/U0/EXT_LPF/ACTIVE_LOW_AUX.ACT_LO_AUX/GENERATE_LEVEL_P_S_CDC.SINGLE_BIT.CROSS_PLEVEL_IN2SCNDRY_IN_cdc_to_i_1/O
                         net (fo=1, routed)           0.022     2.139    design_1_i/axi_smc_2/inst/clk_map/psr_aclk/U0/EXT_LPF/ACTIVE_LOW_AUX.ACT_LO_AUX/asr_d1
    SLICE_X2Y237         FDRE                                         r  design_1_i/axi_smc_2/inst/clk_map/psr_aclk/U0/EXT_LPF/ACTIVE_LOW_AUX.ACT_LO_AUX/GENERATE_LEVEL_P_S_CDC.SINGLE_BIT.CROSS_PLEVEL_IN2SCNDRY_IN_cdc_to/D
  -------------------------------------------------------------------    -------------------

                         (clock clk_pl_0 rise edge)
                                                      0.000     0.000 r  
    PS8_X0Y0             PS8                          0.000     0.000 r  design_1_i/zynq_ultra_ps_e_0/inst/PS8_i/PLCLK[0]
                         net (fo=1, routed)           0.164     0.164    design_1_i/zynq_ultra_ps_e_0/inst/pl_clk_unbuffered[0]
    BUFG_PS_X0Y80        BUFG_PS (Prop_BUFG_PS_I_O)
                                                      0.023     0.187 r  design_1_i/zynq_ultra_ps_e_0/inst/buffer_pl_clk_0.PL_CLK_0_BUFG/O
    X1Y1 (CLOCK_ROOT)    net (fo=10238, routed)       1.936     2.123    design_1_i/axi_smc_2/inst/clk_map/psr_aclk/U0/EXT_LPF/ACTIVE_LOW_AUX.ACT_LO_AUX/aclk
    SLICE_X2Y237         FDRE                                         r  design_1_i/axi_smc_2/inst/clk_map/psr_aclk/U0/EXT_LPF/ACTIVE_LOW_AUX.ACT_LO_AUX/GENERATE_LEVEL_P_S_CDC.SINGLE_BIT.CROSS_PLEVEL_IN2SCNDRY_IN_cdc_to/C





