## Copyright 1986-2022 Xilinx, Inc. All Rights Reserved. Copyright 2022-2024 Advanced Micro Devices, Inc. All Rights Reserved.

| Tool Version : Vivado v.2024.2 (win64) Build 5239630 Fri Nov 08 22:35:27 MST 2024
| Date : Fri Aug 21 09:59:56 2026
| Host : LAPTOP-T2KVGKLT running 64-bit major release (build 9200)
| Command : report_timing_summary -max_paths 10 -report_unconstrained -warn_on_violation -file design_1_wrapper_timing_summary_postroute_physopted.rpt -pb design_1_wrapper_timing_summary_postroute_physopted.pb -rpx design_1_wrapper_timing_summary_postroute_physopted.rpx
| Design : design_1_wrapper
| Device : 7z020-clg400
| Speed File : -1 PRODUCTION 1.12 2019-11-22
| Design State : Physopt postRoute

---

Timing Summary Report

---

| Timer Settings
| --------------

---

Enable Multi Corner Analysis : Yes
Enable Pessimism Removal : Yes
Pessimism Removal Resolution : Nearest Common Node
Enable Input Delay Default Clock : No
Enable Preset / Clear Arcs : No
Disable Flight Delays : No
Ignore I/O Paths : No
Timing Early Launch at Borrowing Latches : No
Borrow Time for Max Delay Exceptions : Yes
Merge Timing Exceptions : Yes
Inter-SLR Compensation : Conservative

Corner Analyze Analyze  
 Name Max Paths Min Paths

---

Slow Yes Yes  
 Fast Yes Yes

---

| Report Methodology
| ------------------

---

Rule Severity Description Violations

---

LUTAR-1 Warning LUT drives async reset alert 3

Note: This report is based on the most recent report_methodology run and may not be up-to-date. Run report_methodology on the current design for the latest report.

check_timing report

## Table of Contents

1. checking no_clock (0)
2. checking constant_clock (0)
3. checking pulse_width_clock (0)
4. checking unconstrained_internal_endpoints (0)
5. checking no_input_delay (0)
6. checking no_output_delay (0)
7. checking multiple_clock (0)
8. checking generated_clocks (0)
9. checking loops (0)
10. checking partial_input_delay (0)
11. checking partial_output_delay (0)
12. checking latch_loops (0)

13. checking no_clock (0)

---

There are 0 register/latch pins with no clock.

2. checking constant_clock (0)

---

There are 0 register/latch pins with constant_clock.

3. checking pulse_width_clock (0)

---

There are 0 register/latch pins which need pulse_width check

4. checking unconstrained_internal_endpoints (0)

---

There are 0 pins that are not constrained for maximum delay.

There are 0 pins that are not constrained for maximum delay due to constant clock.

5. checking no_input_delay (0)

---

There are 0 input ports with no input delay specified.

There are 0 input ports with no input delay but user has a false path constraint.

6. checking no_output_delay (0)

---

There are 0 ports with no output delay specified.

There are 0 ports with no output delay but user has a false path constraint

There are 0 ports with no output delay but with a timing clock defined on it or propagating through it

7. checking multiple_clock (0)

---

There are 0 register/latch pins with multiple clocks.

8. checking generated_clocks (0)

---

There are 0 generated clocks that are not connected to a clock source.

9. checking loops (0)

---

There are 0 combinational loops in the design.

10. checking partial_input_delay (0)

---

There are 0 input ports with partial input delay specified.

11. checking partial_output_delay (0)

---

There are 0 ports with partial output delay specified.

12. checking latch_loops (0)

---

There are 0 combinational latch loops in the design through latch input

---

| Design Timing Summary
| ---------------------

---

    WNS(ns)      TNS(ns)  TNS Failing Endpoints  TNS Total Endpoints      WHS(ns)      THS(ns)  THS Failing Endpoints  THS Total Endpoints     WPWS(ns)     TPWS(ns)  TPWS Failing Endpoints  TPWS Total Endpoints
    -------      -------  ---------------------  -------------------      -------      -------  ---------------------  -------------------     --------     --------  ----------------------  --------------------
      0.466        0.000                      0                29419        0.014        0.000                      0                29419       15.250        0.000                       0                  9084

All user specified timing constraints are met.

---

| Clock Summary
| -------------

---

Clock Waveform(ns) Period(ns) Frequency(MHz)

---

clk_fpga_0 {0.000 16.500} 33.000 30.303

---

| Intra Clock Table
| -----------------

---

Clock WNS(ns) TNS(ns) TNS Failing Endpoints TNS Total Endpoints WHS(ns) THS(ns) THS Failing Endpoints THS Total Endpoints WPWS(ns) TPWS(ns) TPWS Failing Endpoints TPWS Total Endpoints

---

clk_fpga_0 0.466 0.000 0 25370 0.014 0.000 0 25370 15.250 0.000 0 9084

---

| Inter Clock Table
| -----------------

---

From Clock To Clock WNS(ns) TNS(ns) TNS Failing Endpoints TNS Total Endpoints WHS(ns) THS(ns) THS Failing Endpoints THS Total Endpoints

---

---

| Other Path Groups Table
| -----------------------

---

Path Group From Clock To Clock WNS(ns) TNS(ns) TNS Failing Endpoints TNS Total Endpoints WHS(ns) THS(ns) THS Failing Endpoints THS Total Endpoints

---

**async_default** clk_fpga_0 clk_fpga_0 14.349 0.000 0 4049 0.519 0.000 0 4049

---

| User Ignored Path Table
| -----------------------

---

Path Group From Clock To Clock

---

(none) clk_fpga_0  
(none) clk_fpga_0 clk_fpga_0

---

| Unconstrained Path Table
| ------------------------

---

Path Group From Clock To Clock

---

---

| Timing Details
| --------------

---

---

From Clock: clk_fpga_0
To Clock: clk_fpga_0

Setup : 0 Failing Endpoints, Worst Slack 0.466ns, Total Violation 0.000ns
Hold : 0 Failing Endpoints, Worst Slack 0.014ns, Total Violation 0.000ns
PW : 0 Failing Endpoints, Worst Slack 15.250ns, Total Violation 0.000ns

---

## Max Delay Paths

Slack (MET) : 0.466ns (required time - arrival time)
Source: design_1_i/ldpc_encoder_0/inst/ldpc_encoder_core/lifting_size_q_reg[6]\_rep/C
(rising edge-triggered cell FDCE clocked by clk_fpga_0 {rise@0.000ns fall@16.500ns period=33.000ns})
Destination: design_1_i/ldpc_encoder_0/inst/ldpc_encoder_core/gf2_sum/data_out_internal_reg[1][83]/D
(rising edge-triggered cell FDCE clocked by clk_fpga_0 {rise@0.000ns fall@16.500ns period=33.000ns})
Path Group: clk_fpga_0
Path Type: Setup (Max at Slow Process Corner)
Requirement: 33.000ns (clk_fpga_0 rise@33.000ns - clk_fpga_0 rise@0.000ns)
Data Path Delay: 32.006ns (logic 5.934ns (18.540%) route 26.072ns (81.460%))
Logic Levels: 28 (CARRY4=5 LUT2=1 LUT3=3 LUT4=1 LUT5=4 LUT6=14)
Clock Path Skew: -0.063ns (DCD - SCD + CPR)
Destination Clock Delay (DCD): 2.734ns = ( 35.735 - 33.000 )
Source Clock Delay (SCD): 3.027ns
Clock Pessimism Removal (CPR): 0.230ns
Clock Uncertainty: 0.496ns ((TSJ^2 + TIJ^2)^1/2 + DJ) / 2 + PE
Total System Jitter (TSJ): 0.071ns
Total Input Jitter (TIJ): 0.990ns
Discrete Jitter (DJ): 0.000ns
Phase Error (PE): 0.000ns

    Location             Delay type                Incr(ns)  Path(ns)    Netlist Resource(s)

---

                         (clock clk_fpga_0 rise edge)
                                                      0.000     0.000 r
    PS7_X0Y0             PS7                          0.000     0.000 r  design_1_i/processing_system7_0/inst/PS7_i/FCLKCLK[0]
                         net (fo=1, routed)           1.193     1.193    design_1_i/processing_system7_0/inst/FCLK_CLK_unbuffered[0]
    BUFGCTRL_X0Y16       BUFG (Prop_bufg_I_O)         0.101     1.294 r  design_1_i/processing_system7_0/inst/buffer_fclk_clk_0.FCLK_CLK_0_BUFG/O
                         net (fo=9086, routed)        1.733     3.027    design_1_i/ldpc_encoder_0/inst/ldpc_encoder_core/clk_i
    SLICE_X69Y43         FDCE                                         r  design_1_i/ldpc_encoder_0/inst/ldpc_encoder_core/lifting_size_q_reg[6]_rep/C

---

    SLICE_X69Y43         FDCE (Prop_fdce_C_Q)         0.456     3.483 r  design_1_i/ldpc_encoder_0/inst/ldpc_encoder_core/lifting_size_q_reg[6]_rep/Q
                         net (fo=137, routed)         1.172     4.655    design_1_i/ldpc_encoder_0/inst/ldpc_encoder_core/core_parity_bit_calculator/shifter_amt_q_reg[6]_0
    SLICE_X64Y46         LUT4 (Prop_lut4_I2_O)        0.124     4.779 r  design_1_i/ldpc_encoder_0/inst/ldpc_encoder_core/core_parity_bit_calculator/i___217_i_173/O
                         net (fo=1, routed)           0.000     4.779    design_1_i/ldpc_encoder_0/inst/ldpc_encoder_core/core_parity_bit_calculator/i___217_i_173_n_0
    SLICE_X64Y46         CARRY4 (Prop_carry4_S[3]_CO[3])
                                                      0.401     5.180 r  design_1_i/ldpc_encoder_0/inst/ldpc_encoder_core/core_parity_bit_calculator/i___217_i_98/CO[3]
                         net (fo=1, routed)           0.000     5.180    design_1_i/ldpc_encoder_0/inst/ldpc_encoder_core/core_parity_bit_calculator/i___217_i_98_n_0
    SLICE_X64Y47         CARRY4 (Prop_carry4_CI_CO[0])
                                                      0.271     5.451 r  design_1_i/ldpc_encoder_0/inst/ldpc_encoder_core/core_parity_bit_calculator/i___217_i_62/CO[0]
                         net (fo=71, routed)          0.702     6.153    design_1_i/ldpc_encoder_0/inst/ldpc_encoder_core/core_parity_bit_calculator/i___217_i_62_n_3
    SLICE_X63Y47         LUT3 (Prop_lut3_I1_O)        0.367     6.520 r  design_1_i/ldpc_encoder_0/inst/ldpc_encoder_core/core_parity_bit_calculator/i___217_i_44/O
                         net (fo=771, routed)         1.491     8.011    design_1_i/ldpc_encoder_0/inst/ldpc_encoder_core/core_parity_bit_calculator/i___217_i_44_n_0
    SLICE_X89Y49         LUT2 (Prop_lut2_I1_O)        0.326     8.337 r  design_1_i/ldpc_encoder_0/inst/ldpc_encoder_core/core_parity_bit_calculator/i___217_i_70/O
                         net (fo=1, routed)           0.000     8.337    design_1_i/ldpc_encoder_0/inst/ldpc_encoder_core/core_parity_bit_calculator/i___217_i_70_n_0
    SLICE_X89Y49         CARRY4 (Prop_carry4_S[0]_CO[3])
                                                      0.532     8.869 r  design_1_i/ldpc_encoder_0/inst/ldpc_encoder_core/core_parity_bit_calculator/i___217_i_47/CO[3]
                         net (fo=1, routed)           0.001     8.870    design_1_i/ldpc_encoder_0/inst/ldpc_encoder_core/core_parity_bit_calculator/i___217_i_47_n_0
    SLICE_X89Y50         CARRY4 (Prop_carry4_CI_CO[3])
                                                      0.114     8.984 r  design_1_i/ldpc_encoder_0/inst/ldpc_encoder_core/core_parity_bit_calculator/i___18_i_48/CO[3]
                         net (fo=1, routed)           0.000     8.984    design_1_i/ldpc_encoder_0/inst/ldpc_encoder_core/core_parity_bit_calculator/i___18_i_48_n_0
    SLICE_X89Y51         CARRY4 (Prop_carry4_CI_O[0])
                                                      0.222     9.206 r  design_1_i/ldpc_encoder_0/inst/ldpc_encoder_core/core_parity_bit_calculator/i___18_i_50/O[0]
                         net (fo=1389, routed)        2.249    11.455    design_1_i/ldpc_encoder_0/inst/ldpc_encoder_core/core_parity_bit_calculator/shifter_inst/rotated_val1_inferred__1/i___139_i_151_0[0]
    SLICE_X48Y43         LUT5 (Prop_lut5_I2_O)        0.327    11.782 r  design_1_i/ldpc_encoder_0/inst/ldpc_encoder_core/core_parity_bit_calculator/shifter_inst/rotated_val1_inferred__1/i___18_i_471/O
                         net (fo=2, routed)           0.884    12.666    design_1_i/ldpc_encoder_0/inst/ldpc_encoder_core/core_parity_bit_calculator/shifter_inst/rotated_val1_inferred__1/i___18_i_471_n_0
    SLICE_X56Y45         LUT6 (Prop_lut6_I5_O)        0.326    12.992 r  design_1_i/ldpc_encoder_0/inst/ldpc_encoder_core/core_parity_bit_calculator/shifter_inst/rotated_val1_inferred__1/i___344_i_304/O
                         net (fo=4, routed)           1.533    14.525    design_1_i/ldpc_encoder_0/inst/ldpc_encoder_core/core_parity_bit_calculator/shifter_inst/rotated_val1_inferred__1/i___344_i_304_n_0
    SLICE_X78Y46         LUT6 (Prop_lut6_I1_O)        0.124    14.649 r  design_1_i/ldpc_encoder_0/inst/ldpc_encoder_core/core_parity_bit_calculator/shifter_inst/rotated_val1_inferred__1/i___355_i_181/O
                         net (fo=4, routed)           0.935    15.584    design_1_i/ldpc_encoder_0/inst/ldpc_encoder_core/core_parity_bit_calculator/shifter_inst/rotated_val1_inferred__1/i___355_i_181_n_0
    SLICE_X92Y45         LUT6 (Prop_lut6_I5_O)        0.124    15.708 r  design_1_i/ldpc_encoder_0/inst/ldpc_encoder_core/core_parity_bit_calculator/shifter_inst/rotated_val1_inferred__1/ram_reg[0][0]_1_i_334/O
                         net (fo=4, routed)           0.982    16.690    design_1_i/ldpc_encoder_0/inst/ldpc_encoder_core/core_parity_bit_calculator/shifter_inst_n_887
    SLICE_X95Y46         LUT6 (Prop_lut6_I4_O)        0.124    16.814 r  design_1_i/ldpc_encoder_0/inst/ldpc_encoder_core/core_parity_bit_calculator/ram_reg[0][0]_1_i_247/O
                         net (fo=1, routed)           0.472    17.286    design_1_i/ldpc_encoder_0/inst/ldpc_encoder_core/core_parity_bit_calculator/ram_reg[0][0]_1_i_247_n_0
    SLICE_X93Y45         LUT6 (Prop_lut6_I2_O)        0.124    17.410 r  design_1_i/ldpc_encoder_0/inst/ldpc_encoder_core/core_parity_bit_calculator/ram_reg[0][0]_1_i_167/O
                         net (fo=4, routed)           2.088    19.498    design_1_i/ldpc_encoder_0/inst/ldpc_encoder_core/core_parity_bit_calculator/cs_out[74]
    SLICE_X35Y21         LUT6 (Prop_lut6_I4_O)        0.124    19.622 r  design_1_i/ldpc_encoder_0/inst/ldpc_encoder_core/core_parity_bit_calculator/ram_reg[0][0]_1_i_123/O
                         net (fo=6, routed)           0.889    20.511    design_1_i/ldpc_encoder_0/inst/ldpc_encoder_core/core_parity_bit_calculator/parity_core[1]_24[74]
    SLICE_X35Y22         LUT6 (Prop_lut6_I0_O)        0.124    20.635 r  design_1_i/ldpc_encoder_0/inst/ldpc_encoder_core/core_parity_bit_calculator/i___179_i_23/O
                         net (fo=1, routed)           1.457    22.092    design_1_i/ldpc_encoder_0/inst/ldpc_encoder_core/core_parity_bit_calculator/pc_rearrange/p_2_in[74]
    SLICE_X67Y28         LUT6 (Prop_lut6_I4_O)        0.124    22.216 r  design_1_i/ldpc_encoder_0/inst/ldpc_encoder_core/core_parity_bit_calculator/i___179_i_18/O
                         net (fo=1, routed)           0.805    23.021    design_1_i/ldpc_encoder_0/inst/ldpc_encoder_core/core_parity_bit_calculator/i___179_i_18_n_0
    SLICE_X69Y28         LUT6 (Prop_lut6_I4_O)        0.124    23.145 r  design_1_i/ldpc_encoder_0/inst/ldpc_encoder_core/core_parity_bit_calculator/i___179_i_9/O
                         net (fo=1, routed)           1.070    24.214    design_1_i/ldpc_encoder_0/inst/ldpc_encoder_core/core_parity_bit_calculator/parity_core_arranged[3]_28[74]
    SLICE_X54Y16         LUT5 (Prop_lut5_I3_O)        0.124    24.338 r  design_1_i/ldpc_encoder_0/inst/ldpc_encoder_core/core_parity_bit_calculator/i___179_i_7/O
                         net (fo=3, routed)           1.196    25.534    design_1_i/ldpc_encoder_0/inst/ldpc_encoder_core/core_parity_bit_calculator/p_6_out[362]
    SLICE_X49Y10         LUT5 (Prop_lut5_I1_O)        0.124    25.658 r  design_1_i/ldpc_encoder_0/inst/ldpc_encoder_core/core_parity_bit_calculator/i___201_i_2/O
                         net (fo=4, routed)           0.612    26.271    design_1_i/ldpc_encoder_0/inst/ldpc_encoder_core/top_level_shifter/i___212_i_1[280]
    SLICE_X49Y7          LUT6 (Prop_lut6_I0_O)        0.124    26.395 r  design_1_i/ldpc_encoder_0/inst/ldpc_encoder_core/top_level_shifter/i___785_i_2/O
                         net (fo=1, routed)           0.900    27.294    design_1_i/ldpc_encoder_0/inst/ldpc_encoder_core/core_parity_bit_calculator/gr_out[3]_15[77]
    SLICE_X60Y7          LUT6 (Prop_lut6_I0_O)        0.124    27.418 r  design_1_i/ldpc_encoder_0/inst/ldpc_encoder_core/core_parity_bit_calculator/i___785_i_1/O
                         net (fo=8, routed)           1.913    29.331    design_1_i/ldpc_encoder_0/inst/ldpc_encoder_core/core_parity_bit_calculator/lifting_size_q_reg[2]_rep_2[60]
    SLICE_X108Y9         LUT6 (Prop_lut6_I2_O)        0.124    29.455 r  design_1_i/ldpc_encoder_0/inst/ldpc_encoder_core/core_parity_bit_calculator/i___659_i_5/O
                         net (fo=4, routed)           0.957    30.411    design_1_i/ldpc_encoder_0/inst/ldpc_encoder_core/core_parity_bit_calculator/i___775_i_3_8
    SLICE_X106Y10        LUT3 (Prop_lut3_I0_O)        0.152    30.563 r  design_1_i/ldpc_encoder_0/inst/ldpc_encoder_core/core_parity_bit_calculator/i___671_i_3/O
                         net (fo=2, routed)           0.894    31.457    design_1_i/ldpc_encoder_0/inst/ldpc_encoder_core/core_parity_bit_calculator/i___671_i_3_n_0
    SLICE_X105Y9         LUT6 (Prop_lut6_I0_O)        0.332    31.789 r  design_1_i/ldpc_encoder_0/inst/ldpc_encoder_core/core_parity_bit_calculator/i___673_i_1/O
                         net (fo=2, routed)           1.388    33.177    design_1_i/ldpc_encoder_0/inst/ldpc_encoder_core/top_level_shifter/data_out_internal[1][79]_i_2_0
    SLICE_X87Y13         LUT6 (Prop_lut6_I2_O)        0.124    33.301 r  design_1_i/ldpc_encoder_0/inst/ldpc_encoder_core/top_level_shifter/i___673/O
                         net (fo=3, routed)           1.011    34.312    design_1_i/ldpc_encoder_0/inst/ldpc_encoder_core/top_level_shifter/i___673_n_0
    SLICE_X83Y16         LUT5 (Prop_lut5_I1_O)        0.124    34.436 r  design_1_i/ldpc_encoder_0/inst/ldpc_encoder_core/top_level_shifter/data_out_internal[1][83]_i_2/O
                         net (fo=1, routed)           0.473    34.909    design_1_i/ldpc_encoder_0/inst/ldpc_encoder_core/top_level_shifter/cs_data_out[1]_3[83]
    SLICE_X83Y16         LUT3 (Prop_lut3_I0_O)        0.124    35.033 r  design_1_i/ldpc_encoder_0/inst/ldpc_encoder_core/top_level_shifter/data_out_internal[1][83]_i_1/O
                         net (fo=1, routed)           0.000    35.033    design_1_i/ldpc_encoder_0/inst/ldpc_encoder_core/gf2_sum/data_out_internal_reg[1][95]_2[83]
    SLICE_X83Y16         FDCE                                         r  design_1_i/ldpc_encoder_0/inst/ldpc_encoder_core/gf2_sum/data_out_internal_reg[1][83]/D

---

                         (clock clk_fpga_0 rise edge)
                                                     33.000    33.000 r
    PS7_X0Y0             PS7                          0.000    33.000 r  design_1_i/processing_system7_0/inst/PS7_i/FCLKCLK[0]
                         net (fo=1, routed)           1.088    34.088    design_1_i/processing_system7_0/inst/FCLK_CLK_unbuffered[0]
    BUFGCTRL_X0Y16       BUFG (Prop_bufg_I_O)         0.091    34.179 r  design_1_i/processing_system7_0/inst/buffer_fclk_clk_0.FCLK_CLK_0_BUFG/O
                         net (fo=9086, routed)        1.555    35.735    design_1_i/ldpc_encoder_0/inst/ldpc_encoder_core/gf2_sum/clk_i
    SLICE_X83Y16         FDCE                                         r  design_1_i/ldpc_encoder_0/inst/ldpc_encoder_core/gf2_sum/data_out_internal_reg[1][83]/C
                         clock pessimism              0.230    35.964
                         clock uncertainty           -0.496    35.468
    SLICE_X83Y16         FDCE (Setup_fdce_C_D)        0.031    35.499    design_1_i/ldpc_encoder_0/inst/ldpc_encoder_core/gf2_sum/data_out_internal_reg[1][83]

---

                         required time                         35.499
                         arrival time                         -35.033

---

                         slack                                  0.466

Slack (MET) : 0.723ns (required time - arrival time)
Source: design_1_i/ldpc_encoder_0/inst/ldpc_encoder_core/lifting_size_q_reg[6]\_rep/C
(rising edge-triggered cell FDCE clocked by clk_fpga_0 {rise@0.000ns fall@16.500ns period=33.000ns})
Destination: design_1_i/ldpc_encoder_0/inst/ldpc_encoder_core/gf2_sum/data_out_internal_reg[2][89]/D
(rising edge-triggered cell FDCE clocked by clk_fpga_0 {rise@0.000ns fall@16.500ns period=33.000ns})
Path Group: clk_fpga_0
Path Type: Setup (Max at Slow Process Corner)
Requirement: 33.000ns (clk_fpga_0 rise@33.000ns - clk_fpga_0 rise@0.000ns)
Data Path Delay: 31.793ns (logic 5.934ns (18.664%) route 25.859ns (81.336%))
Logic Levels: 28 (CARRY4=5 LUT2=1 LUT3=3 LUT4=1 LUT5=4 LUT6=14)
Clock Path Skew: -0.064ns (DCD - SCD + CPR)
Destination Clock Delay (DCD): 2.733ns = ( 35.734 - 33.000 )
Source Clock Delay (SCD): 3.027ns
Clock Pessimism Removal (CPR): 0.230ns
Clock Uncertainty: 0.496ns ((TSJ^2 + TIJ^2)^1/2 + DJ) / 2 + PE
Total System Jitter (TSJ): 0.071ns
Total Input Jitter (TIJ): 0.990ns
Discrete Jitter (DJ): 0.000ns
Phase Error (PE): 0.000ns

    Location             Delay type                Incr(ns)  Path(ns)    Netlist Resource(s)

---

                         (clock clk_fpga_0 rise edge)
                                                      0.000     0.000 r
    PS7_X0Y0             PS7                          0.000     0.000 r  design_1_i/processing_system7_0/inst/PS7_i/FCLKCLK[0]
                         net (fo=1, routed)           1.193     1.193    design_1_i/processing_system7_0/inst/FCLK_CLK_unbuffered[0]
    BUFGCTRL_X0Y16       BUFG (Prop_bufg_I_O)         0.101     1.294 r  design_1_i/processing_system7_0/inst/buffer_fclk_clk_0.FCLK_CLK_0_BUFG/O
                         net (fo=9086, routed)        1.733     3.027    design_1_i/ldpc_encoder_0/inst/ldpc_encoder_core/clk_i
    SLICE_X69Y43         FDCE                                         r  design_1_i/ldpc_encoder_0/inst/ldpc_encoder_core/lifting_size_q_reg[6]_rep/C

---

    SLICE_X69Y43         FDCE (Prop_fdce_C_Q)         0.456     3.483 r  design_1_i/ldpc_encoder_0/inst/ldpc_encoder_core/lifting_size_q_reg[6]_rep/Q
                         net (fo=137, routed)         1.172     4.655    design_1_i/ldpc_encoder_0/inst/ldpc_encoder_core/core_parity_bit_calculator/shifter_amt_q_reg[6]_0
    SLICE_X64Y46         LUT4 (Prop_lut4_I2_O)        0.124     4.779 r  design_1_i/ldpc_encoder_0/inst/ldpc_encoder_core/core_parity_bit_calculator/i___217_i_173/O
                         net (fo=1, routed)           0.000     4.779    design_1_i/ldpc_encoder_0/inst/ldpc_encoder_core/core_parity_bit_calculator/i___217_i_173_n_0
    SLICE_X64Y46         CARRY4 (Prop_carry4_S[3]_CO[3])
                                                      0.401     5.180 r  design_1_i/ldpc_encoder_0/inst/ldpc_encoder_core/core_parity_bit_calculator/i___217_i_98/CO[3]
                         net (fo=1, routed)           0.000     5.180    design_1_i/ldpc_encoder_0/inst/ldpc_encoder_core/core_parity_bit_calculator/i___217_i_98_n_0
    SLICE_X64Y47         CARRY4 (Prop_carry4_CI_CO[0])
                                                      0.271     5.451 r  design_1_i/ldpc_encoder_0/inst/ldpc_encoder_core/core_parity_bit_calculator/i___217_i_62/CO[0]
                         net (fo=71, routed)          0.702     6.153    design_1_i/ldpc_encoder_0/inst/ldpc_encoder_core/core_parity_bit_calculator/i___217_i_62_n_3
    SLICE_X63Y47         LUT3 (Prop_lut3_I1_O)        0.367     6.520 r  design_1_i/ldpc_encoder_0/inst/ldpc_encoder_core/core_parity_bit_calculator/i___217_i_44/O
                         net (fo=771, routed)         1.491     8.011    design_1_i/ldpc_encoder_0/inst/ldpc_encoder_core/core_parity_bit_calculator/i___217_i_44_n_0
    SLICE_X89Y49         LUT2 (Prop_lut2_I1_O)        0.326     8.337 r  design_1_i/ldpc_encoder_0/inst/ldpc_encoder_core/core_parity_bit_calculator/i___217_i_70/O
                         net (fo=1, routed)           0.000     8.337    design_1_i/ldpc_encoder_0/inst/ldpc_encoder_core/core_parity_bit_calculator/i___217_i_70_n_0
    SLICE_X89Y49         CARRY4 (Prop_carry4_S[0]_CO[3])
                                                      0.532     8.869 r  design_1_i/ldpc_encoder_0/inst/ldpc_encoder_core/core_parity_bit_calculator/i___217_i_47/CO[3]
                         net (fo=1, routed)           0.001     8.870    design_1_i/ldpc_encoder_0/inst/ldpc_encoder_core/core_parity_bit_calculator/i___217_i_47_n_0
    SLICE_X89Y50         CARRY4 (Prop_carry4_CI_CO[3])
                                                      0.114     8.984 r  design_1_i/ldpc_encoder_0/inst/ldpc_encoder_core/core_parity_bit_calculator/i___18_i_48/CO[3]
                         net (fo=1, routed)           0.000     8.984    design_1_i/ldpc_encoder_0/inst/ldpc_encoder_core/core_parity_bit_calculator/i___18_i_48_n_0
    SLICE_X89Y51         CARRY4 (Prop_carry4_CI_O[0])
                                                      0.222     9.206 r  design_1_i/ldpc_encoder_0/inst/ldpc_encoder_core/core_parity_bit_calculator/i___18_i_50/O[0]
                         net (fo=1389, routed)        2.249    11.455    design_1_i/ldpc_encoder_0/inst/ldpc_encoder_core/core_parity_bit_calculator/shifter_inst/rotated_val1_inferred__1/i___139_i_151_0[0]
    SLICE_X48Y43         LUT5 (Prop_lut5_I2_O)        0.327    11.782 r  design_1_i/ldpc_encoder_0/inst/ldpc_encoder_core/core_parity_bit_calculator/shifter_inst/rotated_val1_inferred__1/i___18_i_471/O
                         net (fo=2, routed)           0.884    12.666    design_1_i/ldpc_encoder_0/inst/ldpc_encoder_core/core_parity_bit_calculator/shifter_inst/rotated_val1_inferred__1/i___18_i_471_n_0
    SLICE_X56Y45         LUT6 (Prop_lut6_I5_O)        0.326    12.992 r  design_1_i/ldpc_encoder_0/inst/ldpc_encoder_core/core_parity_bit_calculator/shifter_inst/rotated_val1_inferred__1/i___344_i_304/O
                         net (fo=4, routed)           1.533    14.525    design_1_i/ldpc_encoder_0/inst/ldpc_encoder_core/core_parity_bit_calculator/shifter_inst/rotated_val1_inferred__1/i___344_i_304_n_0
    SLICE_X78Y46         LUT6 (Prop_lut6_I1_O)        0.124    14.649 r  design_1_i/ldpc_encoder_0/inst/ldpc_encoder_core/core_parity_bit_calculator/shifter_inst/rotated_val1_inferred__1/i___355_i_181/O
                         net (fo=4, routed)           0.935    15.584    design_1_i/ldpc_encoder_0/inst/ldpc_encoder_core/core_parity_bit_calculator/shifter_inst/rotated_val1_inferred__1/i___355_i_181_n_0
    SLICE_X92Y45         LUT6 (Prop_lut6_I5_O)        0.124    15.708 r  design_1_i/ldpc_encoder_0/inst/ldpc_encoder_core/core_parity_bit_calculator/shifter_inst/rotated_val1_inferred__1/ram_reg[0][0]_1_i_334/O
                         net (fo=4, routed)           0.982    16.690    design_1_i/ldpc_encoder_0/inst/ldpc_encoder_core/core_parity_bit_calculator/shifter_inst_n_887
    SLICE_X95Y46         LUT6 (Prop_lut6_I4_O)        0.124    16.814 r  design_1_i/ldpc_encoder_0/inst/ldpc_encoder_core/core_parity_bit_calculator/ram_reg[0][0]_1_i_247/O
                         net (fo=1, routed)           0.472    17.286    design_1_i/ldpc_encoder_0/inst/ldpc_encoder_core/core_parity_bit_calculator/ram_reg[0][0]_1_i_247_n_0
    SLICE_X93Y45         LUT6 (Prop_lut6_I2_O)        0.124    17.410 r  design_1_i/ldpc_encoder_0/inst/ldpc_encoder_core/core_parity_bit_calculator/ram_reg[0][0]_1_i_167/O
                         net (fo=4, routed)           2.088    19.498    design_1_i/ldpc_encoder_0/inst/ldpc_encoder_core/core_parity_bit_calculator/cs_out[74]
    SLICE_X35Y21         LUT6 (Prop_lut6_I4_O)        0.124    19.622 r  design_1_i/ldpc_encoder_0/inst/ldpc_encoder_core/core_parity_bit_calculator/ram_reg[0][0]_1_i_123/O
                         net (fo=6, routed)           0.889    20.511    design_1_i/ldpc_encoder_0/inst/ldpc_encoder_core/core_parity_bit_calculator/parity_core[1]_24[74]
    SLICE_X35Y22         LUT6 (Prop_lut6_I0_O)        0.124    20.635 r  design_1_i/ldpc_encoder_0/inst/ldpc_encoder_core/core_parity_bit_calculator/i___179_i_23/O
                         net (fo=1, routed)           1.457    22.092    design_1_i/ldpc_encoder_0/inst/ldpc_encoder_core/core_parity_bit_calculator/pc_rearrange/p_2_in[74]
    SLICE_X67Y28         LUT6 (Prop_lut6_I4_O)        0.124    22.216 r  design_1_i/ldpc_encoder_0/inst/ldpc_encoder_core/core_parity_bit_calculator/i___179_i_18/O
                         net (fo=1, routed)           0.805    23.021    design_1_i/ldpc_encoder_0/inst/ldpc_encoder_core/core_parity_bit_calculator/i___179_i_18_n_0
    SLICE_X69Y28         LUT6 (Prop_lut6_I4_O)        0.124    23.145 r  design_1_i/ldpc_encoder_0/inst/ldpc_encoder_core/core_parity_bit_calculator/i___179_i_9/O
                         net (fo=1, routed)           1.070    24.214    design_1_i/ldpc_encoder_0/inst/ldpc_encoder_core/core_parity_bit_calculator/parity_core_arranged[3]_28[74]
    SLICE_X54Y16         LUT5 (Prop_lut5_I3_O)        0.124    24.338 r  design_1_i/ldpc_encoder_0/inst/ldpc_encoder_core/core_parity_bit_calculator/i___179_i_7/O
                         net (fo=3, routed)           1.196    25.534    design_1_i/ldpc_encoder_0/inst/ldpc_encoder_core/core_parity_bit_calculator/p_6_out[362]
    SLICE_X49Y10         LUT5 (Prop_lut5_I1_O)        0.124    25.658 r  design_1_i/ldpc_encoder_0/inst/ldpc_encoder_core/core_parity_bit_calculator/i___201_i_2/O
                         net (fo=4, routed)           0.612    26.271    design_1_i/ldpc_encoder_0/inst/ldpc_encoder_core/top_level_shifter/i___212_i_1[280]
    SLICE_X49Y7          LUT6 (Prop_lut6_I0_O)        0.124    26.395 r  design_1_i/ldpc_encoder_0/inst/ldpc_encoder_core/top_level_shifter/i___785_i_2/O
                         net (fo=1, routed)           0.900    27.294    design_1_i/ldpc_encoder_0/inst/ldpc_encoder_core/core_parity_bit_calculator/gr_out[3]_15[77]
    SLICE_X60Y7          LUT6 (Prop_lut6_I0_O)        0.124    27.418 r  design_1_i/ldpc_encoder_0/inst/ldpc_encoder_core/core_parity_bit_calculator/i___785_i_1/O
                         net (fo=8, routed)           1.913    29.331    design_1_i/ldpc_encoder_0/inst/ldpc_encoder_core/core_parity_bit_calculator/lifting_size_q_reg[2]_rep_2[60]
    SLICE_X108Y9         LUT6 (Prop_lut6_I2_O)        0.124    29.455 r  design_1_i/ldpc_encoder_0/inst/ldpc_encoder_core/core_parity_bit_calculator/i___659_i_5/O
                         net (fo=4, routed)           0.957    30.411    design_1_i/ldpc_encoder_0/inst/ldpc_encoder_core/core_parity_bit_calculator/i___775_i_3_8
    SLICE_X106Y10        LUT3 (Prop_lut3_I0_O)        0.152    30.563 r  design_1_i/ldpc_encoder_0/inst/ldpc_encoder_core/core_parity_bit_calculator/i___671_i_3/O
                         net (fo=2, routed)           0.894    31.457    design_1_i/ldpc_encoder_0/inst/ldpc_encoder_core/core_parity_bit_calculator/i___671_i_3_n_0
    SLICE_X105Y9         LUT6 (Prop_lut6_I0_O)        0.332    31.789 r  design_1_i/ldpc_encoder_0/inst/ldpc_encoder_core/core_parity_bit_calculator/i___673_i_1/O
                         net (fo=2, routed)           1.388    33.177    design_1_i/ldpc_encoder_0/inst/ldpc_encoder_core/top_level_shifter/data_out_internal[1][79]_i_2_0
    SLICE_X87Y13         LUT6 (Prop_lut6_I2_O)        0.124    33.301 r  design_1_i/ldpc_encoder_0/inst/ldpc_encoder_core/top_level_shifter/i___673/O
                         net (fo=3, routed)           0.630    33.931    design_1_i/ldpc_encoder_0/inst/ldpc_encoder_core/top_level_shifter/i___673_n_0
    SLICE_X82Y17         LUT5 (Prop_lut5_I2_O)        0.124    34.055 r  design_1_i/ldpc_encoder_0/inst/ldpc_encoder_core/top_level_shifter/data_out_internal[2][89]_i_2/O
                         net (fo=1, routed)           0.641    34.696    design_1_i/ldpc_encoder_0/inst/ldpc_encoder_core/top_level_shifter/cs_data_out[2]_4[89]
    SLICE_X82Y17         LUT3 (Prop_lut3_I0_O)        0.124    34.820 r  design_1_i/ldpc_encoder_0/inst/ldpc_encoder_core/top_level_shifter/data_out_internal[2][89]_i_1/O
                         net (fo=1, routed)           0.000    34.820    design_1_i/ldpc_encoder_0/inst/ldpc_encoder_core/gf2_sum/data_out_internal_reg[2][95]_1[89]
    SLICE_X82Y17         FDCE                                         r  design_1_i/ldpc_encoder_0/inst/ldpc_encoder_core/gf2_sum/data_out_internal_reg[2][89]/D

---

                         (clock clk_fpga_0 rise edge)
                                                     33.000    33.000 r
    PS7_X0Y0             PS7                          0.000    33.000 r  design_1_i/processing_system7_0/inst/PS7_i/FCLKCLK[0]
                         net (fo=1, routed)           1.088    34.088    design_1_i/processing_system7_0/inst/FCLK_CLK_unbuffered[0]
    BUFGCTRL_X0Y16       BUFG (Prop_bufg_I_O)         0.091    34.179 r  design_1_i/processing_system7_0/inst/buffer_fclk_clk_0.FCLK_CLK_0_BUFG/O
                         net (fo=9086, routed)        1.554    35.734    design_1_i/ldpc_encoder_0/inst/ldpc_encoder_core/gf2_sum/clk_i
    SLICE_X82Y17         FDCE                                         r  design_1_i/ldpc_encoder_0/inst/ldpc_encoder_core/gf2_sum/data_out_internal_reg[2][89]/C
                         clock pessimism              0.230    35.963
                         clock uncertainty           -0.496    35.467
    SLICE_X82Y17         FDCE (Setup_fdce_C_D)        0.077    35.544    design_1_i/ldpc_encoder_0/inst/ldpc_encoder_core/gf2_sum/data_out_internal_reg[2][89]

---

                         required time                         35.544
                         arrival time                         -34.820

---

                         slack                                  0.723

Slack (MET) : 0.733ns (required time - arrival time)
Source: design_1_i/ldpc_encoder_0/inst/ldpc_encoder_core/lifting_size_q_reg[6]\_rep/C
(rising edge-triggered cell FDCE clocked by clk_fpga_0 {rise@0.000ns fall@16.500ns period=33.000ns})
Destination: design_1_i/ldpc_encoder_0/inst/ldpc_encoder_core/gf2_sum/data_out_internal_reg[2][87]/D
(rising edge-triggered cell FDCE clocked by clk_fpga_0 {rise@0.000ns fall@16.500ns period=33.000ns})
Path Group: clk_fpga_0
Path Type: Setup (Max at Slow Process Corner)
Requirement: 33.000ns (clk_fpga_0 rise@33.000ns - clk_fpga_0 rise@0.000ns)
Data Path Delay: 31.786ns (logic 5.934ns (18.668%) route 25.852ns (81.332%))
Logic Levels: 28 (CARRY4=5 LUT2=1 LUT3=3 LUT4=1 LUT5=4 LUT6=14)
Clock Path Skew: -0.061ns (DCD - SCD + CPR)
Destination Clock Delay (DCD): 2.737ns = ( 35.736 - 33.000 )
Source Clock Delay (SCD): 3.027ns
Clock Pessimism Removal (CPR): 0.230ns
Clock Uncertainty: 0.496ns ((TSJ^2 + TIJ^2)^1/2 + DJ) / 2 + PE
Total System Jitter (TSJ): 0.071ns
Total Input Jitter (TIJ): 0.990ns
Discrete Jitter (DJ): 0.000ns
Phase Error (PE): 0.000ns

    Location             Delay type                Incr(ns)  Path(ns)    Netlist Resource(s)

---

                         (clock clk_fpga_0 rise edge)
                                                      0.000     0.000 r
    PS7_X0Y0             PS7                          0.000     0.000 r  design_1_i/processing_system7_0/inst/PS7_i/FCLKCLK[0]
                         net (fo=1, routed)           1.193     1.193    design_1_i/processing_system7_0/inst/FCLK_CLK_unbuffered[0]
    BUFGCTRL_X0Y16       BUFG (Prop_bufg_I_O)         0.101     1.294 r  design_1_i/processing_system7_0/inst/buffer_fclk_clk_0.FCLK_CLK_0_BUFG/O
                         net (fo=9086, routed)        1.733     3.027    design_1_i/ldpc_encoder_0/inst/ldpc_encoder_core/clk_i
    SLICE_X69Y43         FDCE                                         r  design_1_i/ldpc_encoder_0/inst/ldpc_encoder_core/lifting_size_q_reg[6]_rep/C

---

    SLICE_X69Y43         FDCE (Prop_fdce_C_Q)         0.456     3.483 r  design_1_i/ldpc_encoder_0/inst/ldpc_encoder_core/lifting_size_q_reg[6]_rep/Q
                         net (fo=137, routed)         1.172     4.655    design_1_i/ldpc_encoder_0/inst/ldpc_encoder_core/core_parity_bit_calculator/shifter_amt_q_reg[6]_0
    SLICE_X64Y46         LUT4 (Prop_lut4_I2_O)        0.124     4.779 r  design_1_i/ldpc_encoder_0/inst/ldpc_encoder_core/core_parity_bit_calculator/i___217_i_173/O
                         net (fo=1, routed)           0.000     4.779    design_1_i/ldpc_encoder_0/inst/ldpc_encoder_core/core_parity_bit_calculator/i___217_i_173_n_0
    SLICE_X64Y46         CARRY4 (Prop_carry4_S[3]_CO[3])
                                                      0.401     5.180 r  design_1_i/ldpc_encoder_0/inst/ldpc_encoder_core/core_parity_bit_calculator/i___217_i_98/CO[3]
                         net (fo=1, routed)           0.000     5.180    design_1_i/ldpc_encoder_0/inst/ldpc_encoder_core/core_parity_bit_calculator/i___217_i_98_n_0
    SLICE_X64Y47         CARRY4 (Prop_carry4_CI_CO[0])
                                                      0.271     5.451 r  design_1_i/ldpc_encoder_0/inst/ldpc_encoder_core/core_parity_bit_calculator/i___217_i_62/CO[0]
                         net (fo=71, routed)          0.702     6.153    design_1_i/ldpc_encoder_0/inst/ldpc_encoder_core/core_parity_bit_calculator/i___217_i_62_n_3
    SLICE_X63Y47         LUT3 (Prop_lut3_I1_O)        0.367     6.520 r  design_1_i/ldpc_encoder_0/inst/ldpc_encoder_core/core_parity_bit_calculator/i___217_i_44/O
                         net (fo=771, routed)         1.491     8.011    design_1_i/ldpc_encoder_0/inst/ldpc_encoder_core/core_parity_bit_calculator/i___217_i_44_n_0
    SLICE_X89Y49         LUT2 (Prop_lut2_I1_O)        0.326     8.337 r  design_1_i/ldpc_encoder_0/inst/ldpc_encoder_core/core_parity_bit_calculator/i___217_i_70/O
                         net (fo=1, routed)           0.000     8.337    design_1_i/ldpc_encoder_0/inst/ldpc_encoder_core/core_parity_bit_calculator/i___217_i_70_n_0
    SLICE_X89Y49         CARRY4 (Prop_carry4_S[0]_CO[3])
                                                      0.532     8.869 r  design_1_i/ldpc_encoder_0/inst/ldpc_encoder_core/core_parity_bit_calculator/i___217_i_47/CO[3]
                         net (fo=1, routed)           0.001     8.870    design_1_i/ldpc_encoder_0/inst/ldpc_encoder_core/core_parity_bit_calculator/i___217_i_47_n_0
    SLICE_X89Y50         CARRY4 (Prop_carry4_CI_CO[3])
                                                      0.114     8.984 r  design_1_i/ldpc_encoder_0/inst/ldpc_encoder_core/core_parity_bit_calculator/i___18_i_48/CO[3]
                         net (fo=1, routed)           0.000     8.984    design_1_i/ldpc_encoder_0/inst/ldpc_encoder_core/core_parity_bit_calculator/i___18_i_48_n_0
    SLICE_X89Y51         CARRY4 (Prop_carry4_CI_O[0])
                                                      0.222     9.206 r  design_1_i/ldpc_encoder_0/inst/ldpc_encoder_core/core_parity_bit_calculator/i___18_i_50/O[0]
                         net (fo=1389, routed)        2.249    11.455    design_1_i/ldpc_encoder_0/inst/ldpc_encoder_core/core_parity_bit_calculator/shifter_inst/rotated_val1_inferred__1/i___139_i_151_0[0]
    SLICE_X48Y43         LUT5 (Prop_lut5_I2_O)        0.327    11.782 r  design_1_i/ldpc_encoder_0/inst/ldpc_encoder_core/core_parity_bit_calculator/shifter_inst/rotated_val1_inferred__1/i___18_i_471/O
                         net (fo=2, routed)           0.884    12.666    design_1_i/ldpc_encoder_0/inst/ldpc_encoder_core/core_parity_bit_calculator/shifter_inst/rotated_val1_inferred__1/i___18_i_471_n_0
    SLICE_X56Y45         LUT6 (Prop_lut6_I5_O)        0.326    12.992 r  design_1_i/ldpc_encoder_0/inst/ldpc_encoder_core/core_parity_bit_calculator/shifter_inst/rotated_val1_inferred__1/i___344_i_304/O
                         net (fo=4, routed)           1.533    14.525    design_1_i/ldpc_encoder_0/inst/ldpc_encoder_core/core_parity_bit_calculator/shifter_inst/rotated_val1_inferred__1/i___344_i_304_n_0
    SLICE_X78Y46         LUT6 (Prop_lut6_I1_O)        0.124    14.649 r  design_1_i/ldpc_encoder_0/inst/ldpc_encoder_core/core_parity_bit_calculator/shifter_inst/rotated_val1_inferred__1/i___355_i_181/O
                         net (fo=4, routed)           0.935    15.584    design_1_i/ldpc_encoder_0/inst/ldpc_encoder_core/core_parity_bit_calculator/shifter_inst/rotated_val1_inferred__1/i___355_i_181_n_0
    SLICE_X92Y45         LUT6 (Prop_lut6_I5_O)        0.124    15.708 r  design_1_i/ldpc_encoder_0/inst/ldpc_encoder_core/core_parity_bit_calculator/shifter_inst/rotated_val1_inferred__1/ram_reg[0][0]_1_i_334/O
                         net (fo=4, routed)           0.982    16.690    design_1_i/ldpc_encoder_0/inst/ldpc_encoder_core/core_parity_bit_calculator/shifter_inst_n_887
    SLICE_X95Y46         LUT6 (Prop_lut6_I4_O)        0.124    16.814 r  design_1_i/ldpc_encoder_0/inst/ldpc_encoder_core/core_parity_bit_calculator/ram_reg[0][0]_1_i_247/O
                         net (fo=1, routed)           0.472    17.286    design_1_i/ldpc_encoder_0/inst/ldpc_encoder_core/core_parity_bit_calculator/ram_reg[0][0]_1_i_247_n_0
    SLICE_X93Y45         LUT6 (Prop_lut6_I2_O)        0.124    17.410 r  design_1_i/ldpc_encoder_0/inst/ldpc_encoder_core/core_parity_bit_calculator/ram_reg[0][0]_1_i_167/O
                         net (fo=4, routed)           2.088    19.498    design_1_i/ldpc_encoder_0/inst/ldpc_encoder_core/core_parity_bit_calculator/cs_out[74]
    SLICE_X35Y21         LUT6 (Prop_lut6_I4_O)        0.124    19.622 r  design_1_i/ldpc_encoder_0/inst/ldpc_encoder_core/core_parity_bit_calculator/ram_reg[0][0]_1_i_123/O
                         net (fo=6, routed)           0.889    20.511    design_1_i/ldpc_encoder_0/inst/ldpc_encoder_core/core_parity_bit_calculator/parity_core[1]_24[74]
    SLICE_X35Y22         LUT6 (Prop_lut6_I0_O)        0.124    20.635 r  design_1_i/ldpc_encoder_0/inst/ldpc_encoder_core/core_parity_bit_calculator/i___179_i_23/O
                         net (fo=1, routed)           1.457    22.092    design_1_i/ldpc_encoder_0/inst/ldpc_encoder_core/core_parity_bit_calculator/pc_rearrange/p_2_in[74]
    SLICE_X67Y28         LUT6 (Prop_lut6_I4_O)        0.124    22.216 r  design_1_i/ldpc_encoder_0/inst/ldpc_encoder_core/core_parity_bit_calculator/i___179_i_18/O
                         net (fo=1, routed)           0.805    23.021    design_1_i/ldpc_encoder_0/inst/ldpc_encoder_core/core_parity_bit_calculator/i___179_i_18_n_0
    SLICE_X69Y28         LUT6 (Prop_lut6_I4_O)        0.124    23.145 r  design_1_i/ldpc_encoder_0/inst/ldpc_encoder_core/core_parity_bit_calculator/i___179_i_9/O
                         net (fo=1, routed)           1.070    24.214    design_1_i/ldpc_encoder_0/inst/ldpc_encoder_core/core_parity_bit_calculator/parity_core_arranged[3]_28[74]
    SLICE_X54Y16         LUT5 (Prop_lut5_I3_O)        0.124    24.338 r  design_1_i/ldpc_encoder_0/inst/ldpc_encoder_core/core_parity_bit_calculator/i___179_i_7/O
                         net (fo=3, routed)           1.196    25.534    design_1_i/ldpc_encoder_0/inst/ldpc_encoder_core/core_parity_bit_calculator/p_6_out[362]
    SLICE_X49Y10         LUT5 (Prop_lut5_I1_O)        0.124    25.658 r  design_1_i/ldpc_encoder_0/inst/ldpc_encoder_core/core_parity_bit_calculator/i___201_i_2/O
                         net (fo=4, routed)           0.612    26.271    design_1_i/ldpc_encoder_0/inst/ldpc_encoder_core/top_level_shifter/i___212_i_1[280]
    SLICE_X49Y7          LUT6 (Prop_lut6_I0_O)        0.124    26.395 r  design_1_i/ldpc_encoder_0/inst/ldpc_encoder_core/top_level_shifter/i___785_i_2/O
                         net (fo=1, routed)           0.900    27.294    design_1_i/ldpc_encoder_0/inst/ldpc_encoder_core/core_parity_bit_calculator/gr_out[3]_15[77]
    SLICE_X60Y7          LUT6 (Prop_lut6_I0_O)        0.124    27.418 r  design_1_i/ldpc_encoder_0/inst/ldpc_encoder_core/core_parity_bit_calculator/i___785_i_1/O
                         net (fo=8, routed)           1.913    29.331    design_1_i/ldpc_encoder_0/inst/ldpc_encoder_core/core_parity_bit_calculator/lifting_size_q_reg[2]_rep_2[60]
    SLICE_X108Y9         LUT6 (Prop_lut6_I2_O)        0.124    29.455 r  design_1_i/ldpc_encoder_0/inst/ldpc_encoder_core/core_parity_bit_calculator/i___659_i_5/O
                         net (fo=4, routed)           0.957    30.411    design_1_i/ldpc_encoder_0/inst/ldpc_encoder_core/core_parity_bit_calculator/i___775_i_3_8
    SLICE_X106Y10        LUT3 (Prop_lut3_I0_O)        0.152    30.563 r  design_1_i/ldpc_encoder_0/inst/ldpc_encoder_core/core_parity_bit_calculator/i___671_i_3/O
                         net (fo=2, routed)           0.894    31.457    design_1_i/ldpc_encoder_0/inst/ldpc_encoder_core/core_parity_bit_calculator/i___671_i_3_n_0
    SLICE_X105Y9         LUT6 (Prop_lut6_I0_O)        0.332    31.789 r  design_1_i/ldpc_encoder_0/inst/ldpc_encoder_core/core_parity_bit_calculator/i___673_i_1/O
                         net (fo=2, routed)           1.063    32.853    design_1_i/ldpc_encoder_0/inst/ldpc_encoder_core/top_level_shifter/data_out_internal[1][79]_i_2_0
    SLICE_X93Y13         LUT6 (Prop_lut6_I4_O)        0.124    32.977 r  design_1_i/ldpc_encoder_0/inst/ldpc_encoder_core/top_level_shifter/i___674/O
                         net (fo=3, routed)           0.983    33.960    design_1_i/ldpc_encoder_0/inst/ldpc_encoder_core/top_level_shifter/i___674_n_0
    SLICE_X86Y13         LUT5 (Prop_lut5_I2_O)        0.124    34.084 r  design_1_i/ldpc_encoder_0/inst/ldpc_encoder_core/top_level_shifter/data_out_internal[2][87]_i_2/O
                         net (fo=1, routed)           0.605    34.689    design_1_i/ldpc_encoder_0/inst/ldpc_encoder_core/top_level_shifter/cs_data_out[2]_4[87]
    SLICE_X86Y15         LUT3 (Prop_lut3_I0_O)        0.124    34.813 r  design_1_i/ldpc_encoder_0/inst/ldpc_encoder_core/top_level_shifter/data_out_internal[2][87]_i_1/O
                         net (fo=1, routed)           0.000    34.813    design_1_i/ldpc_encoder_0/inst/ldpc_encoder_core/gf2_sum/data_out_internal_reg[2][95]_1[87]
    SLICE_X86Y15         FDCE                                         r  design_1_i/ldpc_encoder_0/inst/ldpc_encoder_core/gf2_sum/data_out_internal_reg[2][87]/D

---

                         (clock clk_fpga_0 rise edge)
                                                     33.000    33.000 r
    PS7_X0Y0             PS7                          0.000    33.000 r  design_1_i/processing_system7_0/inst/PS7_i/FCLKCLK[0]
                         net (fo=1, routed)           1.088    34.088    design_1_i/processing_system7_0/inst/FCLK_CLK_unbuffered[0]
    BUFGCTRL_X0Y16       BUFG (Prop_bufg_I_O)         0.091    34.179 r  design_1_i/processing_system7_0/inst/buffer_fclk_clk_0.FCLK_CLK_0_BUFG/O
                         net (fo=9086, routed)        1.557    35.736    design_1_i/ldpc_encoder_0/inst/ldpc_encoder_core/gf2_sum/clk_i
    SLICE_X86Y15         FDCE                                         r  design_1_i/ldpc_encoder_0/inst/ldpc_encoder_core/gf2_sum/data_out_internal_reg[2][87]/C
                         clock pessimism              0.230    35.966
                         clock uncertainty           -0.496    35.470
    SLICE_X86Y15         FDCE (Setup_fdce_C_D)        0.077    35.547    design_1_i/ldpc_encoder_0/inst/ldpc_encoder_core/gf2_sum/data_out_internal_reg[2][87]

---

                         required time                         35.547
                         arrival time                         -34.813

---

                         slack                                  0.733

Slack (MET) : 0.789ns (required time - arrival time)
Source: design_1_i/ldpc_encoder_0/inst/ldpc_encoder_core/lifting_size_q_reg[6]\_rep/C
(rising edge-triggered cell FDCE clocked by clk_fpga_0 {rise@0.000ns fall@16.500ns period=33.000ns})
Destination: design_1_i/ldpc_encoder_0/inst/ldpc_encoder_core/gf2_sum/data_out_internal_reg[3][80]/D
(rising edge-triggered cell FDCE clocked by clk_fpga_0 {rise@0.000ns fall@16.500ns period=33.000ns})
Path Group: clk_fpga_0
Path Type: Setup (Max at Slow Process Corner)
Requirement: 33.000ns (clk_fpga_0 rise@33.000ns - clk_fpga_0 rise@0.000ns)
Data Path Delay: 31.682ns (logic 5.926ns (18.705%) route 25.756ns (81.295%))
Logic Levels: 28 (CARRY4=5 LUT2=1 LUT3=3 LUT4=1 LUT5=4 LUT6=14)
Clock Path Skew: -0.062ns (DCD - SCD + CPR)
Destination Clock Delay (DCD): 2.735ns = ( 35.736 - 33.000 )
Source Clock Delay (SCD): 3.027ns
Clock Pessimism Removal (CPR): 0.230ns
Clock Uncertainty: 0.496ns ((TSJ^2 + TIJ^2)^1/2 + DJ) / 2 + PE
Total System Jitter (TSJ): 0.071ns
Total Input Jitter (TIJ): 0.990ns
Discrete Jitter (DJ): 0.000ns
Phase Error (PE): 0.000ns

    Location             Delay type                Incr(ns)  Path(ns)    Netlist Resource(s)

---

                         (clock clk_fpga_0 rise edge)
                                                      0.000     0.000 r
    PS7_X0Y0             PS7                          0.000     0.000 r  design_1_i/processing_system7_0/inst/PS7_i/FCLKCLK[0]
                         net (fo=1, routed)           1.193     1.193    design_1_i/processing_system7_0/inst/FCLK_CLK_unbuffered[0]
    BUFGCTRL_X0Y16       BUFG (Prop_bufg_I_O)         0.101     1.294 r  design_1_i/processing_system7_0/inst/buffer_fclk_clk_0.FCLK_CLK_0_BUFG/O
                         net (fo=9086, routed)        1.733     3.027    design_1_i/ldpc_encoder_0/inst/ldpc_encoder_core/clk_i
    SLICE_X69Y43         FDCE                                         r  design_1_i/ldpc_encoder_0/inst/ldpc_encoder_core/lifting_size_q_reg[6]_rep/C

---

    SLICE_X69Y43         FDCE (Prop_fdce_C_Q)         0.456     3.483 r  design_1_i/ldpc_encoder_0/inst/ldpc_encoder_core/lifting_size_q_reg[6]_rep/Q
                         net (fo=137, routed)         1.172     4.655    design_1_i/ldpc_encoder_0/inst/ldpc_encoder_core/core_parity_bit_calculator/shifter_amt_q_reg[6]_0
    SLICE_X64Y46         LUT4 (Prop_lut4_I2_O)        0.124     4.779 r  design_1_i/ldpc_encoder_0/inst/ldpc_encoder_core/core_parity_bit_calculator/i___217_i_173/O
                         net (fo=1, routed)           0.000     4.779    design_1_i/ldpc_encoder_0/inst/ldpc_encoder_core/core_parity_bit_calculator/i___217_i_173_n_0
    SLICE_X64Y46         CARRY4 (Prop_carry4_S[3]_CO[3])
                                                      0.401     5.180 r  design_1_i/ldpc_encoder_0/inst/ldpc_encoder_core/core_parity_bit_calculator/i___217_i_98/CO[3]
                         net (fo=1, routed)           0.000     5.180    design_1_i/ldpc_encoder_0/inst/ldpc_encoder_core/core_parity_bit_calculator/i___217_i_98_n_0
    SLICE_X64Y47         CARRY4 (Prop_carry4_CI_CO[0])
                                                      0.271     5.451 r  design_1_i/ldpc_encoder_0/inst/ldpc_encoder_core/core_parity_bit_calculator/i___217_i_62/CO[0]
                         net (fo=71, routed)          0.702     6.153    design_1_i/ldpc_encoder_0/inst/ldpc_encoder_core/core_parity_bit_calculator/i___217_i_62_n_3
    SLICE_X63Y47         LUT3 (Prop_lut3_I1_O)        0.367     6.520 r  design_1_i/ldpc_encoder_0/inst/ldpc_encoder_core/core_parity_bit_calculator/i___217_i_44/O
                         net (fo=771, routed)         1.491     8.011    design_1_i/ldpc_encoder_0/inst/ldpc_encoder_core/core_parity_bit_calculator/i___217_i_44_n_0
    SLICE_X89Y49         LUT2 (Prop_lut2_I1_O)        0.326     8.337 r  design_1_i/ldpc_encoder_0/inst/ldpc_encoder_core/core_parity_bit_calculator/i___217_i_70/O
                         net (fo=1, routed)           0.000     8.337    design_1_i/ldpc_encoder_0/inst/ldpc_encoder_core/core_parity_bit_calculator/i___217_i_70_n_0
    SLICE_X89Y49         CARRY4 (Prop_carry4_S[0]_CO[3])
                                                      0.532     8.869 r  design_1_i/ldpc_encoder_0/inst/ldpc_encoder_core/core_parity_bit_calculator/i___217_i_47/CO[3]
                         net (fo=1, routed)           0.001     8.870    design_1_i/ldpc_encoder_0/inst/ldpc_encoder_core/core_parity_bit_calculator/i___217_i_47_n_0
    SLICE_X89Y50         CARRY4 (Prop_carry4_CI_CO[3])
                                                      0.114     8.984 r  design_1_i/ldpc_encoder_0/inst/ldpc_encoder_core/core_parity_bit_calculator/i___18_i_48/CO[3]
                         net (fo=1, routed)           0.000     8.984    design_1_i/ldpc_encoder_0/inst/ldpc_encoder_core/core_parity_bit_calculator/i___18_i_48_n_0
    SLICE_X89Y51         CARRY4 (Prop_carry4_CI_O[0])
                                                      0.222     9.206 r  design_1_i/ldpc_encoder_0/inst/ldpc_encoder_core/core_parity_bit_calculator/i___18_i_50/O[0]
                         net (fo=1389, routed)        2.249    11.455    design_1_i/ldpc_encoder_0/inst/ldpc_encoder_core/core_parity_bit_calculator/shifter_inst/rotated_val1_inferred__1/i___139_i_151_0[0]
    SLICE_X48Y43         LUT5 (Prop_lut5_I2_O)        0.327    11.782 r  design_1_i/ldpc_encoder_0/inst/ldpc_encoder_core/core_parity_bit_calculator/shifter_inst/rotated_val1_inferred__1/i___18_i_471/O
                         net (fo=2, routed)           0.884    12.666    design_1_i/ldpc_encoder_0/inst/ldpc_encoder_core/core_parity_bit_calculator/shifter_inst/rotated_val1_inferred__1/i___18_i_471_n_0
    SLICE_X56Y45         LUT6 (Prop_lut6_I5_O)        0.326    12.992 r  design_1_i/ldpc_encoder_0/inst/ldpc_encoder_core/core_parity_bit_calculator/shifter_inst/rotated_val1_inferred__1/i___344_i_304/O
                         net (fo=4, routed)           1.533    14.525    design_1_i/ldpc_encoder_0/inst/ldpc_encoder_core/core_parity_bit_calculator/shifter_inst/rotated_val1_inferred__1/i___344_i_304_n_0
    SLICE_X78Y46         LUT6 (Prop_lut6_I1_O)        0.124    14.649 r  design_1_i/ldpc_encoder_0/inst/ldpc_encoder_core/core_parity_bit_calculator/shifter_inst/rotated_val1_inferred__1/i___355_i_181/O
                         net (fo=4, routed)           0.935    15.584    design_1_i/ldpc_encoder_0/inst/ldpc_encoder_core/core_parity_bit_calculator/shifter_inst/rotated_val1_inferred__1/i___355_i_181_n_0
    SLICE_X92Y45         LUT6 (Prop_lut6_I5_O)        0.124    15.708 r  design_1_i/ldpc_encoder_0/inst/ldpc_encoder_core/core_parity_bit_calculator/shifter_inst/rotated_val1_inferred__1/ram_reg[0][0]_1_i_334/O
                         net (fo=4, routed)           0.982    16.690    design_1_i/ldpc_encoder_0/inst/ldpc_encoder_core/core_parity_bit_calculator/shifter_inst_n_887
    SLICE_X95Y46         LUT6 (Prop_lut6_I4_O)        0.124    16.814 r  design_1_i/ldpc_encoder_0/inst/ldpc_encoder_core/core_parity_bit_calculator/ram_reg[0][0]_1_i_247/O
                         net (fo=1, routed)           0.472    17.286    design_1_i/ldpc_encoder_0/inst/ldpc_encoder_core/core_parity_bit_calculator/ram_reg[0][0]_1_i_247_n_0
    SLICE_X93Y45         LUT6 (Prop_lut6_I2_O)        0.124    17.410 r  design_1_i/ldpc_encoder_0/inst/ldpc_encoder_core/core_parity_bit_calculator/ram_reg[0][0]_1_i_167/O
                         net (fo=4, routed)           2.088    19.498    design_1_i/ldpc_encoder_0/inst/ldpc_encoder_core/core_parity_bit_calculator/cs_out[74]
    SLICE_X35Y21         LUT6 (Prop_lut6_I4_O)        0.124    19.622 r  design_1_i/ldpc_encoder_0/inst/ldpc_encoder_core/core_parity_bit_calculator/ram_reg[0][0]_1_i_123/O
                         net (fo=6, routed)           0.889    20.511    design_1_i/ldpc_encoder_0/inst/ldpc_encoder_core/core_parity_bit_calculator/parity_core[1]_24[74]
    SLICE_X35Y22         LUT6 (Prop_lut6_I0_O)        0.124    20.635 r  design_1_i/ldpc_encoder_0/inst/ldpc_encoder_core/core_parity_bit_calculator/i___179_i_23/O
                         net (fo=1, routed)           1.457    22.092    design_1_i/ldpc_encoder_0/inst/ldpc_encoder_core/core_parity_bit_calculator/pc_rearrange/p_2_in[74]
    SLICE_X67Y28         LUT6 (Prop_lut6_I4_O)        0.124    22.216 r  design_1_i/ldpc_encoder_0/inst/ldpc_encoder_core/core_parity_bit_calculator/i___179_i_18/O
                         net (fo=1, routed)           0.805    23.021    design_1_i/ldpc_encoder_0/inst/ldpc_encoder_core/core_parity_bit_calculator/i___179_i_18_n_0
    SLICE_X69Y28         LUT6 (Prop_lut6_I4_O)        0.124    23.145 r  design_1_i/ldpc_encoder_0/inst/ldpc_encoder_core/core_parity_bit_calculator/i___179_i_9/O
                         net (fo=1, routed)           1.070    24.214    design_1_i/ldpc_encoder_0/inst/ldpc_encoder_core/core_parity_bit_calculator/parity_core_arranged[3]_28[74]
    SLICE_X54Y16         LUT5 (Prop_lut5_I3_O)        0.124    24.338 r  design_1_i/ldpc_encoder_0/inst/ldpc_encoder_core/core_parity_bit_calculator/i___179_i_7/O
                         net (fo=3, routed)           1.196    25.534    design_1_i/ldpc_encoder_0/inst/ldpc_encoder_core/core_parity_bit_calculator/p_6_out[362]
    SLICE_X49Y10         LUT5 (Prop_lut5_I1_O)        0.124    25.658 r  design_1_i/ldpc_encoder_0/inst/ldpc_encoder_core/core_parity_bit_calculator/i___201_i_2/O
                         net (fo=4, routed)           0.612    26.271    design_1_i/ldpc_encoder_0/inst/ldpc_encoder_core/top_level_shifter/i___212_i_1[280]
    SLICE_X49Y7          LUT6 (Prop_lut6_I0_O)        0.124    26.395 r  design_1_i/ldpc_encoder_0/inst/ldpc_encoder_core/top_level_shifter/i___785_i_2/O
                         net (fo=1, routed)           0.900    27.294    design_1_i/ldpc_encoder_0/inst/ldpc_encoder_core/core_parity_bit_calculator/gr_out[3]_15[77]
    SLICE_X60Y7          LUT6 (Prop_lut6_I0_O)        0.124    27.418 r  design_1_i/ldpc_encoder_0/inst/ldpc_encoder_core/core_parity_bit_calculator/i___785_i_1/O
                         net (fo=8, routed)           1.935    29.353    design_1_i/ldpc_encoder_0/inst/ldpc_encoder_core/top_level_shifter/i___690_i_3_0[60]
    SLICE_X104Y9         LUT6 (Prop_lut6_I0_O)        0.124    29.477 r  design_1_i/ldpc_encoder_0/inst/ldpc_encoder_core/top_level_shifter/i___699_i_5/O
                         net (fo=3, routed)           0.902    30.379    design_1_i/ldpc_encoder_0/inst/ldpc_encoder_core/top_level_shifter/i___699_i_5_n_0
    SLICE_X102Y9         LUT6 (Prop_lut6_I1_O)        0.124    30.503 r  design_1_i/ldpc_encoder_0/inst/ldpc_encoder_core/top_level_shifter/i___701_i_3/O
                         net (fo=2, routed)           1.333    31.835    design_1_i/ldpc_encoder_0/inst/ldpc_encoder_core/top_level_shifter/i___701_i_3_n_0
    SLICE_X88Y10         LUT3 (Prop_lut3_I2_O)        0.150    31.985 r  design_1_i/ldpc_encoder_0/inst/ldpc_encoder_core/top_level_shifter/i___701_i_1/O
                         net (fo=1, routed)           0.717    32.702    design_1_i/ldpc_encoder_0/inst/ldpc_encoder_core/top_level_shifter/gen_shifters[3].shifter_inst/rotated_val10_in[80]
    SLICE_X85Y12         LUT6 (Prop_lut6_I2_O)        0.326    33.028 r  design_1_i/ldpc_encoder_0/inst/ldpc_encoder_core/top_level_shifter/i___701/O
                         net (fo=3, routed)           0.858    33.886    design_1_i/ldpc_encoder_0/inst/ldpc_encoder_core/top_level_shifter/i___701_n_0
    SLICE_X83Y15         LUT5 (Prop_lut5_I4_O)        0.124    34.010 r  design_1_i/ldpc_encoder_0/inst/ldpc_encoder_core/top_level_shifter/data_out_internal[3][80]_i_2/O
                         net (fo=1, routed)           0.575    34.585    design_1_i/ldpc_encoder_0/inst/ldpc_encoder_core/top_level_shifter/cs_data_out[3]_5[80]
    SLICE_X83Y15         LUT3 (Prop_lut3_I0_O)        0.124    34.709 r  design_1_i/ldpc_encoder_0/inst/ldpc_encoder_core/top_level_shifter/data_out_internal[3][80]_i_1/O
                         net (fo=1, routed)           0.000    34.709    design_1_i/ldpc_encoder_0/inst/ldpc_encoder_core/gf2_sum/data_out_internal_reg[3][95]_3[80]
    SLICE_X83Y15         FDCE                                         r  design_1_i/ldpc_encoder_0/inst/ldpc_encoder_core/gf2_sum/data_out_internal_reg[3][80]/D

---

                         (clock clk_fpga_0 rise edge)
                                                     33.000    33.000 r
    PS7_X0Y0             PS7                          0.000    33.000 r  design_1_i/processing_system7_0/inst/PS7_i/FCLKCLK[0]
                         net (fo=1, routed)           1.088    34.088    design_1_i/processing_system7_0/inst/FCLK_CLK_unbuffered[0]
    BUFGCTRL_X0Y16       BUFG (Prop_bufg_I_O)         0.091    34.179 r  design_1_i/processing_system7_0/inst/buffer_fclk_clk_0.FCLK_CLK_0_BUFG/O
                         net (fo=9086, routed)        1.556    35.736    design_1_i/ldpc_encoder_0/inst/ldpc_encoder_core/gf2_sum/clk_i
    SLICE_X83Y15         FDCE                                         r  design_1_i/ldpc_encoder_0/inst/ldpc_encoder_core/gf2_sum/data_out_internal_reg[3][80]/C
                         clock pessimism              0.230    35.965
                         clock uncertainty           -0.496    35.469
    SLICE_X83Y15         FDCE (Setup_fdce_C_D)        0.029    35.498    design_1_i/ldpc_encoder_0/inst/ldpc_encoder_core/gf2_sum/data_out_internal_reg[3][80]

---

                         required time                         35.498
                         arrival time                         -34.709

---

                         slack                                  0.789

Slack (MET) : 0.791ns (required time - arrival time)
Source: design_1_i/ldpc_encoder_0/inst/ldpc_encoder_core/lifting_size_q_reg[6]\_rep/C
(rising edge-triggered cell FDCE clocked by clk_fpga_0 {rise@0.000ns fall@16.500ns period=33.000ns})
Destination: design_1_i/ldpc_encoder_0/inst/ldpc_encoder_core/gf2_sum/data_out_internal_reg[3][35]/D
(rising edge-triggered cell FDCE clocked by clk_fpga_0 {rise@0.000ns fall@16.500ns period=33.000ns})
Path Group: clk_fpga_0
Path Type: Setup (Max at Slow Process Corner)
Requirement: 33.000ns (clk_fpga_0 rise@33.000ns - clk_fpga_0 rise@0.000ns)
Data Path Delay: 31.788ns (logic 5.952ns (18.724%) route 25.836ns (81.276%))
Logic Levels: 28 (CARRY4=5 LUT2=1 LUT3=3 LUT4=1 LUT5=4 LUT6=14)
Clock Path Skew: 0.001ns (DCD - SCD + CPR)
Destination Clock Delay (DCD): 2.798ns = ( 35.799 - 33.000 )
Source Clock Delay (SCD): 3.027ns
Clock Pessimism Removal (CPR): 0.230ns
Clock Uncertainty: 0.496ns ((TSJ^2 + TIJ^2)^1/2 + DJ) / 2 + PE
Total System Jitter (TSJ): 0.071ns
Total Input Jitter (TIJ): 0.990ns
Discrete Jitter (DJ): 0.000ns
Phase Error (PE): 0.000ns

    Location             Delay type                Incr(ns)  Path(ns)    Netlist Resource(s)

---

                         (clock clk_fpga_0 rise edge)
                                                      0.000     0.000 r
    PS7_X0Y0             PS7                          0.000     0.000 r  design_1_i/processing_system7_0/inst/PS7_i/FCLKCLK[0]
                         net (fo=1, routed)           1.193     1.193    design_1_i/processing_system7_0/inst/FCLK_CLK_unbuffered[0]
    BUFGCTRL_X0Y16       BUFG (Prop_bufg_I_O)         0.101     1.294 r  design_1_i/processing_system7_0/inst/buffer_fclk_clk_0.FCLK_CLK_0_BUFG/O
                         net (fo=9086, routed)        1.733     3.027    design_1_i/ldpc_encoder_0/inst/ldpc_encoder_core/clk_i
    SLICE_X69Y43         FDCE                                         r  design_1_i/ldpc_encoder_0/inst/ldpc_encoder_core/lifting_size_q_reg[6]_rep/C

---

    SLICE_X69Y43         FDCE (Prop_fdce_C_Q)         0.456     3.483 r  design_1_i/ldpc_encoder_0/inst/ldpc_encoder_core/lifting_size_q_reg[6]_rep/Q
                         net (fo=137, routed)         1.172     4.655    design_1_i/ldpc_encoder_0/inst/ldpc_encoder_core/core_parity_bit_calculator/shifter_amt_q_reg[6]_0
    SLICE_X64Y46         LUT4 (Prop_lut4_I2_O)        0.124     4.779 r  design_1_i/ldpc_encoder_0/inst/ldpc_encoder_core/core_parity_bit_calculator/i___217_i_173/O
                         net (fo=1, routed)           0.000     4.779    design_1_i/ldpc_encoder_0/inst/ldpc_encoder_core/core_parity_bit_calculator/i___217_i_173_n_0
    SLICE_X64Y46         CARRY4 (Prop_carry4_S[3]_CO[3])
                                                      0.401     5.180 r  design_1_i/ldpc_encoder_0/inst/ldpc_encoder_core/core_parity_bit_calculator/i___217_i_98/CO[3]
                         net (fo=1, routed)           0.000     5.180    design_1_i/ldpc_encoder_0/inst/ldpc_encoder_core/core_parity_bit_calculator/i___217_i_98_n_0
    SLICE_X64Y47         CARRY4 (Prop_carry4_CI_CO[0])
                                                      0.271     5.451 r  design_1_i/ldpc_encoder_0/inst/ldpc_encoder_core/core_parity_bit_calculator/i___217_i_62/CO[0]
                         net (fo=71, routed)          0.702     6.153    design_1_i/ldpc_encoder_0/inst/ldpc_encoder_core/core_parity_bit_calculator/i___217_i_62_n_3
    SLICE_X63Y47         LUT3 (Prop_lut3_I1_O)        0.367     6.520 r  design_1_i/ldpc_encoder_0/inst/ldpc_encoder_core/core_parity_bit_calculator/i___217_i_44/O
                         net (fo=771, routed)         1.491     8.011    design_1_i/ldpc_encoder_0/inst/ldpc_encoder_core/core_parity_bit_calculator/i___217_i_44_n_0
    SLICE_X89Y49         LUT2 (Prop_lut2_I1_O)        0.326     8.337 r  design_1_i/ldpc_encoder_0/inst/ldpc_encoder_core/core_parity_bit_calculator/i___217_i_70/O
                         net (fo=1, routed)           0.000     8.337    design_1_i/ldpc_encoder_0/inst/ldpc_encoder_core/core_parity_bit_calculator/i___217_i_70_n_0
    SLICE_X89Y49         CARRY4 (Prop_carry4_S[0]_CO[3])
                                                      0.532     8.869 r  design_1_i/ldpc_encoder_0/inst/ldpc_encoder_core/core_parity_bit_calculator/i___217_i_47/CO[3]
                         net (fo=1, routed)           0.001     8.870    design_1_i/ldpc_encoder_0/inst/ldpc_encoder_core/core_parity_bit_calculator/i___217_i_47_n_0
    SLICE_X89Y50         CARRY4 (Prop_carry4_CI_CO[3])
                                                      0.114     8.984 r  design_1_i/ldpc_encoder_0/inst/ldpc_encoder_core/core_parity_bit_calculator/i___18_i_48/CO[3]
                         net (fo=1, routed)           0.000     8.984    design_1_i/ldpc_encoder_0/inst/ldpc_encoder_core/core_parity_bit_calculator/i___18_i_48_n_0
    SLICE_X89Y51         CARRY4 (Prop_carry4_CI_O[0])
                                                      0.222     9.206 r  design_1_i/ldpc_encoder_0/inst/ldpc_encoder_core/core_parity_bit_calculator/i___18_i_50/O[0]
                         net (fo=1389, routed)        2.249    11.455    design_1_i/ldpc_encoder_0/inst/ldpc_encoder_core/core_parity_bit_calculator/shifter_inst/rotated_val1_inferred__1/i___139_i_151_0[0]
    SLICE_X48Y43         LUT5 (Prop_lut5_I2_O)        0.327    11.782 r  design_1_i/ldpc_encoder_0/inst/ldpc_encoder_core/core_parity_bit_calculator/shifter_inst/rotated_val1_inferred__1/i___18_i_471/O
                         net (fo=2, routed)           0.884    12.666    design_1_i/ldpc_encoder_0/inst/ldpc_encoder_core/core_parity_bit_calculator/shifter_inst/rotated_val1_inferred__1/i___18_i_471_n_0
    SLICE_X56Y45         LUT6 (Prop_lut6_I5_O)        0.326    12.992 r  design_1_i/ldpc_encoder_0/inst/ldpc_encoder_core/core_parity_bit_calculator/shifter_inst/rotated_val1_inferred__1/i___344_i_304/O
                         net (fo=4, routed)           1.533    14.525    design_1_i/ldpc_encoder_0/inst/ldpc_encoder_core/core_parity_bit_calculator/shifter_inst/rotated_val1_inferred__1/i___344_i_304_n_0
    SLICE_X78Y46         LUT6 (Prop_lut6_I1_O)        0.124    14.649 r  design_1_i/ldpc_encoder_0/inst/ldpc_encoder_core/core_parity_bit_calculator/shifter_inst/rotated_val1_inferred__1/i___355_i_181/O
                         net (fo=4, routed)           0.935    15.584    design_1_i/ldpc_encoder_0/inst/ldpc_encoder_core/core_parity_bit_calculator/shifter_inst/rotated_val1_inferred__1/i___355_i_181_n_0
    SLICE_X92Y45         LUT6 (Prop_lut6_I5_O)        0.124    15.708 r  design_1_i/ldpc_encoder_0/inst/ldpc_encoder_core/core_parity_bit_calculator/shifter_inst/rotated_val1_inferred__1/ram_reg[0][0]_1_i_334/O
                         net (fo=4, routed)           0.982    16.690    design_1_i/ldpc_encoder_0/inst/ldpc_encoder_core/core_parity_bit_calculator/shifter_inst_n_887
    SLICE_X95Y46         LUT6 (Prop_lut6_I4_O)        0.124    16.814 r  design_1_i/ldpc_encoder_0/inst/ldpc_encoder_core/core_parity_bit_calculator/ram_reg[0][0]_1_i_247/O
                         net (fo=1, routed)           0.472    17.286    design_1_i/ldpc_encoder_0/inst/ldpc_encoder_core/core_parity_bit_calculator/ram_reg[0][0]_1_i_247_n_0
    SLICE_X93Y45         LUT6 (Prop_lut6_I2_O)        0.124    17.410 r  design_1_i/ldpc_encoder_0/inst/ldpc_encoder_core/core_parity_bit_calculator/ram_reg[0][0]_1_i_167/O
                         net (fo=4, routed)           2.088    19.498    design_1_i/ldpc_encoder_0/inst/ldpc_encoder_core/core_parity_bit_calculator/cs_out[74]
    SLICE_X35Y21         LUT6 (Prop_lut6_I4_O)        0.124    19.622 r  design_1_i/ldpc_encoder_0/inst/ldpc_encoder_core/core_parity_bit_calculator/ram_reg[0][0]_1_i_123/O
                         net (fo=6, routed)           0.889    20.511    design_1_i/ldpc_encoder_0/inst/ldpc_encoder_core/core_parity_bit_calculator/parity_core[1]_24[74]
    SLICE_X35Y22         LUT6 (Prop_lut6_I0_O)        0.124    20.635 r  design_1_i/ldpc_encoder_0/inst/ldpc_encoder_core/core_parity_bit_calculator/i___179_i_23/O
                         net (fo=1, routed)           1.457    22.092    design_1_i/ldpc_encoder_0/inst/ldpc_encoder_core/core_parity_bit_calculator/pc_rearrange/p_2_in[74]
    SLICE_X67Y28         LUT6 (Prop_lut6_I4_O)        0.124    22.216 r  design_1_i/ldpc_encoder_0/inst/ldpc_encoder_core/core_parity_bit_calculator/i___179_i_18/O
                         net (fo=1, routed)           0.805    23.021    design_1_i/ldpc_encoder_0/inst/ldpc_encoder_core/core_parity_bit_calculator/i___179_i_18_n_0
    SLICE_X69Y28         LUT6 (Prop_lut6_I4_O)        0.124    23.145 r  design_1_i/ldpc_encoder_0/inst/ldpc_encoder_core/core_parity_bit_calculator/i___179_i_9/O
                         net (fo=1, routed)           1.070    24.214    design_1_i/ldpc_encoder_0/inst/ldpc_encoder_core/core_parity_bit_calculator/parity_core_arranged[3]_28[74]
    SLICE_X54Y16         LUT5 (Prop_lut5_I3_O)        0.124    24.338 r  design_1_i/ldpc_encoder_0/inst/ldpc_encoder_core/core_parity_bit_calculator/i___179_i_7/O
                         net (fo=3, routed)           1.196    25.534    design_1_i/ldpc_encoder_0/inst/ldpc_encoder_core/core_parity_bit_calculator/p_6_out[362]
    SLICE_X49Y10         LUT5 (Prop_lut5_I1_O)        0.124    25.658 r  design_1_i/ldpc_encoder_0/inst/ldpc_encoder_core/core_parity_bit_calculator/i___201_i_2/O
                         net (fo=4, routed)           0.612    26.271    design_1_i/ldpc_encoder_0/inst/ldpc_encoder_core/top_level_shifter/i___212_i_1[280]
    SLICE_X49Y7          LUT6 (Prop_lut6_I0_O)        0.124    26.395 r  design_1_i/ldpc_encoder_0/inst/ldpc_encoder_core/top_level_shifter/i___785_i_2/O
                         net (fo=1, routed)           0.900    27.294    design_1_i/ldpc_encoder_0/inst/ldpc_encoder_core/core_parity_bit_calculator/gr_out[3]_15[77]
    SLICE_X60Y7          LUT6 (Prop_lut6_I0_O)        0.124    27.418 r  design_1_i/ldpc_encoder_0/inst/ldpc_encoder_core/core_parity_bit_calculator/i___785_i_1/O
                         net (fo=8, routed)           1.935    29.353    design_1_i/ldpc_encoder_0/inst/ldpc_encoder_core/top_level_shifter/i___690_i_3_0[60]
    SLICE_X104Y9         LUT6 (Prop_lut6_I0_O)        0.124    29.477 r  design_1_i/ldpc_encoder_0/inst/ldpc_encoder_core/top_level_shifter/i___699_i_5/O
                         net (fo=3, routed)           0.902    30.379    design_1_i/ldpc_encoder_0/inst/ldpc_encoder_core/top_level_shifter/i___699_i_5_n_0
    SLICE_X102Y9         LUT6 (Prop_lut6_I1_O)        0.124    30.503 r  design_1_i/ldpc_encoder_0/inst/ldpc_encoder_core/top_level_shifter/i___701_i_3/O
                         net (fo=2, routed)           1.333    31.835    design_1_i/ldpc_encoder_0/inst/ldpc_encoder_core/top_level_shifter/i___701_i_3_n_0
    SLICE_X88Y10         LUT3 (Prop_lut3_I2_O)        0.150    31.985 r  design_1_i/ldpc_encoder_0/inst/ldpc_encoder_core/top_level_shifter/i___701_i_1/O
                         net (fo=1, routed)           0.717    32.702    design_1_i/ldpc_encoder_0/inst/ldpc_encoder_core/top_level_shifter/gen_shifters[3].shifter_inst/rotated_val10_in[80]
    SLICE_X85Y12         LUT6 (Prop_lut6_I2_O)        0.326    33.028 r  design_1_i/ldpc_encoder_0/inst/ldpc_encoder_core/top_level_shifter/i___701/O
                         net (fo=3, routed)           1.020    34.048    design_1_i/ldpc_encoder_0/inst/ldpc_encoder_core/top_level_shifter/i___701_n_0
    SLICE_X94Y14         LUT5 (Prop_lut5_I1_O)        0.124    34.172 r  design_1_i/ldpc_encoder_0/inst/ldpc_encoder_core/top_level_shifter/data_out_internal[3][35]_i_2/O
                         net (fo=1, routed)           0.493    34.665    design_1_i/ldpc_encoder_0/inst/ldpc_encoder_core/top_level_shifter/cs_data_out[3]_5[35]
    SLICE_X95Y14         LUT3 (Prop_lut3_I0_O)        0.150    34.815 r  design_1_i/ldpc_encoder_0/inst/ldpc_encoder_core/top_level_shifter/data_out_internal[3][35]_i_1/O
                         net (fo=1, routed)           0.000    34.815    design_1_i/ldpc_encoder_0/inst/ldpc_encoder_core/gf2_sum/data_out_internal_reg[3][95]_3[35]
    SLICE_X95Y14         FDCE                                         r  design_1_i/ldpc_encoder_0/inst/ldpc_encoder_core/gf2_sum/data_out_internal_reg[3][35]/D

---

                         (clock clk_fpga_0 rise edge)
                                                     33.000    33.000 r
    PS7_X0Y0             PS7                          0.000    33.000 r  design_1_i/processing_system7_0/inst/PS7_i/FCLKCLK[0]
                         net (fo=1, routed)           1.088    34.088    design_1_i/processing_system7_0/inst/FCLK_CLK_unbuffered[0]
    BUFGCTRL_X0Y16       BUFG (Prop_bufg_I_O)         0.091    34.179 r  design_1_i/processing_system7_0/inst/buffer_fclk_clk_0.FCLK_CLK_0_BUFG/O
                         net (fo=9086, routed)        1.619    35.799    design_1_i/ldpc_encoder_0/inst/ldpc_encoder_core/gf2_sum/clk_i
    SLICE_X95Y14         FDCE                                         r  design_1_i/ldpc_encoder_0/inst/ldpc_encoder_core/gf2_sum/data_out_internal_reg[3][35]/C
                         clock pessimism              0.230    36.028
                         clock uncertainty           -0.496    35.532
    SLICE_X95Y14         FDCE (Setup_fdce_C_D)        0.075    35.607    design_1_i/ldpc_encoder_0/inst/ldpc_encoder_core/gf2_sum/data_out_internal_reg[3][35]

---

                         required time                         35.607
                         arrival time                         -34.815

---

                         slack                                  0.791

Slack (MET) : 0.846ns (required time - arrival time)
Source: design_1_i/ldpc_encoder_0/inst/ldpc_encoder_core/lifting_size_q_reg[6]\_rep/C
(rising edge-triggered cell FDCE clocked by clk_fpga_0 {rise@0.000ns fall@16.500ns period=33.000ns})
Destination: design_1_i/ldpc_encoder_0/inst/ldpc_encoder_core/gf2_sum/data_out_internal_reg[3][45]/D
(rising edge-triggered cell FDCE clocked by clk_fpga_0 {rise@0.000ns fall@16.500ns period=33.000ns})
Path Group: clk_fpga_0
Path Type: Setup (Max at Slow Process Corner)
Requirement: 33.000ns (clk_fpga_0 rise@33.000ns - clk_fpga_0 rise@0.000ns)
Data Path Delay: 31.669ns (logic 5.960ns (18.820%) route 25.709ns (81.180%))
Logic Levels: 28 (CARRY4=5 LUT2=1 LUT3=3 LUT4=1 LUT5=5 LUT6=13)
Clock Path Skew: -0.064ns (DCD - SCD + CPR)
Destination Clock Delay (DCD): 2.733ns = ( 35.734 - 33.000 )
Source Clock Delay (SCD): 3.027ns
Clock Pessimism Removal (CPR): 0.230ns
Clock Uncertainty: 0.496ns ((TSJ^2 + TIJ^2)^1/2 + DJ) / 2 + PE
Total System Jitter (TSJ): 0.071ns
Total Input Jitter (TIJ): 0.990ns
Discrete Jitter (DJ): 0.000ns
Phase Error (PE): 0.000ns

    Location             Delay type                Incr(ns)  Path(ns)    Netlist Resource(s)

---

                         (clock clk_fpga_0 rise edge)
                                                      0.000     0.000 r
    PS7_X0Y0             PS7                          0.000     0.000 r  design_1_i/processing_system7_0/inst/PS7_i/FCLKCLK[0]
                         net (fo=1, routed)           1.193     1.193    design_1_i/processing_system7_0/inst/FCLK_CLK_unbuffered[0]
    BUFGCTRL_X0Y16       BUFG (Prop_bufg_I_O)         0.101     1.294 r  design_1_i/processing_system7_0/inst/buffer_fclk_clk_0.FCLK_CLK_0_BUFG/O
                         net (fo=9086, routed)        1.733     3.027    design_1_i/ldpc_encoder_0/inst/ldpc_encoder_core/clk_i
    SLICE_X69Y43         FDCE                                         r  design_1_i/ldpc_encoder_0/inst/ldpc_encoder_core/lifting_size_q_reg[6]_rep/C

---

    SLICE_X69Y43         FDCE (Prop_fdce_C_Q)         0.456     3.483 r  design_1_i/ldpc_encoder_0/inst/ldpc_encoder_core/lifting_size_q_reg[6]_rep/Q
                         net (fo=137, routed)         1.172     4.655    design_1_i/ldpc_encoder_0/inst/ldpc_encoder_core/core_parity_bit_calculator/shifter_amt_q_reg[6]_0
    SLICE_X64Y46         LUT4 (Prop_lut4_I2_O)        0.124     4.779 r  design_1_i/ldpc_encoder_0/inst/ldpc_encoder_core/core_parity_bit_calculator/i___217_i_173/O
                         net (fo=1, routed)           0.000     4.779    design_1_i/ldpc_encoder_0/inst/ldpc_encoder_core/core_parity_bit_calculator/i___217_i_173_n_0
    SLICE_X64Y46         CARRY4 (Prop_carry4_S[3]_CO[3])
                                                      0.401     5.180 r  design_1_i/ldpc_encoder_0/inst/ldpc_encoder_core/core_parity_bit_calculator/i___217_i_98/CO[3]
                         net (fo=1, routed)           0.000     5.180    design_1_i/ldpc_encoder_0/inst/ldpc_encoder_core/core_parity_bit_calculator/i___217_i_98_n_0
    SLICE_X64Y47         CARRY4 (Prop_carry4_CI_CO[0])
                                                      0.271     5.451 r  design_1_i/ldpc_encoder_0/inst/ldpc_encoder_core/core_parity_bit_calculator/i___217_i_62/CO[0]
                         net (fo=71, routed)          0.702     6.153    design_1_i/ldpc_encoder_0/inst/ldpc_encoder_core/core_parity_bit_calculator/i___217_i_62_n_3
    SLICE_X63Y47         LUT3 (Prop_lut3_I1_O)        0.367     6.520 r  design_1_i/ldpc_encoder_0/inst/ldpc_encoder_core/core_parity_bit_calculator/i___217_i_44/O
                         net (fo=771, routed)         1.491     8.011    design_1_i/ldpc_encoder_0/inst/ldpc_encoder_core/core_parity_bit_calculator/i___217_i_44_n_0
    SLICE_X89Y49         LUT2 (Prop_lut2_I1_O)        0.326     8.337 r  design_1_i/ldpc_encoder_0/inst/ldpc_encoder_core/core_parity_bit_calculator/i___217_i_70/O
                         net (fo=1, routed)           0.000     8.337    design_1_i/ldpc_encoder_0/inst/ldpc_encoder_core/core_parity_bit_calculator/i___217_i_70_n_0
    SLICE_X89Y49         CARRY4 (Prop_carry4_S[0]_CO[3])
                                                      0.532     8.869 r  design_1_i/ldpc_encoder_0/inst/ldpc_encoder_core/core_parity_bit_calculator/i___217_i_47/CO[3]
                         net (fo=1, routed)           0.001     8.870    design_1_i/ldpc_encoder_0/inst/ldpc_encoder_core/core_parity_bit_calculator/i___217_i_47_n_0
    SLICE_X89Y50         CARRY4 (Prop_carry4_CI_CO[3])
                                                      0.114     8.984 r  design_1_i/ldpc_encoder_0/inst/ldpc_encoder_core/core_parity_bit_calculator/i___18_i_48/CO[3]
                         net (fo=1, routed)           0.000     8.984    design_1_i/ldpc_encoder_0/inst/ldpc_encoder_core/core_parity_bit_calculator/i___18_i_48_n_0
    SLICE_X89Y51         CARRY4 (Prop_carry4_CI_O[0])
                                                      0.222     9.206 r  design_1_i/ldpc_encoder_0/inst/ldpc_encoder_core/core_parity_bit_calculator/i___18_i_50/O[0]
                         net (fo=1389, routed)        2.249    11.455    design_1_i/ldpc_encoder_0/inst/ldpc_encoder_core/core_parity_bit_calculator/shifter_inst/rotated_val1_inferred__1/i___139_i_151_0[0]
    SLICE_X48Y43         LUT5 (Prop_lut5_I2_O)        0.327    11.782 r  design_1_i/ldpc_encoder_0/inst/ldpc_encoder_core/core_parity_bit_calculator/shifter_inst/rotated_val1_inferred__1/i___18_i_471/O
                         net (fo=2, routed)           0.884    12.666    design_1_i/ldpc_encoder_0/inst/ldpc_encoder_core/core_parity_bit_calculator/shifter_inst/rotated_val1_inferred__1/i___18_i_471_n_0
    SLICE_X56Y45         LUT6 (Prop_lut6_I5_O)        0.326    12.992 r  design_1_i/ldpc_encoder_0/inst/ldpc_encoder_core/core_parity_bit_calculator/shifter_inst/rotated_val1_inferred__1/i___344_i_304/O
                         net (fo=4, routed)           1.533    14.525    design_1_i/ldpc_encoder_0/inst/ldpc_encoder_core/core_parity_bit_calculator/shifter_inst/rotated_val1_inferred__1/i___344_i_304_n_0
    SLICE_X78Y46         LUT6 (Prop_lut6_I1_O)        0.124    14.649 r  design_1_i/ldpc_encoder_0/inst/ldpc_encoder_core/core_parity_bit_calculator/shifter_inst/rotated_val1_inferred__1/i___355_i_181/O
                         net (fo=4, routed)           0.935    15.584    design_1_i/ldpc_encoder_0/inst/ldpc_encoder_core/core_parity_bit_calculator/shifter_inst/rotated_val1_inferred__1/i___355_i_181_n_0
    SLICE_X92Y45         LUT6 (Prop_lut6_I5_O)        0.124    15.708 r  design_1_i/ldpc_encoder_0/inst/ldpc_encoder_core/core_parity_bit_calculator/shifter_inst/rotated_val1_inferred__1/ram_reg[0][0]_1_i_334/O
                         net (fo=4, routed)           0.982    16.690    design_1_i/ldpc_encoder_0/inst/ldpc_encoder_core/core_parity_bit_calculator/shifter_inst_n_887
    SLICE_X95Y46         LUT6 (Prop_lut6_I4_O)        0.124    16.814 r  design_1_i/ldpc_encoder_0/inst/ldpc_encoder_core/core_parity_bit_calculator/ram_reg[0][0]_1_i_247/O
                         net (fo=1, routed)           0.472    17.286    design_1_i/ldpc_encoder_0/inst/ldpc_encoder_core/core_parity_bit_calculator/ram_reg[0][0]_1_i_247_n_0
    SLICE_X93Y45         LUT6 (Prop_lut6_I2_O)        0.124    17.410 r  design_1_i/ldpc_encoder_0/inst/ldpc_encoder_core/core_parity_bit_calculator/ram_reg[0][0]_1_i_167/O
                         net (fo=4, routed)           2.088    19.498    design_1_i/ldpc_encoder_0/inst/ldpc_encoder_core/core_parity_bit_calculator/cs_out[74]
    SLICE_X35Y21         LUT6 (Prop_lut6_I4_O)        0.124    19.622 r  design_1_i/ldpc_encoder_0/inst/ldpc_encoder_core/core_parity_bit_calculator/ram_reg[0][0]_1_i_123/O
                         net (fo=6, routed)           0.889    20.511    design_1_i/ldpc_encoder_0/inst/ldpc_encoder_core/core_parity_bit_calculator/parity_core[1]_24[74]
    SLICE_X35Y22         LUT6 (Prop_lut6_I0_O)        0.124    20.635 r  design_1_i/ldpc_encoder_0/inst/ldpc_encoder_core/core_parity_bit_calculator/i___179_i_23/O
                         net (fo=1, routed)           1.457    22.092    design_1_i/ldpc_encoder_0/inst/ldpc_encoder_core/core_parity_bit_calculator/pc_rearrange/p_2_in[74]
    SLICE_X67Y28         LUT6 (Prop_lut6_I4_O)        0.124    22.216 r  design_1_i/ldpc_encoder_0/inst/ldpc_encoder_core/core_parity_bit_calculator/i___179_i_18/O
                         net (fo=1, routed)           0.805    23.021    design_1_i/ldpc_encoder_0/inst/ldpc_encoder_core/core_parity_bit_calculator/i___179_i_18_n_0
    SLICE_X69Y28         LUT6 (Prop_lut6_I4_O)        0.124    23.145 r  design_1_i/ldpc_encoder_0/inst/ldpc_encoder_core/core_parity_bit_calculator/i___179_i_9/O
                         net (fo=1, routed)           1.070    24.214    design_1_i/ldpc_encoder_0/inst/ldpc_encoder_core/core_parity_bit_calculator/parity_core_arranged[3]_28[74]
    SLICE_X54Y16         LUT5 (Prop_lut5_I3_O)        0.124    24.338 r  design_1_i/ldpc_encoder_0/inst/ldpc_encoder_core/core_parity_bit_calculator/i___179_i_7/O
                         net (fo=3, routed)           1.196    25.534    design_1_i/ldpc_encoder_0/inst/ldpc_encoder_core/core_parity_bit_calculator/p_6_out[362]
    SLICE_X49Y10         LUT5 (Prop_lut5_I1_O)        0.124    25.658 r  design_1_i/ldpc_encoder_0/inst/ldpc_encoder_core/core_parity_bit_calculator/i___201_i_2/O
                         net (fo=4, routed)           0.612    26.271    design_1_i/ldpc_encoder_0/inst/ldpc_encoder_core/top_level_shifter/i___212_i_1[280]
    SLICE_X49Y7          LUT6 (Prop_lut6_I0_O)        0.124    26.395 r  design_1_i/ldpc_encoder_0/inst/ldpc_encoder_core/top_level_shifter/i___785_i_2/O
                         net (fo=1, routed)           0.900    27.294    design_1_i/ldpc_encoder_0/inst/ldpc_encoder_core/core_parity_bit_calculator/gr_out[3]_15[77]
    SLICE_X60Y7          LUT6 (Prop_lut6_I0_O)        0.124    27.418 r  design_1_i/ldpc_encoder_0/inst/ldpc_encoder_core/core_parity_bit_calculator/i___785_i_1/O
                         net (fo=8, routed)           1.913    29.331    design_1_i/ldpc_encoder_0/inst/ldpc_encoder_core/core_parity_bit_calculator/lifting_size_q_reg[2]_rep_2[60]
    SLICE_X108Y9         LUT6 (Prop_lut6_I2_O)        0.124    29.455 r  design_1_i/ldpc_encoder_0/inst/ldpc_encoder_core/core_parity_bit_calculator/i___659_i_5/O
                         net (fo=4, routed)           0.957    30.411    design_1_i/ldpc_encoder_0/inst/ldpc_encoder_core/core_parity_bit_calculator/i___775_i_3_8
    SLICE_X106Y10        LUT3 (Prop_lut3_I0_O)        0.152    30.563 r  design_1_i/ldpc_encoder_0/inst/ldpc_encoder_core/core_parity_bit_calculator/i___671_i_3/O
                         net (fo=2, routed)           0.667    31.230    design_1_i/ldpc_encoder_0/inst/ldpc_encoder_core/core_parity_bit_calculator/i___671_i_3_n_0
    SLICE_X105Y9         LUT5 (Prop_lut5_I2_O)        0.332    31.562 r  design_1_i/ldpc_encoder_0/inst/ldpc_encoder_core/core_parity_bit_calculator/i___671_i_1/O
                         net (fo=2, routed)           1.304    32.866    design_1_i/ldpc_encoder_0/inst/ldpc_encoder_core/top_level_shifter/data_out_internal[1][87]_i_2_1
    SLICE_X87Y13         LUT6 (Prop_lut6_I4_O)        0.124    32.990 r  design_1_i/ldpc_encoder_0/inst/ldpc_encoder_core/top_level_shifter/i___672/O
                         net (fo=3, routed)           0.798    33.788    design_1_i/ldpc_encoder_0/inst/ldpc_encoder_core/top_level_shifter/i___672_n_0
    SLICE_X80Y16         LUT5 (Prop_lut5_I4_O)        0.124    33.912 r  design_1_i/ldpc_encoder_0/inst/ldpc_encoder_core/top_level_shifter/data_out_internal[3][45]_i_2/O
                         net (fo=1, routed)           0.633    34.546    design_1_i/ldpc_encoder_0/inst/ldpc_encoder_core/top_level_shifter/cs_data_out[3]_5[45]
    SLICE_X80Y17         LUT3 (Prop_lut3_I0_O)        0.150    34.696 r  design_1_i/ldpc_encoder_0/inst/ldpc_encoder_core/top_level_shifter/data_out_internal[3][45]_i_1/O
                         net (fo=1, routed)           0.000    34.696    design_1_i/ldpc_encoder_0/inst/ldpc_encoder_core/gf2_sum/data_out_internal_reg[3][95]_3[45]
    SLICE_X80Y17         FDCE                                         r  design_1_i/ldpc_encoder_0/inst/ldpc_encoder_core/gf2_sum/data_out_internal_reg[3][45]/D

---

                         (clock clk_fpga_0 rise edge)
                                                     33.000    33.000 r
    PS7_X0Y0             PS7                          0.000    33.000 r  design_1_i/processing_system7_0/inst/PS7_i/FCLKCLK[0]
                         net (fo=1, routed)           1.088    34.088    design_1_i/processing_system7_0/inst/FCLK_CLK_unbuffered[0]
    BUFGCTRL_X0Y16       BUFG (Prop_bufg_I_O)         0.091    34.179 r  design_1_i/processing_system7_0/inst/buffer_fclk_clk_0.FCLK_CLK_0_BUFG/O
                         net (fo=9086, routed)        1.554    35.734    design_1_i/ldpc_encoder_0/inst/ldpc_encoder_core/gf2_sum/clk_i
    SLICE_X80Y17         FDCE                                         r  design_1_i/ldpc_encoder_0/inst/ldpc_encoder_core/gf2_sum/data_out_internal_reg[3][45]/C
                         clock pessimism              0.230    35.963
                         clock uncertainty           -0.496    35.467
    SLICE_X80Y17         FDCE (Setup_fdce_C_D)        0.075    35.542    design_1_i/ldpc_encoder_0/inst/ldpc_encoder_core/gf2_sum/data_out_internal_reg[3][45]

---

                         required time                         35.542
                         arrival time                         -34.696

---

                         slack                                  0.846

Slack (MET) : 0.848ns (required time - arrival time)
Source: design_1_i/ldpc_encoder_0/inst/ldpc_encoder_core/lifting_size_q_reg[6]\_rep/C
(rising edge-triggered cell FDCE clocked by clk_fpga_0 {rise@0.000ns fall@16.500ns period=33.000ns})
Destination: design_1_i/ldpc_encoder_0/inst/ldpc_encoder_core/gf2_sum/data_out_internal_reg[0][22]/D
(rising edge-triggered cell FDCE clocked by clk_fpga_0 {rise@0.000ns fall@16.500ns period=33.000ns})
Path Group: clk_fpga_0
Path Type: Setup (Max at Slow Process Corner)
Requirement: 33.000ns (clk_fpga_0 rise@33.000ns - clk_fpga_0 rise@0.000ns)
Data Path Delay: 31.774ns (logic 6.146ns (19.343%) route 25.628ns (80.657%))
Logic Levels: 28 (CARRY4=5 LUT2=2 LUT3=2 LUT4=1 LUT5=6 LUT6=12)
Clock Path Skew: 0.001ns (DCD - SCD + CPR)
Destination Clock Delay (DCD): 2.798ns = ( 35.799 - 33.000 )
Source Clock Delay (SCD): 3.027ns
Clock Pessimism Removal (CPR): 0.230ns
Clock Uncertainty: 0.496ns ((TSJ^2 + TIJ^2)^1/2 + DJ) / 2 + PE
Total System Jitter (TSJ): 0.071ns
Total Input Jitter (TIJ): 0.990ns
Discrete Jitter (DJ): 0.000ns
Phase Error (PE): 0.000ns

    Location             Delay type                Incr(ns)  Path(ns)    Netlist Resource(s)

---

                         (clock clk_fpga_0 rise edge)
                                                      0.000     0.000 r
    PS7_X0Y0             PS7                          0.000     0.000 r  design_1_i/processing_system7_0/inst/PS7_i/FCLKCLK[0]
                         net (fo=1, routed)           1.193     1.193    design_1_i/processing_system7_0/inst/FCLK_CLK_unbuffered[0]
    BUFGCTRL_X0Y16       BUFG (Prop_bufg_I_O)         0.101     1.294 r  design_1_i/processing_system7_0/inst/buffer_fclk_clk_0.FCLK_CLK_0_BUFG/O
                         net (fo=9086, routed)        1.733     3.027    design_1_i/ldpc_encoder_0/inst/ldpc_encoder_core/clk_i
    SLICE_X69Y43         FDCE                                         r  design_1_i/ldpc_encoder_0/inst/ldpc_encoder_core/lifting_size_q_reg[6]_rep/C

---

    SLICE_X69Y43         FDCE (Prop_fdce_C_Q)         0.456     3.483 r  design_1_i/ldpc_encoder_0/inst/ldpc_encoder_core/lifting_size_q_reg[6]_rep/Q
                         net (fo=137, routed)         1.172     4.655    design_1_i/ldpc_encoder_0/inst/ldpc_encoder_core/core_parity_bit_calculator/shifter_amt_q_reg[6]_0
    SLICE_X64Y46         LUT4 (Prop_lut4_I2_O)        0.124     4.779 r  design_1_i/ldpc_encoder_0/inst/ldpc_encoder_core/core_parity_bit_calculator/i___217_i_173/O
                         net (fo=1, routed)           0.000     4.779    design_1_i/ldpc_encoder_0/inst/ldpc_encoder_core/core_parity_bit_calculator/i___217_i_173_n_0
    SLICE_X64Y46         CARRY4 (Prop_carry4_S[3]_CO[3])
                                                      0.401     5.180 r  design_1_i/ldpc_encoder_0/inst/ldpc_encoder_core/core_parity_bit_calculator/i___217_i_98/CO[3]
                         net (fo=1, routed)           0.000     5.180    design_1_i/ldpc_encoder_0/inst/ldpc_encoder_core/core_parity_bit_calculator/i___217_i_98_n_0
    SLICE_X64Y47         CARRY4 (Prop_carry4_CI_CO[0])
                                                      0.271     5.451 r  design_1_i/ldpc_encoder_0/inst/ldpc_encoder_core/core_parity_bit_calculator/i___217_i_62/CO[0]
                         net (fo=71, routed)          0.702     6.153    design_1_i/ldpc_encoder_0/inst/ldpc_encoder_core/core_parity_bit_calculator/i___217_i_62_n_3
    SLICE_X63Y47         LUT3 (Prop_lut3_I1_O)        0.367     6.520 r  design_1_i/ldpc_encoder_0/inst/ldpc_encoder_core/core_parity_bit_calculator/i___217_i_44/O
                         net (fo=771, routed)         1.491     8.011    design_1_i/ldpc_encoder_0/inst/ldpc_encoder_core/core_parity_bit_calculator/i___217_i_44_n_0
    SLICE_X89Y49         LUT2 (Prop_lut2_I1_O)        0.326     8.337 r  design_1_i/ldpc_encoder_0/inst/ldpc_encoder_core/core_parity_bit_calculator/i___217_i_70/O
                         net (fo=1, routed)           0.000     8.337    design_1_i/ldpc_encoder_0/inst/ldpc_encoder_core/core_parity_bit_calculator/i___217_i_70_n_0
    SLICE_X89Y49         CARRY4 (Prop_carry4_S[0]_CO[3])
                                                      0.532     8.869 r  design_1_i/ldpc_encoder_0/inst/ldpc_encoder_core/core_parity_bit_calculator/i___217_i_47/CO[3]
                         net (fo=1, routed)           0.001     8.870    design_1_i/ldpc_encoder_0/inst/ldpc_encoder_core/core_parity_bit_calculator/i___217_i_47_n_0
    SLICE_X89Y50         CARRY4 (Prop_carry4_CI_CO[3])
                                                      0.114     8.984 r  design_1_i/ldpc_encoder_0/inst/ldpc_encoder_core/core_parity_bit_calculator/i___18_i_48/CO[3]
                         net (fo=1, routed)           0.000     8.984    design_1_i/ldpc_encoder_0/inst/ldpc_encoder_core/core_parity_bit_calculator/i___18_i_48_n_0
    SLICE_X89Y51         CARRY4 (Prop_carry4_CI_O[0])
                                                      0.222     9.206 r  design_1_i/ldpc_encoder_0/inst/ldpc_encoder_core/core_parity_bit_calculator/i___18_i_50/O[0]
                         net (fo=1389, routed)        1.887    11.094    design_1_i/ldpc_encoder_0/inst/ldpc_encoder_core/core_parity_bit_calculator/shifter_inst/rotated_val1_inferred__1/i___139_i_151_0[0]
    SLICE_X53Y46         LUT5 (Prop_lut5_I2_O)        0.293    11.387 r  design_1_i/ldpc_encoder_0/inst/ldpc_encoder_core/core_parity_bit_calculator/shifter_inst/rotated_val1_inferred__1/i___18_i_571/O
                         net (fo=2, routed)           1.062    12.449    design_1_i/ldpc_encoder_0/inst/ldpc_encoder_core/core_parity_bit_calculator/shifter_inst/rotated_val1_inferred__1/i___18_i_571_n_0
    SLICE_X55Y46         LUT6 (Prop_lut6_I5_O)        0.326    12.775 r  design_1_i/ldpc_encoder_0/inst/ldpc_encoder_core/core_parity_bit_calculator/shifter_inst/rotated_val1_inferred__1/i___351_i_319/O
                         net (fo=4, routed)           1.401    14.176    design_1_i/ldpc_encoder_0/inst/ldpc_encoder_core/core_parity_bit_calculator/shifter_inst/rotated_val1_inferred__1/i___351_i_319_n_0
    SLICE_X74Y46         LUT6 (Prop_lut6_I0_O)        0.124    14.300 r  design_1_i/ldpc_encoder_0/inst/ldpc_encoder_core/core_parity_bit_calculator/shifter_inst/rotated_val1_inferred__1/i___351_i_207/O
                         net (fo=4, routed)           1.078    15.378    design_1_i/ldpc_encoder_0/inst/ldpc_encoder_core/core_parity_bit_calculator/shifter_inst/rotated_val1_inferred__1/i___351_i_207_n_0
    SLICE_X92Y47         LUT6 (Prop_lut6_I5_O)        0.124    15.502 r  design_1_i/ldpc_encoder_0/inst/ldpc_encoder_core/core_parity_bit_calculator/shifter_inst/rotated_val1_inferred__1/ram_reg[0][0]_0_i_1058/O
                         net (fo=4, routed)           1.015    16.517    design_1_i/ldpc_encoder_0/inst/ldpc_encoder_core/core_parity_bit_calculator/shifter_inst_n_869
    SLICE_X94Y48         LUT6 (Prop_lut6_I0_O)        0.124    16.641 r  design_1_i/ldpc_encoder_0/inst/ldpc_encoder_core/core_parity_bit_calculator/ram_reg[0][0]_0_i_782/O
                         net (fo=1, routed)           0.868    17.509    design_1_i/ldpc_encoder_0/inst/ldpc_encoder_core/core_parity_bit_calculator/ram_reg[0][0]_0_i_782_n_0
    SLICE_X89Y47         LUT6 (Prop_lut6_I2_O)        0.124    17.633 r  design_1_i/ldpc_encoder_0/inst/ldpc_encoder_core/core_parity_bit_calculator/ram_reg[0][0]_0_i_563/O
                         net (fo=4, routed)           1.964    19.598    design_1_i/ldpc_encoder_0/inst/ldpc_encoder_core/core_parity_bit_calculator/cs_out[59]
    SLICE_X32Y37         LUT2 (Prop_lut2_I1_O)        0.148    19.746 r  design_1_i/ldpc_encoder_0/inst/ldpc_encoder_core/core_parity_bit_calculator/ram_reg[3][0]_0_i_400/O
                         net (fo=7, routed)           0.875    20.620    design_1_i/ldpc_encoder_0/inst/ldpc_encoder_core/core_parity_bit_calculator/parity_core[2]_25[59]
    SLICE_X22Y36         LUT5 (Prop_lut5_I1_O)        0.328    20.948 r  design_1_i/ldpc_encoder_0/inst/ldpc_encoder_core/core_parity_bit_calculator/i___170_i_23/O
                         net (fo=1, routed)           0.670    21.618    design_1_i/ldpc_encoder_0/inst/ldpc_encoder_core/core_parity_bit_calculator/i___170_i_23_n_0
    SLICE_X22Y36         LUT6 (Prop_lut6_I5_O)        0.124    21.742 r  design_1_i/ldpc_encoder_0/inst/ldpc_encoder_core/core_parity_bit_calculator/i___170_i_15/O
                         net (fo=1, routed)           0.525    22.267    design_1_i/ldpc_encoder_0/inst/ldpc_encoder_core/core_parity_bit_calculator/i___170_i_15_n_0
    SLICE_X24Y36         LUT6 (Prop_lut6_I5_O)        0.124    22.391 r  design_1_i/ldpc_encoder_0/inst/ldpc_encoder_core/core_parity_bit_calculator/i___170_i_9/O
                         net (fo=1, routed)           1.137    23.528    design_1_i/ldpc_encoder_0/inst/ldpc_encoder_core/core_parity_bit_calculator/parity_core_arranged[2]_30[59]
    SLICE_X34Y22         LUT5 (Prop_lut5_I0_O)        0.124    23.652 r  design_1_i/ldpc_encoder_0/inst/ldpc_encoder_core/core_parity_bit_calculator/i___170_i_6/O
                         net (fo=3, routed)           1.034    24.686    design_1_i/ldpc_encoder_0/inst/ldpc_encoder_core/core_parity_bit_calculator/p_6_out[251]
    SLICE_X44Y14         LUT5 (Prop_lut5_I4_O)        0.124    24.810 r  design_1_i/ldpc_encoder_0/inst/ldpc_encoder_core/core_parity_bit_calculator/i___170_i_2/O
                         net (fo=4, routed)           0.654    25.464    design_1_i/ldpc_encoder_0/inst/ldpc_encoder_core/top_level_shifter/i___212_i_1[250]
    SLICE_X49Y14         LUT6 (Prop_lut6_I0_O)        0.124    25.588 r  design_1_i/ldpc_encoder_0/inst/ldpc_encoder_core/top_level_shifter/i___170_i_1/O
                         net (fo=3, routed)           1.542    27.130    design_1_i/ldpc_encoder_0/inst/ldpc_encoder_core/core_parity_bit_calculator/gr_out[0]_17[56]
    SLICE_X73Y5          LUT6 (Prop_lut6_I0_O)        0.124    27.254 r  design_1_i/ldpc_encoder_0/inst/ldpc_encoder_core/core_parity_bit_calculator/i__i_60/O
                         net (fo=5, routed)           0.875    28.129    design_1_i/ldpc_encoder_0/inst/ldpc_encoder_core/core_parity_bit_calculator/top_level_shifter/gen_shifters[0].shifter_inst/rotated_val2[59]
    SLICE_X79Y4          LUT5 (Prop_lut5_I0_O)        0.150    28.279 r  design_1_i/ldpc_encoder_0/inst/ldpc_encoder_core/core_parity_bit_calculator/i__i_30/O
                         net (fo=4, routed)           1.175    29.454    design_1_i/ldpc_encoder_0/inst/ldpc_encoder_core/core_parity_bit_calculator/i__i_30_n_0
    SLICE_X86Y4          LUT6 (Prop_lut6_I5_O)        0.326    29.780 r  design_1_i/ldpc_encoder_0/inst/ldpc_encoder_core/core_parity_bit_calculator/i___23_i_3/O
                         net (fo=4, routed)           1.103    30.883    design_1_i/ldpc_encoder_0/inst/ldpc_encoder_core/core_parity_bit_calculator/i___23_i_3_n_0
    SLICE_X90Y4          LUT6 (Prop_lut6_I3_O)        0.124    31.007 r  design_1_i/ldpc_encoder_0/inst/ldpc_encoder_core/core_parity_bit_calculator/i___27_i_1/O
                         net (fo=2, routed)           1.062    32.069    design_1_i/ldpc_encoder_0/inst/ldpc_encoder_core/top_level_shifter/data_out_internal[0][88]_i_2
    SLICE_X88Y9          LUT6 (Prop_lut6_I4_O)        0.124    32.193 r  design_1_i/ldpc_encoder_0/inst/ldpc_encoder_core/top_level_shifter/i___28/O
                         net (fo=3, routed)           1.453    33.645    design_1_i/ldpc_encoder_0/inst/ldpc_encoder_core/core_parity_bit_calculator/data_out_internal_reg[0][22]_0
    SLICE_X103Y13        LUT5 (Prop_lut5_I4_O)        0.124    33.769 r  design_1_i/ldpc_encoder_0/inst/ldpc_encoder_core/core_parity_bit_calculator/data_out_internal[0][22]_i_2/O
                         net (fo=1, routed)           0.882    34.651    design_1_i/ldpc_encoder_0/inst/ldpc_encoder_core/core_parity_bit_calculator/data_out_internal[0][22]_i_2_n_0
    SLICE_X104Y16        LUT3 (Prop_lut3_I0_O)        0.150    34.801 r  design_1_i/ldpc_encoder_0/inst/ldpc_encoder_core/core_parity_bit_calculator/data_out_internal[0][22]_i_1/O
                         net (fo=1, routed)           0.000    34.801    design_1_i/ldpc_encoder_0/inst/ldpc_encoder_core/gf2_sum/D[22]
    SLICE_X104Y16        FDCE                                         r  design_1_i/ldpc_encoder_0/inst/ldpc_encoder_core/gf2_sum/data_out_internal_reg[0][22]/D

---

                         (clock clk_fpga_0 rise edge)
                                                     33.000    33.000 r
    PS7_X0Y0             PS7                          0.000    33.000 r  design_1_i/processing_system7_0/inst/PS7_i/FCLKCLK[0]
                         net (fo=1, routed)           1.088    34.088    design_1_i/processing_system7_0/inst/FCLK_CLK_unbuffered[0]
    BUFGCTRL_X0Y16       BUFG (Prop_bufg_I_O)         0.091    34.179 r  design_1_i/processing_system7_0/inst/buffer_fclk_clk_0.FCLK_CLK_0_BUFG/O
                         net (fo=9086, routed)        1.619    35.799    design_1_i/ldpc_encoder_0/inst/ldpc_encoder_core/gf2_sum/clk_i
    SLICE_X104Y16        FDCE                                         r  design_1_i/ldpc_encoder_0/inst/ldpc_encoder_core/gf2_sum/data_out_internal_reg[0][22]/C
                         clock pessimism              0.230    36.028
                         clock uncertainty           -0.496    35.532
    SLICE_X104Y16        FDCE (Setup_fdce_C_D)        0.118    35.650    design_1_i/ldpc_encoder_0/inst/ldpc_encoder_core/gf2_sum/data_out_internal_reg[0][22]

---

                         required time                         35.650
                         arrival time                         -34.801

---

                         slack                                  0.848

Slack (MET) : 0.854ns (required time - arrival time)
Source: design_1_i/ldpc_encoder_0/inst/ldpc_encoder_core/lifting_size_q_reg[6]\_rep/C
(rising edge-triggered cell FDCE clocked by clk_fpga_0 {rise@0.000ns fall@16.500ns period=33.000ns})
Destination: design_1_i/ldpc_encoder_0/inst/ldpc_encoder_core/gf2_sum/data_out_internal_reg[1][79]/D
(rising edge-triggered cell FDCE clocked by clk_fpga_0 {rise@0.000ns fall@16.500ns period=33.000ns})
Path Group: clk_fpga_0
Path Type: Setup (Max at Slow Process Corner)
Requirement: 33.000ns (clk_fpga_0 rise@33.000ns - clk_fpga_0 rise@0.000ns)
Data Path Delay: 31.616ns (logic 5.934ns (18.769%) route 25.682ns (81.231%))
Logic Levels: 28 (CARRY4=5 LUT2=1 LUT3=3 LUT4=1 LUT5=4 LUT6=14)
Clock Path Skew: -0.063ns (DCD - SCD + CPR)
Destination Clock Delay (DCD): 2.734ns = ( 35.735 - 33.000 )
Source Clock Delay (SCD): 3.027ns
Clock Pessimism Removal (CPR): 0.230ns
Clock Uncertainty: 0.496ns ((TSJ^2 + TIJ^2)^1/2 + DJ) / 2 + PE
Total System Jitter (TSJ): 0.071ns
Total Input Jitter (TIJ): 0.990ns
Discrete Jitter (DJ): 0.000ns
Phase Error (PE): 0.000ns

    Location             Delay type                Incr(ns)  Path(ns)    Netlist Resource(s)

---

                         (clock clk_fpga_0 rise edge)
                                                      0.000     0.000 r
    PS7_X0Y0             PS7                          0.000     0.000 r  design_1_i/processing_system7_0/inst/PS7_i/FCLKCLK[0]
                         net (fo=1, routed)           1.193     1.193    design_1_i/processing_system7_0/inst/FCLK_CLK_unbuffered[0]
    BUFGCTRL_X0Y16       BUFG (Prop_bufg_I_O)         0.101     1.294 r  design_1_i/processing_system7_0/inst/buffer_fclk_clk_0.FCLK_CLK_0_BUFG/O
                         net (fo=9086, routed)        1.733     3.027    design_1_i/ldpc_encoder_0/inst/ldpc_encoder_core/clk_i
    SLICE_X69Y43         FDCE                                         r  design_1_i/ldpc_encoder_0/inst/ldpc_encoder_core/lifting_size_q_reg[6]_rep/C

---

    SLICE_X69Y43         FDCE (Prop_fdce_C_Q)         0.456     3.483 r  design_1_i/ldpc_encoder_0/inst/ldpc_encoder_core/lifting_size_q_reg[6]_rep/Q
                         net (fo=137, routed)         1.172     4.655    design_1_i/ldpc_encoder_0/inst/ldpc_encoder_core/core_parity_bit_calculator/shifter_amt_q_reg[6]_0
    SLICE_X64Y46         LUT4 (Prop_lut4_I2_O)        0.124     4.779 r  design_1_i/ldpc_encoder_0/inst/ldpc_encoder_core/core_parity_bit_calculator/i___217_i_173/O
                         net (fo=1, routed)           0.000     4.779    design_1_i/ldpc_encoder_0/inst/ldpc_encoder_core/core_parity_bit_calculator/i___217_i_173_n_0
    SLICE_X64Y46         CARRY4 (Prop_carry4_S[3]_CO[3])
                                                      0.401     5.180 r  design_1_i/ldpc_encoder_0/inst/ldpc_encoder_core/core_parity_bit_calculator/i___217_i_98/CO[3]
                         net (fo=1, routed)           0.000     5.180    design_1_i/ldpc_encoder_0/inst/ldpc_encoder_core/core_parity_bit_calculator/i___217_i_98_n_0
    SLICE_X64Y47         CARRY4 (Prop_carry4_CI_CO[0])
                                                      0.271     5.451 r  design_1_i/ldpc_encoder_0/inst/ldpc_encoder_core/core_parity_bit_calculator/i___217_i_62/CO[0]
                         net (fo=71, routed)          0.702     6.153    design_1_i/ldpc_encoder_0/inst/ldpc_encoder_core/core_parity_bit_calculator/i___217_i_62_n_3
    SLICE_X63Y47         LUT3 (Prop_lut3_I1_O)        0.367     6.520 r  design_1_i/ldpc_encoder_0/inst/ldpc_encoder_core/core_parity_bit_calculator/i___217_i_44/O
                         net (fo=771, routed)         1.491     8.011    design_1_i/ldpc_encoder_0/inst/ldpc_encoder_core/core_parity_bit_calculator/i___217_i_44_n_0
    SLICE_X89Y49         LUT2 (Prop_lut2_I1_O)        0.326     8.337 r  design_1_i/ldpc_encoder_0/inst/ldpc_encoder_core/core_parity_bit_calculator/i___217_i_70/O
                         net (fo=1, routed)           0.000     8.337    design_1_i/ldpc_encoder_0/inst/ldpc_encoder_core/core_parity_bit_calculator/i___217_i_70_n_0
    SLICE_X89Y49         CARRY4 (Prop_carry4_S[0]_CO[3])
                                                      0.532     8.869 r  design_1_i/ldpc_encoder_0/inst/ldpc_encoder_core/core_parity_bit_calculator/i___217_i_47/CO[3]
                         net (fo=1, routed)           0.001     8.870    design_1_i/ldpc_encoder_0/inst/ldpc_encoder_core/core_parity_bit_calculator/i___217_i_47_n_0
    SLICE_X89Y50         CARRY4 (Prop_carry4_CI_CO[3])
                                                      0.114     8.984 r  design_1_i/ldpc_encoder_0/inst/ldpc_encoder_core/core_parity_bit_calculator/i___18_i_48/CO[3]
                         net (fo=1, routed)           0.000     8.984    design_1_i/ldpc_encoder_0/inst/ldpc_encoder_core/core_parity_bit_calculator/i___18_i_48_n_0
    SLICE_X89Y51         CARRY4 (Prop_carry4_CI_O[0])
                                                      0.222     9.206 r  design_1_i/ldpc_encoder_0/inst/ldpc_encoder_core/core_parity_bit_calculator/i___18_i_50/O[0]
                         net (fo=1389, routed)        2.249    11.455    design_1_i/ldpc_encoder_0/inst/ldpc_encoder_core/core_parity_bit_calculator/shifter_inst/rotated_val1_inferred__1/i___139_i_151_0[0]
    SLICE_X48Y43         LUT5 (Prop_lut5_I2_O)        0.327    11.782 r  design_1_i/ldpc_encoder_0/inst/ldpc_encoder_core/core_parity_bit_calculator/shifter_inst/rotated_val1_inferred__1/i___18_i_471/O
                         net (fo=2, routed)           0.884    12.666    design_1_i/ldpc_encoder_0/inst/ldpc_encoder_core/core_parity_bit_calculator/shifter_inst/rotated_val1_inferred__1/i___18_i_471_n_0
    SLICE_X56Y45         LUT6 (Prop_lut6_I5_O)        0.326    12.992 r  design_1_i/ldpc_encoder_0/inst/ldpc_encoder_core/core_parity_bit_calculator/shifter_inst/rotated_val1_inferred__1/i___344_i_304/O
                         net (fo=4, routed)           1.533    14.525    design_1_i/ldpc_encoder_0/inst/ldpc_encoder_core/core_parity_bit_calculator/shifter_inst/rotated_val1_inferred__1/i___344_i_304_n_0
    SLICE_X78Y46         LUT6 (Prop_lut6_I1_O)        0.124    14.649 r  design_1_i/ldpc_encoder_0/inst/ldpc_encoder_core/core_parity_bit_calculator/shifter_inst/rotated_val1_inferred__1/i___355_i_181/O
                         net (fo=4, routed)           0.935    15.584    design_1_i/ldpc_encoder_0/inst/ldpc_encoder_core/core_parity_bit_calculator/shifter_inst/rotated_val1_inferred__1/i___355_i_181_n_0
    SLICE_X92Y45         LUT6 (Prop_lut6_I5_O)        0.124    15.708 r  design_1_i/ldpc_encoder_0/inst/ldpc_encoder_core/core_parity_bit_calculator/shifter_inst/rotated_val1_inferred__1/ram_reg[0][0]_1_i_334/O
                         net (fo=4, routed)           0.982    16.690    design_1_i/ldpc_encoder_0/inst/ldpc_encoder_core/core_parity_bit_calculator/shifter_inst_n_887
    SLICE_X95Y46         LUT6 (Prop_lut6_I4_O)        0.124    16.814 r  design_1_i/ldpc_encoder_0/inst/ldpc_encoder_core/core_parity_bit_calculator/ram_reg[0][0]_1_i_247/O
                         net (fo=1, routed)           0.472    17.286    design_1_i/ldpc_encoder_0/inst/ldpc_encoder_core/core_parity_bit_calculator/ram_reg[0][0]_1_i_247_n_0
    SLICE_X93Y45         LUT6 (Prop_lut6_I2_O)        0.124    17.410 r  design_1_i/ldpc_encoder_0/inst/ldpc_encoder_core/core_parity_bit_calculator/ram_reg[0][0]_1_i_167/O
                         net (fo=4, routed)           2.088    19.498    design_1_i/ldpc_encoder_0/inst/ldpc_encoder_core/core_parity_bit_calculator/cs_out[74]
    SLICE_X35Y21         LUT6 (Prop_lut6_I4_O)        0.124    19.622 r  design_1_i/ldpc_encoder_0/inst/ldpc_encoder_core/core_parity_bit_calculator/ram_reg[0][0]_1_i_123/O
                         net (fo=6, routed)           0.889    20.511    design_1_i/ldpc_encoder_0/inst/ldpc_encoder_core/core_parity_bit_calculator/parity_core[1]_24[74]
    SLICE_X35Y22         LUT6 (Prop_lut6_I0_O)        0.124    20.635 r  design_1_i/ldpc_encoder_0/inst/ldpc_encoder_core/core_parity_bit_calculator/i___179_i_23/O
                         net (fo=1, routed)           1.457    22.092    design_1_i/ldpc_encoder_0/inst/ldpc_encoder_core/core_parity_bit_calculator/pc_rearrange/p_2_in[74]
    SLICE_X67Y28         LUT6 (Prop_lut6_I4_O)        0.124    22.216 r  design_1_i/ldpc_encoder_0/inst/ldpc_encoder_core/core_parity_bit_calculator/i___179_i_18/O
                         net (fo=1, routed)           0.805    23.021    design_1_i/ldpc_encoder_0/inst/ldpc_encoder_core/core_parity_bit_calculator/i___179_i_18_n_0
    SLICE_X69Y28         LUT6 (Prop_lut6_I4_O)        0.124    23.145 r  design_1_i/ldpc_encoder_0/inst/ldpc_encoder_core/core_parity_bit_calculator/i___179_i_9/O
                         net (fo=1, routed)           1.070    24.214    design_1_i/ldpc_encoder_0/inst/ldpc_encoder_core/core_parity_bit_calculator/parity_core_arranged[3]_28[74]
    SLICE_X54Y16         LUT5 (Prop_lut5_I3_O)        0.124    24.338 r  design_1_i/ldpc_encoder_0/inst/ldpc_encoder_core/core_parity_bit_calculator/i___179_i_7/O
                         net (fo=3, routed)           1.196    25.534    design_1_i/ldpc_encoder_0/inst/ldpc_encoder_core/core_parity_bit_calculator/p_6_out[362]
    SLICE_X49Y10         LUT5 (Prop_lut5_I1_O)        0.124    25.658 r  design_1_i/ldpc_encoder_0/inst/ldpc_encoder_core/core_parity_bit_calculator/i___201_i_2/O
                         net (fo=4, routed)           0.612    26.271    design_1_i/ldpc_encoder_0/inst/ldpc_encoder_core/top_level_shifter/i___212_i_1[280]
    SLICE_X49Y7          LUT6 (Prop_lut6_I0_O)        0.124    26.395 r  design_1_i/ldpc_encoder_0/inst/ldpc_encoder_core/top_level_shifter/i___785_i_2/O
                         net (fo=1, routed)           0.900    27.294    design_1_i/ldpc_encoder_0/inst/ldpc_encoder_core/core_parity_bit_calculator/gr_out[3]_15[77]
    SLICE_X60Y7          LUT6 (Prop_lut6_I0_O)        0.124    27.418 r  design_1_i/ldpc_encoder_0/inst/ldpc_encoder_core/core_parity_bit_calculator/i___785_i_1/O
                         net (fo=8, routed)           1.913    29.331    design_1_i/ldpc_encoder_0/inst/ldpc_encoder_core/core_parity_bit_calculator/lifting_size_q_reg[2]_rep_2[60]
    SLICE_X108Y9         LUT6 (Prop_lut6_I2_O)        0.124    29.455 r  design_1_i/ldpc_encoder_0/inst/ldpc_encoder_core/core_parity_bit_calculator/i___659_i_5/O
                         net (fo=4, routed)           0.957    30.411    design_1_i/ldpc_encoder_0/inst/ldpc_encoder_core/core_parity_bit_calculator/i___775_i_3_8
    SLICE_X106Y10        LUT3 (Prop_lut3_I0_O)        0.152    30.563 r  design_1_i/ldpc_encoder_0/inst/ldpc_encoder_core/core_parity_bit_calculator/i___671_i_3/O
                         net (fo=2, routed)           0.894    31.457    design_1_i/ldpc_encoder_0/inst/ldpc_encoder_core/core_parity_bit_calculator/i___671_i_3_n_0
    SLICE_X105Y9         LUT6 (Prop_lut6_I0_O)        0.332    31.789 r  design_1_i/ldpc_encoder_0/inst/ldpc_encoder_core/core_parity_bit_calculator/i___673_i_1/O
                         net (fo=2, routed)           1.063    32.853    design_1_i/ldpc_encoder_0/inst/ldpc_encoder_core/top_level_shifter/data_out_internal[1][79]_i_2_0
    SLICE_X93Y13         LUT6 (Prop_lut6_I4_O)        0.124    32.977 r  design_1_i/ldpc_encoder_0/inst/ldpc_encoder_core/top_level_shifter/i___674/O
                         net (fo=3, routed)           0.843    33.820    design_1_i/ldpc_encoder_0/inst/ldpc_encoder_core/top_level_shifter/i___674_n_0
    SLICE_X83Y15         LUT5 (Prop_lut5_I1_O)        0.124    33.944 r  design_1_i/ldpc_encoder_0/inst/ldpc_encoder_core/top_level_shifter/data_out_internal[1][79]_i_2/O
                         net (fo=1, routed)           0.575    34.519    design_1_i/ldpc_encoder_0/inst/ldpc_encoder_core/top_level_shifter/cs_data_out[1]_3[79]
    SLICE_X83Y16         LUT3 (Prop_lut3_I0_O)        0.124    34.643 r  design_1_i/ldpc_encoder_0/inst/ldpc_encoder_core/top_level_shifter/data_out_internal[1][79]_i_1/O
                         net (fo=1, routed)           0.000    34.643    design_1_i/ldpc_encoder_0/inst/ldpc_encoder_core/gf2_sum/data_out_internal_reg[1][95]_2[79]
    SLICE_X83Y16         FDCE                                         r  design_1_i/ldpc_encoder_0/inst/ldpc_encoder_core/gf2_sum/data_out_internal_reg[1][79]/D

---

                         (clock clk_fpga_0 rise edge)
                                                     33.000    33.000 r
    PS7_X0Y0             PS7                          0.000    33.000 r  design_1_i/processing_system7_0/inst/PS7_i/FCLKCLK[0]
                         net (fo=1, routed)           1.088    34.088    design_1_i/processing_system7_0/inst/FCLK_CLK_unbuffered[0]
    BUFGCTRL_X0Y16       BUFG (Prop_bufg_I_O)         0.091    34.179 r  design_1_i/processing_system7_0/inst/buffer_fclk_clk_0.FCLK_CLK_0_BUFG/O
                         net (fo=9086, routed)        1.555    35.735    design_1_i/ldpc_encoder_0/inst/ldpc_encoder_core/gf2_sum/clk_i
    SLICE_X83Y16         FDCE                                         r  design_1_i/ldpc_encoder_0/inst/ldpc_encoder_core/gf2_sum/data_out_internal_reg[1][79]/C
                         clock pessimism              0.230    35.964
                         clock uncertainty           -0.496    35.468
    SLICE_X83Y16         FDCE (Setup_fdce_C_D)        0.029    35.497    design_1_i/ldpc_encoder_0/inst/ldpc_encoder_core/gf2_sum/data_out_internal_reg[1][79]

---

                         required time                         35.497
                         arrival time                         -34.643

---

                         slack                                  0.854

Slack (MET) : 0.857ns (required time - arrival time)
Source: design_1_i/ldpc_encoder_0/inst/ldpc_encoder_core/lifting_size_q_reg[6]\_rep/C
(rising edge-triggered cell FDCE clocked by clk_fpga_0 {rise@0.000ns fall@16.500ns period=33.000ns})
Destination: design_1_i/ldpc_encoder_0/inst/ldpc_encoder_core/gf2_sum/data_out_internal_reg[3][65]/D
(rising edge-triggered cell FDCE clocked by clk_fpga_0 {rise@0.000ns fall@16.500ns period=33.000ns})
Path Group: clk_fpga_0
Path Type: Setup (Max at Slow Process Corner)
Requirement: 33.000ns (clk_fpga_0 rise@33.000ns - clk_fpga_0 rise@0.000ns)
Data Path Delay: 31.765ns (logic 5.918ns (18.631%) route 25.847ns (81.369%))
Logic Levels: 28 (CARRY4=5 LUT2=1 LUT3=3 LUT4=1 LUT5=4 LUT6=14)
Clock Path Skew: 0.000ns (DCD - SCD + CPR)
Destination Clock Delay (DCD): 2.797ns = ( 35.798 - 33.000 )
Source Clock Delay (SCD): 3.027ns
Clock Pessimism Removal (CPR): 0.230ns
Clock Uncertainty: 0.496ns ((TSJ^2 + TIJ^2)^1/2 + DJ) / 2 + PE
Total System Jitter (TSJ): 0.071ns
Total Input Jitter (TIJ): 0.990ns
Discrete Jitter (DJ): 0.000ns
Phase Error (PE): 0.000ns

    Location             Delay type                Incr(ns)  Path(ns)    Netlist Resource(s)

---

                         (clock clk_fpga_0 rise edge)
                                                      0.000     0.000 r
    PS7_X0Y0             PS7                          0.000     0.000 r  design_1_i/processing_system7_0/inst/PS7_i/FCLKCLK[0]
                         net (fo=1, routed)           1.193     1.193    design_1_i/processing_system7_0/inst/FCLK_CLK_unbuffered[0]
    BUFGCTRL_X0Y16       BUFG (Prop_bufg_I_O)         0.101     1.294 r  design_1_i/processing_system7_0/inst/buffer_fclk_clk_0.FCLK_CLK_0_BUFG/O
                         net (fo=9086, routed)        1.733     3.027    design_1_i/ldpc_encoder_0/inst/ldpc_encoder_core/clk_i
    SLICE_X69Y43         FDCE                                         r  design_1_i/ldpc_encoder_0/inst/ldpc_encoder_core/lifting_size_q_reg[6]_rep/C

---

    SLICE_X69Y43         FDCE (Prop_fdce_C_Q)         0.456     3.483 r  design_1_i/ldpc_encoder_0/inst/ldpc_encoder_core/lifting_size_q_reg[6]_rep/Q
                         net (fo=137, routed)         1.172     4.655    design_1_i/ldpc_encoder_0/inst/ldpc_encoder_core/core_parity_bit_calculator/shifter_amt_q_reg[6]_0
    SLICE_X64Y46         LUT4 (Prop_lut4_I2_O)        0.124     4.779 r  design_1_i/ldpc_encoder_0/inst/ldpc_encoder_core/core_parity_bit_calculator/i___217_i_173/O
                         net (fo=1, routed)           0.000     4.779    design_1_i/ldpc_encoder_0/inst/ldpc_encoder_core/core_parity_bit_calculator/i___217_i_173_n_0
    SLICE_X64Y46         CARRY4 (Prop_carry4_S[3]_CO[3])
                                                      0.401     5.180 r  design_1_i/ldpc_encoder_0/inst/ldpc_encoder_core/core_parity_bit_calculator/i___217_i_98/CO[3]
                         net (fo=1, routed)           0.000     5.180    design_1_i/ldpc_encoder_0/inst/ldpc_encoder_core/core_parity_bit_calculator/i___217_i_98_n_0
    SLICE_X64Y47         CARRY4 (Prop_carry4_CI_CO[0])
                                                      0.271     5.451 r  design_1_i/ldpc_encoder_0/inst/ldpc_encoder_core/core_parity_bit_calculator/i___217_i_62/CO[0]
                         net (fo=71, routed)          0.702     6.153    design_1_i/ldpc_encoder_0/inst/ldpc_encoder_core/core_parity_bit_calculator/i___217_i_62_n_3
    SLICE_X63Y47         LUT3 (Prop_lut3_I1_O)        0.367     6.520 r  design_1_i/ldpc_encoder_0/inst/ldpc_encoder_core/core_parity_bit_calculator/i___217_i_44/O
                         net (fo=771, routed)         1.491     8.011    design_1_i/ldpc_encoder_0/inst/ldpc_encoder_core/core_parity_bit_calculator/i___217_i_44_n_0
    SLICE_X89Y49         LUT2 (Prop_lut2_I1_O)        0.326     8.337 r  design_1_i/ldpc_encoder_0/inst/ldpc_encoder_core/core_parity_bit_calculator/i___217_i_70/O
                         net (fo=1, routed)           0.000     8.337    design_1_i/ldpc_encoder_0/inst/ldpc_encoder_core/core_parity_bit_calculator/i___217_i_70_n_0
    SLICE_X89Y49         CARRY4 (Prop_carry4_S[0]_CO[3])
                                                      0.532     8.869 r  design_1_i/ldpc_encoder_0/inst/ldpc_encoder_core/core_parity_bit_calculator/i___217_i_47/CO[3]
                         net (fo=1, routed)           0.001     8.870    design_1_i/ldpc_encoder_0/inst/ldpc_encoder_core/core_parity_bit_calculator/i___217_i_47_n_0
    SLICE_X89Y50         CARRY4 (Prop_carry4_CI_CO[3])
                                                      0.114     8.984 r  design_1_i/ldpc_encoder_0/inst/ldpc_encoder_core/core_parity_bit_calculator/i___18_i_48/CO[3]
                         net (fo=1, routed)           0.000     8.984    design_1_i/ldpc_encoder_0/inst/ldpc_encoder_core/core_parity_bit_calculator/i___18_i_48_n_0
    SLICE_X89Y51         CARRY4 (Prop_carry4_CI_O[0])
                                                      0.222     9.206 r  design_1_i/ldpc_encoder_0/inst/ldpc_encoder_core/core_parity_bit_calculator/i___18_i_50/O[0]
                         net (fo=1389, routed)        2.249    11.455    design_1_i/ldpc_encoder_0/inst/ldpc_encoder_core/core_parity_bit_calculator/shifter_inst/rotated_val1_inferred__1/i___139_i_151_0[0]
    SLICE_X48Y43         LUT5 (Prop_lut5_I2_O)        0.327    11.782 r  design_1_i/ldpc_encoder_0/inst/ldpc_encoder_core/core_parity_bit_calculator/shifter_inst/rotated_val1_inferred__1/i___18_i_471/O
                         net (fo=2, routed)           0.884    12.666    design_1_i/ldpc_encoder_0/inst/ldpc_encoder_core/core_parity_bit_calculator/shifter_inst/rotated_val1_inferred__1/i___18_i_471_n_0
    SLICE_X56Y45         LUT6 (Prop_lut6_I5_O)        0.326    12.992 r  design_1_i/ldpc_encoder_0/inst/ldpc_encoder_core/core_parity_bit_calculator/shifter_inst/rotated_val1_inferred__1/i___344_i_304/O
                         net (fo=4, routed)           1.533    14.525    design_1_i/ldpc_encoder_0/inst/ldpc_encoder_core/core_parity_bit_calculator/shifter_inst/rotated_val1_inferred__1/i___344_i_304_n_0
    SLICE_X78Y46         LUT6 (Prop_lut6_I1_O)        0.124    14.649 r  design_1_i/ldpc_encoder_0/inst/ldpc_encoder_core/core_parity_bit_calculator/shifter_inst/rotated_val1_inferred__1/i___355_i_181/O
                         net (fo=4, routed)           0.935    15.584    design_1_i/ldpc_encoder_0/inst/ldpc_encoder_core/core_parity_bit_calculator/shifter_inst/rotated_val1_inferred__1/i___355_i_181_n_0
    SLICE_X92Y45         LUT6 (Prop_lut6_I5_O)        0.124    15.708 r  design_1_i/ldpc_encoder_0/inst/ldpc_encoder_core/core_parity_bit_calculator/shifter_inst/rotated_val1_inferred__1/ram_reg[0][0]_1_i_334/O
                         net (fo=4, routed)           0.982    16.690    design_1_i/ldpc_encoder_0/inst/ldpc_encoder_core/core_parity_bit_calculator/shifter_inst_n_887
    SLICE_X95Y46         LUT6 (Prop_lut6_I4_O)        0.124    16.814 r  design_1_i/ldpc_encoder_0/inst/ldpc_encoder_core/core_parity_bit_calculator/ram_reg[0][0]_1_i_247/O
                         net (fo=1, routed)           0.472    17.286    design_1_i/ldpc_encoder_0/inst/ldpc_encoder_core/core_parity_bit_calculator/ram_reg[0][0]_1_i_247_n_0
    SLICE_X93Y45         LUT6 (Prop_lut6_I2_O)        0.124    17.410 r  design_1_i/ldpc_encoder_0/inst/ldpc_encoder_core/core_parity_bit_calculator/ram_reg[0][0]_1_i_167/O
                         net (fo=4, routed)           2.088    19.498    design_1_i/ldpc_encoder_0/inst/ldpc_encoder_core/core_parity_bit_calculator/cs_out[74]
    SLICE_X35Y21         LUT6 (Prop_lut6_I4_O)        0.124    19.622 r  design_1_i/ldpc_encoder_0/inst/ldpc_encoder_core/core_parity_bit_calculator/ram_reg[0][0]_1_i_123/O
                         net (fo=6, routed)           0.889    20.511    design_1_i/ldpc_encoder_0/inst/ldpc_encoder_core/core_parity_bit_calculator/parity_core[1]_24[74]
    SLICE_X35Y22         LUT6 (Prop_lut6_I0_O)        0.124    20.635 r  design_1_i/ldpc_encoder_0/inst/ldpc_encoder_core/core_parity_bit_calculator/i___179_i_23/O
                         net (fo=1, routed)           1.457    22.092    design_1_i/ldpc_encoder_0/inst/ldpc_encoder_core/core_parity_bit_calculator/pc_rearrange/p_2_in[74]
    SLICE_X67Y28         LUT6 (Prop_lut6_I4_O)        0.124    22.216 r  design_1_i/ldpc_encoder_0/inst/ldpc_encoder_core/core_parity_bit_calculator/i___179_i_18/O
                         net (fo=1, routed)           0.805    23.021    design_1_i/ldpc_encoder_0/inst/ldpc_encoder_core/core_parity_bit_calculator/i___179_i_18_n_0
    SLICE_X69Y28         LUT6 (Prop_lut6_I4_O)        0.124    23.145 r  design_1_i/ldpc_encoder_0/inst/ldpc_encoder_core/core_parity_bit_calculator/i___179_i_9/O
                         net (fo=1, routed)           1.070    24.214    design_1_i/ldpc_encoder_0/inst/ldpc_encoder_core/core_parity_bit_calculator/parity_core_arranged[3]_28[74]
    SLICE_X54Y16         LUT5 (Prop_lut5_I3_O)        0.124    24.338 r  design_1_i/ldpc_encoder_0/inst/ldpc_encoder_core/core_parity_bit_calculator/i___179_i_7/O
                         net (fo=3, routed)           1.196    25.534    design_1_i/ldpc_encoder_0/inst/ldpc_encoder_core/core_parity_bit_calculator/p_6_out[362]
    SLICE_X49Y10         LUT5 (Prop_lut5_I1_O)        0.124    25.658 r  design_1_i/ldpc_encoder_0/inst/ldpc_encoder_core/core_parity_bit_calculator/i___201_i_2/O
                         net (fo=4, routed)           0.612    26.271    design_1_i/ldpc_encoder_0/inst/ldpc_encoder_core/top_level_shifter/i___212_i_1[280]
    SLICE_X49Y7          LUT6 (Prop_lut6_I0_O)        0.124    26.395 r  design_1_i/ldpc_encoder_0/inst/ldpc_encoder_core/top_level_shifter/i___785_i_2/O
                         net (fo=1, routed)           0.900    27.294    design_1_i/ldpc_encoder_0/inst/ldpc_encoder_core/core_parity_bit_calculator/gr_out[3]_15[77]
    SLICE_X60Y7          LUT6 (Prop_lut6_I0_O)        0.124    27.418 r  design_1_i/ldpc_encoder_0/inst/ldpc_encoder_core/core_parity_bit_calculator/i___785_i_1/O
                         net (fo=8, routed)           1.935    29.353    design_1_i/ldpc_encoder_0/inst/ldpc_encoder_core/top_level_shifter/i___690_i_3_0[60]
    SLICE_X104Y9         LUT6 (Prop_lut6_I0_O)        0.124    29.477 r  design_1_i/ldpc_encoder_0/inst/ldpc_encoder_core/top_level_shifter/i___699_i_5/O
                         net (fo=3, routed)           0.902    30.379    design_1_i/ldpc_encoder_0/inst/ldpc_encoder_core/top_level_shifter/i___699_i_5_n_0
    SLICE_X102Y9         LUT6 (Prop_lut6_I1_O)        0.124    30.503 r  design_1_i/ldpc_encoder_0/inst/ldpc_encoder_core/top_level_shifter/i___701_i_3/O
                         net (fo=2, routed)           1.333    31.835    design_1_i/ldpc_encoder_0/inst/ldpc_encoder_core/top_level_shifter/i___701_i_3_n_0
    SLICE_X88Y10         LUT3 (Prop_lut3_I2_O)        0.150    31.985 r  design_1_i/ldpc_encoder_0/inst/ldpc_encoder_core/top_level_shifter/i___701_i_1/O
                         net (fo=1, routed)           0.717    32.702    design_1_i/ldpc_encoder_0/inst/ldpc_encoder_core/top_level_shifter/gen_shifters[3].shifter_inst/rotated_val10_in[80]
    SLICE_X85Y12         LUT6 (Prop_lut6_I2_O)        0.326    33.028 r  design_1_i/ldpc_encoder_0/inst/ldpc_encoder_core/top_level_shifter/i___701/O
                         net (fo=3, routed)           0.917    33.946    design_1_i/ldpc_encoder_0/inst/ldpc_encoder_core/top_level_shifter/i___701_n_0
    SLICE_X94Y15         LUT5 (Prop_lut5_I2_O)        0.124    34.070 r  design_1_i/ldpc_encoder_0/inst/ldpc_encoder_core/top_level_shifter/data_out_internal[3][65]_i_2/O
                         net (fo=1, routed)           0.606    34.676    design_1_i/ldpc_encoder_0/inst/ldpc_encoder_core/top_level_shifter/cs_data_out[3]_5[65]
    SLICE_X94Y15         LUT3 (Prop_lut3_I0_O)        0.116    34.792 r  design_1_i/ldpc_encoder_0/inst/ldpc_encoder_core/top_level_shifter/data_out_internal[3][65]_i_1/O
                         net (fo=1, routed)           0.000    34.792    design_1_i/ldpc_encoder_0/inst/ldpc_encoder_core/gf2_sum/data_out_internal_reg[3][95]_3[65]
    SLICE_X94Y15         FDCE                                         r  design_1_i/ldpc_encoder_0/inst/ldpc_encoder_core/gf2_sum/data_out_internal_reg[3][65]/D

---

                         (clock clk_fpga_0 rise edge)
                                                     33.000    33.000 r
    PS7_X0Y0             PS7                          0.000    33.000 r  design_1_i/processing_system7_0/inst/PS7_i/FCLKCLK[0]
                         net (fo=1, routed)           1.088    34.088    design_1_i/processing_system7_0/inst/FCLK_CLK_unbuffered[0]
    BUFGCTRL_X0Y16       BUFG (Prop_bufg_I_O)         0.091    34.179 r  design_1_i/processing_system7_0/inst/buffer_fclk_clk_0.FCLK_CLK_0_BUFG/O
                         net (fo=9086, routed)        1.618    35.798    design_1_i/ldpc_encoder_0/inst/ldpc_encoder_core/gf2_sum/clk_i
    SLICE_X94Y15         FDCE                                         r  design_1_i/ldpc_encoder_0/inst/ldpc_encoder_core/gf2_sum/data_out_internal_reg[3][65]/C
                         clock pessimism              0.230    36.027
                         clock uncertainty           -0.496    35.531
    SLICE_X94Y15         FDCE (Setup_fdce_C_D)        0.118    35.649    design_1_i/ldpc_encoder_0/inst/ldpc_encoder_core/gf2_sum/data_out_internal_reg[3][65]

---

                         required time                         35.649
                         arrival time                         -34.792

---

                         slack                                  0.857

Slack (MET) : 0.890ns (required time - arrival time)
Source: design_1_i/ldpc_encoder_0/inst/ldpc_encoder_core/lifting_size_q_reg[6]\_rep/C
(rising edge-triggered cell FDCE clocked by clk_fpga_0 {rise@0.000ns fall@16.500ns period=33.000ns})
Destination: design_1_i/ldpc_encoder_0/inst/ldpc_encoder_core/gf2_sum/data_out_internal_reg[2][32]/D
(rising edge-triggered cell FDCE clocked by clk_fpga_0 {rise@0.000ns fall@16.500ns period=33.000ns})
Path Group: clk_fpga_0
Path Type: Setup (Max at Slow Process Corner)
Requirement: 33.000ns (clk_fpga_0 rise@33.000ns - clk_fpga_0 rise@0.000ns)
Data Path Delay: 31.688ns (logic 6.304ns (19.894%) route 25.384ns (80.106%))
Logic Levels: 29 (CARRY4=5 LUT2=2 LUT3=2 LUT4=3 LUT5=6 LUT6=11)
Clock Path Skew: -0.001ns (DCD - SCD + CPR)
Destination Clock Delay (DCD): 2.796ns = ( 35.797 - 33.000 )
Source Clock Delay (SCD): 3.027ns
Clock Pessimism Removal (CPR): 0.230ns
Clock Uncertainty: 0.496ns ((TSJ^2 + TIJ^2)^1/2 + DJ) / 2 + PE
Total System Jitter (TSJ): 0.071ns
Total Input Jitter (TIJ): 0.990ns
Discrete Jitter (DJ): 0.000ns
Phase Error (PE): 0.000ns

    Location             Delay type                Incr(ns)  Path(ns)    Netlist Resource(s)

---

                         (clock clk_fpga_0 rise edge)
                                                      0.000     0.000 r
    PS7_X0Y0             PS7                          0.000     0.000 r  design_1_i/processing_system7_0/inst/PS7_i/FCLKCLK[0]
                         net (fo=1, routed)           1.193     1.193    design_1_i/processing_system7_0/inst/FCLK_CLK_unbuffered[0]
    BUFGCTRL_X0Y16       BUFG (Prop_bufg_I_O)         0.101     1.294 r  design_1_i/processing_system7_0/inst/buffer_fclk_clk_0.FCLK_CLK_0_BUFG/O
                         net (fo=9086, routed)        1.733     3.027    design_1_i/ldpc_encoder_0/inst/ldpc_encoder_core/clk_i
    SLICE_X69Y43         FDCE                                         r  design_1_i/ldpc_encoder_0/inst/ldpc_encoder_core/lifting_size_q_reg[6]_rep/C

---

    SLICE_X69Y43         FDCE (Prop_fdce_C_Q)         0.456     3.483 r  design_1_i/ldpc_encoder_0/inst/ldpc_encoder_core/lifting_size_q_reg[6]_rep/Q
                         net (fo=137, routed)         1.172     4.655    design_1_i/ldpc_encoder_0/inst/ldpc_encoder_core/core_parity_bit_calculator/shifter_amt_q_reg[6]_0
    SLICE_X64Y46         LUT4 (Prop_lut4_I2_O)        0.124     4.779 r  design_1_i/ldpc_encoder_0/inst/ldpc_encoder_core/core_parity_bit_calculator/i___217_i_173/O
                         net (fo=1, routed)           0.000     4.779    design_1_i/ldpc_encoder_0/inst/ldpc_encoder_core/core_parity_bit_calculator/i___217_i_173_n_0
    SLICE_X64Y46         CARRY4 (Prop_carry4_S[3]_CO[3])
                                                      0.401     5.180 r  design_1_i/ldpc_encoder_0/inst/ldpc_encoder_core/core_parity_bit_calculator/i___217_i_98/CO[3]
                         net (fo=1, routed)           0.000     5.180    design_1_i/ldpc_encoder_0/inst/ldpc_encoder_core/core_parity_bit_calculator/i___217_i_98_n_0
    SLICE_X64Y47         CARRY4 (Prop_carry4_CI_CO[0])
                                                      0.271     5.451 r  design_1_i/ldpc_encoder_0/inst/ldpc_encoder_core/core_parity_bit_calculator/i___217_i_62/CO[0]
                         net (fo=71, routed)          0.702     6.153    design_1_i/ldpc_encoder_0/inst/ldpc_encoder_core/core_parity_bit_calculator/i___217_i_62_n_3
    SLICE_X63Y47         LUT3 (Prop_lut3_I1_O)        0.367     6.520 r  design_1_i/ldpc_encoder_0/inst/ldpc_encoder_core/core_parity_bit_calculator/i___217_i_44/O
                         net (fo=771, routed)         1.491     8.011    design_1_i/ldpc_encoder_0/inst/ldpc_encoder_core/core_parity_bit_calculator/i___217_i_44_n_0
    SLICE_X89Y49         LUT2 (Prop_lut2_I1_O)        0.326     8.337 r  design_1_i/ldpc_encoder_0/inst/ldpc_encoder_core/core_parity_bit_calculator/i___217_i_70/O
                         net (fo=1, routed)           0.000     8.337    design_1_i/ldpc_encoder_0/inst/ldpc_encoder_core/core_parity_bit_calculator/i___217_i_70_n_0
    SLICE_X89Y49         CARRY4 (Prop_carry4_S[0]_CO[3])
                                                      0.532     8.869 r  design_1_i/ldpc_encoder_0/inst/ldpc_encoder_core/core_parity_bit_calculator/i___217_i_47/CO[3]
                         net (fo=1, routed)           0.001     8.870    design_1_i/ldpc_encoder_0/inst/ldpc_encoder_core/core_parity_bit_calculator/i___217_i_47_n_0
    SLICE_X89Y50         CARRY4 (Prop_carry4_CI_CO[3])
                                                      0.114     8.984 r  design_1_i/ldpc_encoder_0/inst/ldpc_encoder_core/core_parity_bit_calculator/i___18_i_48/CO[3]
                         net (fo=1, routed)           0.000     8.984    design_1_i/ldpc_encoder_0/inst/ldpc_encoder_core/core_parity_bit_calculator/i___18_i_48_n_0
    SLICE_X89Y51         CARRY4 (Prop_carry4_CI_O[0])
                                                      0.222     9.206 f  design_1_i/ldpc_encoder_0/inst/ldpc_encoder_core/core_parity_bit_calculator/i___18_i_50/O[0]
                         net (fo=1389, routed)        2.131    11.337    design_1_i/ldpc_encoder_0/inst/ldpc_encoder_core/core_parity_bit_calculator/shifter_inst/rotated_val1_inferred__1/i___139_i_151_0[0]
    SLICE_X108Y62        LUT4 (Prop_lut4_I3_O)        0.325    11.662 r  design_1_i/ldpc_encoder_0/inst/ldpc_encoder_core/core_parity_bit_calculator/shifter_inst/rotated_val1_inferred__1/i___344_i_418/O
                         net (fo=4, routed)           1.000    12.662    design_1_i/ldpc_encoder_0/inst/ldpc_encoder_core/core_parity_bit_calculator/shifter_inst/rotated_val1_inferred__1/i___344_i_418_n_0
    SLICE_X108Y59        LUT6 (Prop_lut6_I3_O)        0.328    12.990 r  design_1_i/ldpc_encoder_0/inst/ldpc_encoder_core/core_parity_bit_calculator/shifter_inst/rotated_val1_inferred__1/i___355_i_361/O
                         net (fo=2, routed)           1.045    14.035    design_1_i/ldpc_encoder_0/inst/ldpc_encoder_core/core_parity_bit_calculator/shifter_inst/rotated_val1_inferred__1/i___355_i_361_n_0
    SLICE_X108Y53        LUT5 (Prop_lut5_I0_O)        0.124    14.159 r  design_1_i/ldpc_encoder_0/inst/ldpc_encoder_core/core_parity_bit_calculator/shifter_inst/rotated_val1_inferred__1/i___355_i_276/O
                         net (fo=2, routed)           0.420    14.579    design_1_i/ldpc_encoder_0/inst/ldpc_encoder_core/core_parity_bit_calculator/shifter_inst/rotated_val1_inferred__1/i___355_i_276_n_0
    SLICE_X106Y53        LUT5 (Prop_lut5_I4_O)        0.124    14.703 r  design_1_i/ldpc_encoder_0/inst/ldpc_encoder_core/core_parity_bit_calculator/shifter_inst/rotated_val1_inferred__1/ram_reg[0][0]_1_i_399/O
                         net (fo=4, routed)           1.285    15.988    design_1_i/ldpc_encoder_0/inst/ldpc_encoder_core/core_parity_bit_calculator/shifter_inst/rotated_val1_inferred__1/ram_reg[0][0]_1_i_399_n_0
    SLICE_X98Y51         LUT6 (Prop_lut6_I1_O)        0.124    16.112 r  design_1_i/ldpc_encoder_0/inst/ldpc_encoder_core/core_parity_bit_calculator/shifter_inst/rotated_val1_inferred__1/ram_reg[0][0]_1_i_330/O
                         net (fo=2, routed)           0.777    16.889    design_1_i/ldpc_encoder_0/inst/ldpc_encoder_core/core_parity_bit_calculator/shifter_inst_n_888
    SLICE_X92Y46         LUT6 (Prop_lut6_I0_O)        0.124    17.013 r  design_1_i/ldpc_encoder_0/inst/ldpc_encoder_core/core_parity_bit_calculator/ram_reg[0][0]_1_i_227/O
                         net (fo=1, routed)           0.723    17.736    design_1_i/ldpc_encoder_0/inst/ldpc_encoder_core/core_parity_bit_calculator/ram_reg[0][0]_1_i_227_n_0
    SLICE_X83Y44         LUT6 (Prop_lut6_I2_O)        0.124    17.860 r  design_1_i/ldpc_encoder_0/inst/ldpc_encoder_core/core_parity_bit_calculator/ram_reg[0][0]_1_i_159/O
                         net (fo=4, routed)           2.611    20.472    design_1_i/ldpc_encoder_0/inst/ldpc_encoder_core/core_parity_bit_calculator/cs_out[78]
    SLICE_X21Y22         LUT2 (Prop_lut2_I1_O)        0.150    20.622 r  design_1_i/ldpc_encoder_0/inst/ldpc_encoder_core/core_parity_bit_calculator/ram_reg[3][0]_1_i_125/O
                         net (fo=7, routed)           1.007    21.629    design_1_i/ldpc_encoder_0/inst/ldpc_encoder_core/core_parity_bit_calculator/parity_core[2]_25[78]
    SLICE_X11Y20         LUT5 (Prop_lut5_I1_O)        0.326    21.955 r  design_1_i/ldpc_encoder_0/inst/ldpc_encoder_core/core_parity_bit_calculator/i___146_i_43/O
                         net (fo=1, routed)           0.433    22.388    design_1_i/ldpc_encoder_0/inst/ldpc_encoder_core/core_parity_bit_calculator/i___146_i_43_n_0
    SLICE_X11Y20         LUT6 (Prop_lut6_I5_O)        0.124    22.512 r  design_1_i/ldpc_encoder_0/inst/ldpc_encoder_core/core_parity_bit_calculator/i___146_i_25/O
                         net (fo=1, routed)           0.406    22.918    design_1_i/ldpc_encoder_0/inst/ldpc_encoder_core/core_parity_bit_calculator/i___146_i_25_n_0
    SLICE_X11Y21         LUT6 (Prop_lut6_I5_O)        0.124    23.042 r  design_1_i/ldpc_encoder_0/inst/ldpc_encoder_core/core_parity_bit_calculator/i___146_i_14/O
                         net (fo=1, routed)           0.706    23.748    design_1_i/ldpc_encoder_0/inst/ldpc_encoder_core/core_parity_bit_calculator/parity_core_arranged[2]_30[78]
    SLICE_X20Y21         LUT5 (Prop_lut5_I0_O)        0.124    23.872 r  design_1_i/ldpc_encoder_0/inst/ldpc_encoder_core/core_parity_bit_calculator/i___146_i_7/O
                         net (fo=3, routed)           1.407    25.280    design_1_i/ldpc_encoder_0/inst/ldpc_encoder_core/core_parity_bit_calculator/p_6_out[270]
    SLICE_X46Y12         LUT5 (Prop_lut5_I4_O)        0.124    25.404 r  design_1_i/ldpc_encoder_0/inst/ldpc_encoder_core/core_parity_bit_calculator/i___182_i_2/O
                         net (fo=4, routed)           1.038    26.442    design_1_i/ldpc_encoder_0/inst/ldpc_encoder_core/top_level_shifter/i___212_i_1[269]
    SLICE_X48Y8          LUT6 (Prop_lut6_I0_O)        0.124    26.566 r  design_1_i/ldpc_encoder_0/inst/ldpc_encoder_core/top_level_shifter/i___413_i_122/O
                         net (fo=1, routed)           0.881    27.447    design_1_i/ldpc_encoder_0/inst/ldpc_encoder_core/core_parity_bit_calculator/gr_out[2]_14[68]
    SLICE_X58Y5          LUT6 (Prop_lut6_I0_O)        0.124    27.571 r  design_1_i/ldpc_encoder_0/inst/ldpc_encoder_core/core_parity_bit_calculator/i___413_i_58/O
                         net (fo=5, routed)           1.545    29.116    design_1_i/ldpc_encoder_0/inst/ldpc_encoder_core/core_parity_bit_calculator/lifting_size_q_reg[2]_rep_1[46]
    SLICE_X88Y1          LUT4 (Prop_lut4_I0_O)        0.150    29.266 r  design_1_i/ldpc_encoder_0/inst/ldpc_encoder_core/core_parity_bit_calculator/i___424_i_18/O
                         net (fo=4, routed)           0.628    29.894    design_1_i/ldpc_encoder_0/inst/ldpc_encoder_core/core_parity_bit_calculator/i___424_i_18_n_0
    SLICE_X88Y0          LUT6 (Prop_lut6_I0_O)        0.326    30.220 r  design_1_i/ldpc_encoder_0/inst/ldpc_encoder_core/core_parity_bit_calculator/i___424_i_8/O
                         net (fo=4, routed)           0.901    31.120    design_1_i/ldpc_encoder_0/inst/ldpc_encoder_core/core_parity_bit_calculator/i___424_i_8_n_0
    SLICE_X99Y2          LUT6 (Prop_lut6_I0_O)        0.124    31.244 r  design_1_i/ldpc_encoder_0/inst/ldpc_encoder_core/core_parity_bit_calculator/i___424_i_2/O
                         net (fo=2, routed)           1.205    32.449    design_1_i/ldpc_encoder_0/inst/ldpc_encoder_core/top_level_shifter/data_out_internal[0][66]_i_2
    SLICE_X106Y7         LUT6 (Prop_lut6_I2_O)        0.124    32.573 r  design_1_i/ldpc_encoder_0/inst/ldpc_encoder_core/top_level_shifter/i___448/O
                         net (fo=3, routed)           0.917    33.491    design_1_i/ldpc_encoder_0/inst/ldpc_encoder_core/core_parity_bit_calculator/data_out_internal_reg[2][32]
    SLICE_X96Y9          LUT5 (Prop_lut5_I2_O)        0.124    33.615 r  design_1_i/ldpc_encoder_0/inst/ldpc_encoder_core/core_parity_bit_calculator/data_out_internal[2][32]_i_2/O
                         net (fo=1, routed)           0.950    34.565    design_1_i/ldpc_encoder_0/inst/ldpc_encoder_core/core_parity_bit_calculator/cs_data_out[2]_4[32]
    SLICE_X93Y13         LUT3 (Prop_lut3_I0_O)        0.150    34.715 r  design_1_i/ldpc_encoder_0/inst/ldpc_encoder_core/core_parity_bit_calculator/data_out_internal[2][32]_i_1/O
                         net (fo=1, routed)           0.000    34.715    design_1_i/ldpc_encoder_0/inst/ldpc_encoder_core/gf2_sum/data_out_internal_reg[2][95]_1[32]
    SLICE_X93Y13         FDCE                                         r  design_1_i/ldpc_encoder_0/inst/ldpc_encoder_core/gf2_sum/data_out_internal_reg[2][32]/D

---

                         (clock clk_fpga_0 rise edge)
                                                     33.000    33.000 r
    PS7_X0Y0             PS7                          0.000    33.000 r  design_1_i/processing_system7_0/inst/PS7_i/FCLKCLK[0]
                         net (fo=1, routed)           1.088    34.088    design_1_i/processing_system7_0/inst/FCLK_CLK_unbuffered[0]
    BUFGCTRL_X0Y16       BUFG (Prop_bufg_I_O)         0.091    34.179 r  design_1_i/processing_system7_0/inst/buffer_fclk_clk_0.FCLK_CLK_0_BUFG/O
                         net (fo=9086, routed)        1.617    35.797    design_1_i/ldpc_encoder_0/inst/ldpc_encoder_core/gf2_sum/clk_i
    SLICE_X93Y13         FDCE                                         r  design_1_i/ldpc_encoder_0/inst/ldpc_encoder_core/gf2_sum/data_out_internal_reg[2][32]/C
                         clock pessimism              0.230    36.026
                         clock uncertainty           -0.496    35.530
    SLICE_X93Y13         FDCE (Setup_fdce_C_D)        0.075    35.605    design_1_i/ldpc_encoder_0/inst/ldpc_encoder_core/gf2_sum/data_out_internal_reg[2][32]

---

                         required time                         35.605
                         arrival time                         -34.715

---

                         slack                                  0.890

## Min Delay Paths

Slack (MET) : 0.014ns (arrival time - required time)
Source: design_1_i/axi_dma_0/U0/I_PRMRY_DATAMOVER/GEN_S2MM_FULL.I_S2MM_FULL_WRAPPER/GEN_INCLUDE_IBTTCC.I_S2MM_MSTR_IBTTCC/sig_input_burst_type_reg_reg/C
(rising edge-triggered cell FDRE clocked by clk_fpga_0 {rise@0.000ns fall@16.500ns period=33.000ns})
Destination: design_1_i/axi_dma_0/U0/I_PRMRY_DATAMOVER/GEN_S2MM_FULL.I_S2MM_FULL_WRAPPER/GEN_INCLUDE_IBTTCC.I_S2MM_MSTR_IBTTCC/sig_child_burst_type_reg_reg/D
(rising edge-triggered cell FDRE clocked by clk_fpga_0 {rise@0.000ns fall@16.500ns period=33.000ns})
Path Group: clk_fpga_0
Path Type: Hold (Min at Fast Process Corner)
Requirement: 0.000ns (clk_fpga_0 rise@0.000ns - clk_fpga_0 rise@0.000ns)
Data Path Delay: 0.305ns (logic 0.148ns (48.600%) route 0.157ns (51.400%))
Logic Levels: 0  
 Clock Path Skew: 0.265ns (DCD - SCD - CPR)
Destination Clock Delay (DCD): 1.185ns
Source Clock Delay (SCD): 0.885ns
Clock Pessimism Removal (CPR): 0.035ns

    Location             Delay type                Incr(ns)  Path(ns)    Netlist Resource(s)

---

                         (clock clk_fpga_0 rise edge)
                                                      0.000     0.000 r
    PS7_X0Y0             PS7                          0.000     0.000 r  design_1_i/processing_system7_0/inst/PS7_i/FCLKCLK[0]
                         net (fo=1, routed)           0.310     0.310    design_1_i/processing_system7_0/inst/FCLK_CLK_unbuffered[0]
    BUFGCTRL_X0Y16       BUFG (Prop_bufg_I_O)         0.026     0.336 r  design_1_i/processing_system7_0/inst/buffer_fclk_clk_0.FCLK_CLK_0_BUFG/O
                         net (fo=9086, routed)        0.549     0.885    design_1_i/axi_dma_0/U0/I_PRMRY_DATAMOVER/GEN_S2MM_FULL.I_S2MM_FULL_WRAPPER/GEN_INCLUDE_IBTTCC.I_S2MM_MSTR_IBTTCC/m_axi_s2mm_aclk
    SLICE_X50Y87         FDRE                                         r  design_1_i/axi_dma_0/U0/I_PRMRY_DATAMOVER/GEN_S2MM_FULL.I_S2MM_FULL_WRAPPER/GEN_INCLUDE_IBTTCC.I_S2MM_MSTR_IBTTCC/sig_input_burst_type_reg_reg/C

---

    SLICE_X50Y87         FDRE (Prop_fdre_C_Q)         0.148     1.033 r  design_1_i/axi_dma_0/U0/I_PRMRY_DATAMOVER/GEN_S2MM_FULL.I_S2MM_FULL_WRAPPER/GEN_INCLUDE_IBTTCC.I_S2MM_MSTR_IBTTCC/sig_input_burst_type_reg_reg/Q
                         net (fo=1, routed)           0.157     1.189    design_1_i/axi_dma_0/U0/I_PRMRY_DATAMOVER/GEN_S2MM_FULL.I_S2MM_FULL_WRAPPER/GEN_INCLUDE_IBTTCC.I_S2MM_MSTR_IBTTCC/sig_input_burst_type_reg
    SLICE_X49Y85         FDRE                                         r  design_1_i/axi_dma_0/U0/I_PRMRY_DATAMOVER/GEN_S2MM_FULL.I_S2MM_FULL_WRAPPER/GEN_INCLUDE_IBTTCC.I_S2MM_MSTR_IBTTCC/sig_child_burst_type_reg_reg/D

---

                         (clock clk_fpga_0 rise edge)
                                                      0.000     0.000 r
    PS7_X0Y0             PS7                          0.000     0.000 r  design_1_i/processing_system7_0/inst/PS7_i/FCLKCLK[0]
                         net (fo=1, routed)           0.337     0.337    design_1_i/processing_system7_0/inst/FCLK_CLK_unbuffered[0]
    BUFGCTRL_X0Y16       BUFG (Prop_bufg_I_O)         0.029     0.366 r  design_1_i/processing_system7_0/inst/buffer_fclk_clk_0.FCLK_CLK_0_BUFG/O
                         net (fo=9086, routed)        0.819     1.185    design_1_i/axi_dma_0/U0/I_PRMRY_DATAMOVER/GEN_S2MM_FULL.I_S2MM_FULL_WRAPPER/GEN_INCLUDE_IBTTCC.I_S2MM_MSTR_IBTTCC/m_axi_s2mm_aclk
    SLICE_X49Y85         FDRE                                         r  design_1_i/axi_dma_0/U0/I_PRMRY_DATAMOVER/GEN_S2MM_FULL.I_S2MM_FULL_WRAPPER/GEN_INCLUDE_IBTTCC.I_S2MM_MSTR_IBTTCC/sig_child_burst_type_reg_reg/C
                         clock pessimism             -0.035     1.150
    SLICE_X49Y85         FDRE (Hold_fdre_C_D)         0.025     1.175    design_1_i/axi_dma_0/U0/I_PRMRY_DATAMOVER/GEN_S2MM_FULL.I_S2MM_FULL_WRAPPER/GEN_INCLUDE_IBTTCC.I_S2MM_MSTR_IBTTCC/sig_child_burst_type_reg_reg

---

                         required time                         -1.175
                         arrival time                           1.189

---

                         slack                                  0.014

Slack (MET) : 0.018ns (arrival time - required time)
Source: design_1_i/axi_dma_0/U0/INCLUDE_S2MM_SOF_EOF_GENERATOR.I_S2MM_DMA_MNGR/GEN_S2MM_DMA_CONTROL.GEN_SIMPLE_DMA_MODE.I_S2MM_SMPL_SM/GEN_CMD_BTT_EQL_23.cmnd_data_reg[40]/C
(rising edge-triggered cell FDRE clocked by clk_fpga_0 {rise@0.000ns fall@16.500ns period=33.000ns})
Destination: design_1_i/axi_dma_0/U0/I_PRMRY_DATAMOVER/GEN_S2MM_FULL.I_S2MM_FULL_WRAPPER/I_CMD_STATUS/I_CMD_FIFO/USE_SINGLE_REG.sig_regfifo_dout_reg_reg[40]/D
(rising edge-triggered cell FDRE clocked by clk_fpga_0 {rise@0.000ns fall@16.500ns period=33.000ns})
Path Group: clk_fpga_0
Path Type: Hold (Min at Fast Process Corner)
Requirement: 0.000ns (clk_fpga_0 rise@0.000ns - clk_fpga_0 rise@0.000ns)
Data Path Delay: 0.285ns (logic 0.128ns (44.965%) route 0.157ns (55.035%))
Logic Levels: 0  
 Clock Path Skew: 0.260ns (DCD - SCD - CPR)
Destination Clock Delay (DCD): 1.184ns
Source Clock Delay (SCD): 0.889ns
Clock Pessimism Removal (CPR): 0.035ns

    Location             Delay type                Incr(ns)  Path(ns)    Netlist Resource(s)

---

                         (clock clk_fpga_0 rise edge)
                                                      0.000     0.000 r
    PS7_X0Y0             PS7                          0.000     0.000 r  design_1_i/processing_system7_0/inst/PS7_i/FCLKCLK[0]
                         net (fo=1, routed)           0.310     0.310    design_1_i/processing_system7_0/inst/FCLK_CLK_unbuffered[0]
    BUFGCTRL_X0Y16       BUFG (Prop_bufg_I_O)         0.026     0.336 r  design_1_i/processing_system7_0/inst/buffer_fclk_clk_0.FCLK_CLK_0_BUFG/O
                         net (fo=9086, routed)        0.553     0.889    design_1_i/axi_dma_0/U0/INCLUDE_S2MM_SOF_EOF_GENERATOR.I_S2MM_DMA_MNGR/GEN_S2MM_DMA_CONTROL.GEN_SIMPLE_DMA_MODE.I_S2MM_SMPL_SM/s_axi_lite_aclk
    SLICE_X48Y89         FDRE                                         r  design_1_i/axi_dma_0/U0/INCLUDE_S2MM_SOF_EOF_GENERATOR.I_S2MM_DMA_MNGR/GEN_S2MM_DMA_CONTROL.GEN_SIMPLE_DMA_MODE.I_S2MM_SMPL_SM/GEN_CMD_BTT_EQL_23.cmnd_data_reg[40]/C

---

    SLICE_X48Y89         FDRE (Prop_fdre_C_Q)         0.128     1.017 r  design_1_i/axi_dma_0/U0/INCLUDE_S2MM_SOF_EOF_GENERATOR.I_S2MM_DMA_MNGR/GEN_S2MM_DMA_CONTROL.GEN_SIMPLE_DMA_MODE.I_S2MM_SMPL_SM/GEN_CMD_BTT_EQL_23.cmnd_data_reg[40]/Q
                         net (fo=1, routed)           0.157     1.173    design_1_i/axi_dma_0/U0/I_PRMRY_DATAMOVER/GEN_S2MM_FULL.I_S2MM_FULL_WRAPPER/I_CMD_STATUS/I_CMD_FIFO/USE_SINGLE_REG.sig_regfifo_dout_reg_reg[66]_0[33]
    SLICE_X50Y88         FDRE                                         r  design_1_i/axi_dma_0/U0/I_PRMRY_DATAMOVER/GEN_S2MM_FULL.I_S2MM_FULL_WRAPPER/I_CMD_STATUS/I_CMD_FIFO/USE_SINGLE_REG.sig_regfifo_dout_reg_reg[40]/D

---

                         (clock clk_fpga_0 rise edge)
                                                      0.000     0.000 r
    PS7_X0Y0             PS7                          0.000     0.000 r  design_1_i/processing_system7_0/inst/PS7_i/FCLKCLK[0]
                         net (fo=1, routed)           0.337     0.337    design_1_i/processing_system7_0/inst/FCLK_CLK_unbuffered[0]
    BUFGCTRL_X0Y16       BUFG (Prop_bufg_I_O)         0.029     0.366 r  design_1_i/processing_system7_0/inst/buffer_fclk_clk_0.FCLK_CLK_0_BUFG/O
                         net (fo=9086, routed)        0.818     1.184    design_1_i/axi_dma_0/U0/I_PRMRY_DATAMOVER/GEN_S2MM_FULL.I_S2MM_FULL_WRAPPER/I_CMD_STATUS/I_CMD_FIFO/m_axi_s2mm_aclk
    SLICE_X50Y88         FDRE                                         r  design_1_i/axi_dma_0/U0/I_PRMRY_DATAMOVER/GEN_S2MM_FULL.I_S2MM_FULL_WRAPPER/I_CMD_STATUS/I_CMD_FIFO/USE_SINGLE_REG.sig_regfifo_dout_reg_reg[40]/C
                         clock pessimism             -0.035     1.149
    SLICE_X50Y88         FDRE (Hold_fdre_C_D)         0.006     1.155    design_1_i/axi_dma_0/U0/I_PRMRY_DATAMOVER/GEN_S2MM_FULL.I_S2MM_FULL_WRAPPER/I_CMD_STATUS/I_CMD_FIFO/USE_SINGLE_REG.sig_regfifo_dout_reg_reg[40]

---

                         required time                         -1.155
                         arrival time                           1.173

---

                         slack                                  0.018

Slack (MET) : 0.020ns (arrival time - required time)
Source: <hidden>
(rising edge-triggered cell FDCE clocked by clk_fpga_0 {rise@0.000ns fall@16.500ns period=33.000ns})
Destination: <hidden>
(rising edge-triggered cell RAMD32 clocked by clk_fpga_0 {rise@0.000ns fall@16.500ns period=33.000ns})
Path Group: clk_fpga_0
Path Type: Hold (Min at Fast Process Corner)
Requirement: 0.000ns (clk_fpga_0 rise@0.000ns - clk_fpga_0 rise@0.000ns)
Data Path Delay: 0.233ns (logic 0.141ns (60.453%) route 0.092ns (39.547%))
Logic Levels: 0  
 Clock Path Skew: 0.013ns (DCD - SCD - CPR)
Destination Clock Delay (DCD): 1.206ns
Source Clock Delay (SCD): 0.909ns
Clock Pessimism Removal (CPR): 0.284ns

    Location             Delay type                Incr(ns)  Path(ns)    Netlist Resource(s)

---

                         (clock clk_fpga_0 rise edge)
                                                      0.000     0.000 r
    PS7_X0Y0             PS7                          0.000     0.000 r  design_1_i/processing_system7_0/inst/PS7_i/FCLKCLK[0]
                         net (fo=1, routed)           0.310     0.310    design_1_i/processing_system7_0/inst/FCLK_CLK_unbuffered[0]
    BUFGCTRL_X0Y16       BUFG (Prop_bufg_I_O)         0.026     0.336 r  design_1_i/processing_system7_0/inst/buffer_fclk_clk_0.FCLK_CLK_0_BUFG/O
                         net (fo=9086, routed)        0.573     0.909    <hidden>
    SLICE_X31Y87         FDCE                                         r  <hidden>

---

    SLICE_X31Y87         FDCE (Prop_fdce_C_Q)         0.141     1.050 r  <hidden>
                         net (fo=10, routed)          0.092     1.142    <hidden>
    SLICE_X30Y87         RAMD32                                       r  <hidden>

---

                         (clock clk_fpga_0 rise edge)
                                                      0.000     0.000 r
    PS7_X0Y0             PS7                          0.000     0.000 r  design_1_i/processing_system7_0/inst/PS7_i/FCLKCLK[0]
                         net (fo=1, routed)           0.337     0.337    design_1_i/processing_system7_0/inst/FCLK_CLK_unbuffered[0]
    BUFGCTRL_X0Y16       BUFG (Prop_bufg_I_O)         0.029     0.366 r  design_1_i/processing_system7_0/inst/buffer_fclk_clk_0.FCLK_CLK_0_BUFG/O
                         net (fo=9086, routed)        0.840     1.206    <hidden>
    SLICE_X30Y87         RAMD32                                       r  <hidden>
                         clock pessimism             -0.284     0.922
    SLICE_X30Y87         RAMD32 (Hold_ramd32_CLK_WADR4)
                                                      0.200     1.122    <hidden>

---

                         required time                         -1.122
                         arrival time                           1.142

---

                         slack                                  0.020

Slack (MET) : 0.020ns (arrival time - required time)
Source: <hidden>
(rising edge-triggered cell FDCE clocked by clk_fpga_0 {rise@0.000ns fall@16.500ns period=33.000ns})
Destination: <hidden>
(rising edge-triggered cell RAMD32 clocked by clk_fpga_0 {rise@0.000ns fall@16.500ns period=33.000ns})
Path Group: clk_fpga_0
Path Type: Hold (Min at Fast Process Corner)
Requirement: 0.000ns (clk_fpga_0 rise@0.000ns - clk_fpga_0 rise@0.000ns)
Data Path Delay: 0.233ns (logic 0.141ns (60.453%) route 0.092ns (39.547%))
Logic Levels: 0  
 Clock Path Skew: 0.013ns (DCD - SCD - CPR)
Destination Clock Delay (DCD): 1.206ns
Source Clock Delay (SCD): 0.909ns
Clock Pessimism Removal (CPR): 0.284ns

    Location             Delay type                Incr(ns)  Path(ns)    Netlist Resource(s)

---

                         (clock clk_fpga_0 rise edge)
                                                      0.000     0.000 r
    PS7_X0Y0             PS7                          0.000     0.000 r  design_1_i/processing_system7_0/inst/PS7_i/FCLKCLK[0]
                         net (fo=1, routed)           0.310     0.310    design_1_i/processing_system7_0/inst/FCLK_CLK_unbuffered[0]
    BUFGCTRL_X0Y16       BUFG (Prop_bufg_I_O)         0.026     0.336 r  design_1_i/processing_system7_0/inst/buffer_fclk_clk_0.FCLK_CLK_0_BUFG/O
                         net (fo=9086, routed)        0.573     0.909    <hidden>
    SLICE_X31Y87         FDCE                                         r  <hidden>

---

    SLICE_X31Y87         FDCE (Prop_fdce_C_Q)         0.141     1.050 r  <hidden>
                         net (fo=10, routed)          0.092     1.142    <hidden>
    SLICE_X30Y87         RAMD32                                       r  <hidden>

---

                         (clock clk_fpga_0 rise edge)
                                                      0.000     0.000 r
    PS7_X0Y0             PS7                          0.000     0.000 r  design_1_i/processing_system7_0/inst/PS7_i/FCLKCLK[0]
                         net (fo=1, routed)           0.337     0.337    design_1_i/processing_system7_0/inst/FCLK_CLK_unbuffered[0]
    BUFGCTRL_X0Y16       BUFG (Prop_bufg_I_O)         0.029     0.366 r  design_1_i/processing_system7_0/inst/buffer_fclk_clk_0.FCLK_CLK_0_BUFG/O
                         net (fo=9086, routed)        0.840     1.206    <hidden>
    SLICE_X30Y87         RAMD32                                       r  <hidden>
                         clock pessimism             -0.284     0.922
    SLICE_X30Y87         RAMD32 (Hold_ramd32_CLK_WADR4)
                                                      0.200     1.122    <hidden>

---

                         required time                         -1.122
                         arrival time                           1.142

---

                         slack                                  0.020

Slack (MET) : 0.020ns (arrival time - required time)
Source: <hidden>
(rising edge-triggered cell FDCE clocked by clk_fpga_0 {rise@0.000ns fall@16.500ns period=33.000ns})
Destination: <hidden>
(rising edge-triggered cell RAMD32 clocked by clk_fpga_0 {rise@0.000ns fall@16.500ns period=33.000ns})
Path Group: clk_fpga_0
Path Type: Hold (Min at Fast Process Corner)
Requirement: 0.000ns (clk_fpga_0 rise@0.000ns - clk_fpga_0 rise@0.000ns)
Data Path Delay: 0.233ns (logic 0.141ns (60.453%) route 0.092ns (39.547%))
Logic Levels: 0  
 Clock Path Skew: 0.013ns (DCD - SCD - CPR)
Destination Clock Delay (DCD): 1.206ns
Source Clock Delay (SCD): 0.909ns
Clock Pessimism Removal (CPR): 0.284ns

    Location             Delay type                Incr(ns)  Path(ns)    Netlist Resource(s)

---

                         (clock clk_fpga_0 rise edge)
                                                      0.000     0.000 r
    PS7_X0Y0             PS7                          0.000     0.000 r  design_1_i/processing_system7_0/inst/PS7_i/FCLKCLK[0]
                         net (fo=1, routed)           0.310     0.310    design_1_i/processing_system7_0/inst/FCLK_CLK_unbuffered[0]
    BUFGCTRL_X0Y16       BUFG (Prop_bufg_I_O)         0.026     0.336 r  design_1_i/processing_system7_0/inst/buffer_fclk_clk_0.FCLK_CLK_0_BUFG/O
                         net (fo=9086, routed)        0.573     0.909    <hidden>
    SLICE_X31Y87         FDCE                                         r  <hidden>

---

    SLICE_X31Y87         FDCE (Prop_fdce_C_Q)         0.141     1.050 r  <hidden>
                         net (fo=10, routed)          0.092     1.142    <hidden>
    SLICE_X30Y87         RAMD32                                       r  <hidden>

---

                         (clock clk_fpga_0 rise edge)
                                                      0.000     0.000 r
    PS7_X0Y0             PS7                          0.000     0.000 r  design_1_i/processing_system7_0/inst/PS7_i/FCLKCLK[0]
                         net (fo=1, routed)           0.337     0.337    design_1_i/processing_system7_0/inst/FCLK_CLK_unbuffered[0]
    BUFGCTRL_X0Y16       BUFG (Prop_bufg_I_O)         0.029     0.366 r  design_1_i/processing_system7_0/inst/buffer_fclk_clk_0.FCLK_CLK_0_BUFG/O
                         net (fo=9086, routed)        0.840     1.206    <hidden>
    SLICE_X30Y87         RAMD32                                       r  <hidden>
                         clock pessimism             -0.284     0.922
    SLICE_X30Y87         RAMD32 (Hold_ramd32_CLK_WADR4)
                                                      0.200     1.122    <hidden>

---

                         required time                         -1.122
                         arrival time                           1.142

---

                         slack                                  0.020

Slack (MET) : 0.020ns (arrival time - required time)
Source: <hidden>
(rising edge-triggered cell FDCE clocked by clk_fpga_0 {rise@0.000ns fall@16.500ns period=33.000ns})
Destination: <hidden>
(rising edge-triggered cell RAMD32 clocked by clk_fpga_0 {rise@0.000ns fall@16.500ns period=33.000ns})
Path Group: clk_fpga_0
Path Type: Hold (Min at Fast Process Corner)
Requirement: 0.000ns (clk_fpga_0 rise@0.000ns - clk_fpga_0 rise@0.000ns)
Data Path Delay: 0.233ns (logic 0.141ns (60.453%) route 0.092ns (39.547%))
Logic Levels: 0  
 Clock Path Skew: 0.013ns (DCD - SCD - CPR)
Destination Clock Delay (DCD): 1.206ns
Source Clock Delay (SCD): 0.909ns
Clock Pessimism Removal (CPR): 0.284ns

    Location             Delay type                Incr(ns)  Path(ns)    Netlist Resource(s)

---

                         (clock clk_fpga_0 rise edge)
                                                      0.000     0.000 r
    PS7_X0Y0             PS7                          0.000     0.000 r  design_1_i/processing_system7_0/inst/PS7_i/FCLKCLK[0]
                         net (fo=1, routed)           0.310     0.310    design_1_i/processing_system7_0/inst/FCLK_CLK_unbuffered[0]
    BUFGCTRL_X0Y16       BUFG (Prop_bufg_I_O)         0.026     0.336 r  design_1_i/processing_system7_0/inst/buffer_fclk_clk_0.FCLK_CLK_0_BUFG/O
                         net (fo=9086, routed)        0.573     0.909    <hidden>
    SLICE_X31Y87         FDCE                                         r  <hidden>

---

    SLICE_X31Y87         FDCE (Prop_fdce_C_Q)         0.141     1.050 r  <hidden>
                         net (fo=10, routed)          0.092     1.142    <hidden>
    SLICE_X30Y87         RAMD32                                       r  <hidden>

---

                         (clock clk_fpga_0 rise edge)
                                                      0.000     0.000 r
    PS7_X0Y0             PS7                          0.000     0.000 r  design_1_i/processing_system7_0/inst/PS7_i/FCLKCLK[0]
                         net (fo=1, routed)           0.337     0.337    design_1_i/processing_system7_0/inst/FCLK_CLK_unbuffered[0]
    BUFGCTRL_X0Y16       BUFG (Prop_bufg_I_O)         0.029     0.366 r  design_1_i/processing_system7_0/inst/buffer_fclk_clk_0.FCLK_CLK_0_BUFG/O
                         net (fo=9086, routed)        0.840     1.206    <hidden>
    SLICE_X30Y87         RAMD32                                       r  <hidden>
                         clock pessimism             -0.284     0.922
    SLICE_X30Y87         RAMD32 (Hold_ramd32_CLK_WADR4)
                                                      0.200     1.122    <hidden>

---

                         required time                         -1.122
                         arrival time                           1.142

---

                         slack                                  0.020

Slack (MET) : 0.020ns (arrival time - required time)
Source: <hidden>
(rising edge-triggered cell FDCE clocked by clk_fpga_0 {rise@0.000ns fall@16.500ns period=33.000ns})
Destination: <hidden>
(rising edge-triggered cell RAMD32 clocked by clk_fpga_0 {rise@0.000ns fall@16.500ns period=33.000ns})
Path Group: clk_fpga_0
Path Type: Hold (Min at Fast Process Corner)
Requirement: 0.000ns (clk_fpga_0 rise@0.000ns - clk_fpga_0 rise@0.000ns)
Data Path Delay: 0.233ns (logic 0.141ns (60.453%) route 0.092ns (39.547%))
Logic Levels: 0  
 Clock Path Skew: 0.013ns (DCD - SCD - CPR)
Destination Clock Delay (DCD): 1.206ns
Source Clock Delay (SCD): 0.909ns
Clock Pessimism Removal (CPR): 0.284ns

    Location             Delay type                Incr(ns)  Path(ns)    Netlist Resource(s)

---

                         (clock clk_fpga_0 rise edge)
                                                      0.000     0.000 r
    PS7_X0Y0             PS7                          0.000     0.000 r  design_1_i/processing_system7_0/inst/PS7_i/FCLKCLK[0]
                         net (fo=1, routed)           0.310     0.310    design_1_i/processing_system7_0/inst/FCLK_CLK_unbuffered[0]
    BUFGCTRL_X0Y16       BUFG (Prop_bufg_I_O)         0.026     0.336 r  design_1_i/processing_system7_0/inst/buffer_fclk_clk_0.FCLK_CLK_0_BUFG/O
                         net (fo=9086, routed)        0.573     0.909    <hidden>
    SLICE_X31Y87         FDCE                                         r  <hidden>

---

    SLICE_X31Y87         FDCE (Prop_fdce_C_Q)         0.141     1.050 r  <hidden>
                         net (fo=10, routed)          0.092     1.142    <hidden>
    SLICE_X30Y87         RAMD32                                       r  <hidden>

---

                         (clock clk_fpga_0 rise edge)
                                                      0.000     0.000 r
    PS7_X0Y0             PS7                          0.000     0.000 r  design_1_i/processing_system7_0/inst/PS7_i/FCLKCLK[0]
                         net (fo=1, routed)           0.337     0.337    design_1_i/processing_system7_0/inst/FCLK_CLK_unbuffered[0]
    BUFGCTRL_X0Y16       BUFG (Prop_bufg_I_O)         0.029     0.366 r  design_1_i/processing_system7_0/inst/buffer_fclk_clk_0.FCLK_CLK_0_BUFG/O
                         net (fo=9086, routed)        0.840     1.206    <hidden>
    SLICE_X30Y87         RAMD32                                       r  <hidden>
                         clock pessimism             -0.284     0.922
    SLICE_X30Y87         RAMD32 (Hold_ramd32_CLK_WADR4)
                                                      0.200     1.122    <hidden>

---

                         required time                         -1.122
                         arrival time                           1.142

---

                         slack                                  0.020

Slack (MET) : 0.020ns (arrival time - required time)
Source: <hidden>
(rising edge-triggered cell FDCE clocked by clk_fpga_0 {rise@0.000ns fall@16.500ns period=33.000ns})
Destination: <hidden>
(rising edge-triggered cell RAMD32 clocked by clk_fpga_0 {rise@0.000ns fall@16.500ns period=33.000ns})
Path Group: clk_fpga_0
Path Type: Hold (Min at Fast Process Corner)
Requirement: 0.000ns (clk_fpga_0 rise@0.000ns - clk_fpga_0 rise@0.000ns)
Data Path Delay: 0.233ns (logic 0.141ns (60.453%) route 0.092ns (39.547%))
Logic Levels: 0  
 Clock Path Skew: 0.013ns (DCD - SCD - CPR)
Destination Clock Delay (DCD): 1.206ns
Source Clock Delay (SCD): 0.909ns
Clock Pessimism Removal (CPR): 0.284ns

    Location             Delay type                Incr(ns)  Path(ns)    Netlist Resource(s)

---

                         (clock clk_fpga_0 rise edge)
                                                      0.000     0.000 r
    PS7_X0Y0             PS7                          0.000     0.000 r  design_1_i/processing_system7_0/inst/PS7_i/FCLKCLK[0]
                         net (fo=1, routed)           0.310     0.310    design_1_i/processing_system7_0/inst/FCLK_CLK_unbuffered[0]
    BUFGCTRL_X0Y16       BUFG (Prop_bufg_I_O)         0.026     0.336 r  design_1_i/processing_system7_0/inst/buffer_fclk_clk_0.FCLK_CLK_0_BUFG/O
                         net (fo=9086, routed)        0.573     0.909    <hidden>
    SLICE_X31Y87         FDCE                                         r  <hidden>

---

    SLICE_X31Y87         FDCE (Prop_fdce_C_Q)         0.141     1.050 r  <hidden>
                         net (fo=10, routed)          0.092     1.142    <hidden>
    SLICE_X30Y87         RAMD32                                       r  <hidden>

---

                         (clock clk_fpga_0 rise edge)
                                                      0.000     0.000 r
    PS7_X0Y0             PS7                          0.000     0.000 r  design_1_i/processing_system7_0/inst/PS7_i/FCLKCLK[0]
                         net (fo=1, routed)           0.337     0.337    design_1_i/processing_system7_0/inst/FCLK_CLK_unbuffered[0]
    BUFGCTRL_X0Y16       BUFG (Prop_bufg_I_O)         0.029     0.366 r  design_1_i/processing_system7_0/inst/buffer_fclk_clk_0.FCLK_CLK_0_BUFG/O
                         net (fo=9086, routed)        0.840     1.206    <hidden>
    SLICE_X30Y87         RAMD32                                       r  <hidden>
                         clock pessimism             -0.284     0.922
    SLICE_X30Y87         RAMD32 (Hold_ramd32_CLK_WADR4)
                                                      0.200     1.122    <hidden>

---

                         required time                         -1.122
                         arrival time                           1.142

---

                         slack                                  0.020

Slack (MET) : 0.020ns (arrival time - required time)
Source: <hidden>
(rising edge-triggered cell FDCE clocked by clk_fpga_0 {rise@0.000ns fall@16.500ns period=33.000ns})
Destination: <hidden>
(rising edge-triggered cell RAMS32 clocked by clk_fpga_0 {rise@0.000ns fall@16.500ns period=33.000ns})
Path Group: clk_fpga_0
Path Type: Hold (Min at Fast Process Corner)
Requirement: 0.000ns (clk_fpga_0 rise@0.000ns - clk_fpga_0 rise@0.000ns)
Data Path Delay: 0.233ns (logic 0.141ns (60.453%) route 0.092ns (39.547%))
Logic Levels: 0  
 Clock Path Skew: 0.013ns (DCD - SCD - CPR)
Destination Clock Delay (DCD): 1.206ns
Source Clock Delay (SCD): 0.909ns
Clock Pessimism Removal (CPR): 0.284ns

    Location             Delay type                Incr(ns)  Path(ns)    Netlist Resource(s)

---

                         (clock clk_fpga_0 rise edge)
                                                      0.000     0.000 r
    PS7_X0Y0             PS7                          0.000     0.000 r  design_1_i/processing_system7_0/inst/PS7_i/FCLKCLK[0]
                         net (fo=1, routed)           0.310     0.310    design_1_i/processing_system7_0/inst/FCLK_CLK_unbuffered[0]
    BUFGCTRL_X0Y16       BUFG (Prop_bufg_I_O)         0.026     0.336 r  design_1_i/processing_system7_0/inst/buffer_fclk_clk_0.FCLK_CLK_0_BUFG/O
                         net (fo=9086, routed)        0.573     0.909    <hidden>
    SLICE_X31Y87         FDCE                                         r  <hidden>

---

    SLICE_X31Y87         FDCE (Prop_fdce_C_Q)         0.141     1.050 r  <hidden>
                         net (fo=10, routed)          0.092     1.142    <hidden>
    SLICE_X30Y87         RAMS32                                       r  <hidden>

---

                         (clock clk_fpga_0 rise edge)
                                                      0.000     0.000 r
    PS7_X0Y0             PS7                          0.000     0.000 r  design_1_i/processing_system7_0/inst/PS7_i/FCLKCLK[0]
                         net (fo=1, routed)           0.337     0.337    design_1_i/processing_system7_0/inst/FCLK_CLK_unbuffered[0]
    BUFGCTRL_X0Y16       BUFG (Prop_bufg_I_O)         0.029     0.366 r  design_1_i/processing_system7_0/inst/buffer_fclk_clk_0.FCLK_CLK_0_BUFG/O
                         net (fo=9086, routed)        0.840     1.206    <hidden>
    SLICE_X30Y87         RAMS32                                       r  <hidden>
                         clock pessimism             -0.284     0.922
    SLICE_X30Y87         RAMS32 (Hold_rams32_CLK_ADR4)
                                                      0.200     1.122    <hidden>

---

                         required time                         -1.122
                         arrival time                           1.142

---

                         slack                                  0.020

Slack (MET) : 0.020ns (arrival time - required time)
Source: <hidden>
(rising edge-triggered cell FDCE clocked by clk_fpga_0 {rise@0.000ns fall@16.500ns period=33.000ns})
Destination: <hidden>
(rising edge-triggered cell RAMS32 clocked by clk_fpga_0 {rise@0.000ns fall@16.500ns period=33.000ns})
Path Group: clk_fpga_0
Path Type: Hold (Min at Fast Process Corner)
Requirement: 0.000ns (clk_fpga_0 rise@0.000ns - clk_fpga_0 rise@0.000ns)
Data Path Delay: 0.233ns (logic 0.141ns (60.453%) route 0.092ns (39.547%))
Logic Levels: 0  
 Clock Path Skew: 0.013ns (DCD - SCD - CPR)
Destination Clock Delay (DCD): 1.206ns
Source Clock Delay (SCD): 0.909ns
Clock Pessimism Removal (CPR): 0.284ns

    Location             Delay type                Incr(ns)  Path(ns)    Netlist Resource(s)

---

                         (clock clk_fpga_0 rise edge)
                                                      0.000     0.000 r
    PS7_X0Y0             PS7                          0.000     0.000 r  design_1_i/processing_system7_0/inst/PS7_i/FCLKCLK[0]
                         net (fo=1, routed)           0.310     0.310    design_1_i/processing_system7_0/inst/FCLK_CLK_unbuffered[0]
    BUFGCTRL_X0Y16       BUFG (Prop_bufg_I_O)         0.026     0.336 r  design_1_i/processing_system7_0/inst/buffer_fclk_clk_0.FCLK_CLK_0_BUFG/O
                         net (fo=9086, routed)        0.573     0.909    <hidden>
    SLICE_X31Y87         FDCE                                         r  <hidden>

---

    SLICE_X31Y87         FDCE (Prop_fdce_C_Q)         0.141     1.050 r  <hidden>
                         net (fo=10, routed)          0.092     1.142    <hidden>
    SLICE_X30Y87         RAMS32                                       r  <hidden>

---

                         (clock clk_fpga_0 rise edge)
                                                      0.000     0.000 r
    PS7_X0Y0             PS7                          0.000     0.000 r  design_1_i/processing_system7_0/inst/PS7_i/FCLKCLK[0]
                         net (fo=1, routed)           0.337     0.337    design_1_i/processing_system7_0/inst/FCLK_CLK_unbuffered[0]
    BUFGCTRL_X0Y16       BUFG (Prop_bufg_I_O)         0.029     0.366 r  design_1_i/processing_system7_0/inst/buffer_fclk_clk_0.FCLK_CLK_0_BUFG/O
                         net (fo=9086, routed)        0.840     1.206    <hidden>
    SLICE_X30Y87         RAMS32                                       r  <hidden>
                         clock pessimism             -0.284     0.922
    SLICE_X30Y87         RAMS32 (Hold_rams32_CLK_ADR4)
                                                      0.200     1.122    <hidden>

---

                         required time                         -1.122
                         arrival time                           1.142

---

                         slack                                  0.020

## Pulse Width Checks

Clock Name: clk_fpga_0
Waveform(ns): { 0.000 16.500 }
Period(ns): 33.000
Sources: { design_1_i/processing_system7_0/inst/PS7_i/FCLKCLK[0] }

Check Type Corner Lib Pin Reference Pin Required(ns) Actual(ns) Slack(ns) Location Pin
Min Period n/a RAMB36E1/CLKARDCLK n/a 2.944 33.000 30.056 RAMB36_X1Y2 design_1_i/ldpc_encoder_0/inst/ldpc_encoder_core/codeword_generator/ram_reg[0][0]\_0/CLKARDCLK
Min Period n/a RAMB36E1/CLKBWRCLK n/a 2.944 33.000 30.056 RAMB36_X1Y2 design_1_i/ldpc_encoder_0/inst/ldpc_encoder_core/codeword_generator/ram_reg[0][0]\_0/CLKBWRCLK
Min Period n/a RAMB18E1/CLKARDCLK n/a 2.944 33.000 30.056 RAMB18_X0Y7 design_1_i/ldpc_encoder_0/inst/ldpc_encoder_core/codeword_generator/ram_reg[0][0]\_1/CLKARDCLK
Min Period n/a RAMB18E1/CLKBWRCLK n/a 2.944 33.000 30.056 RAMB18_X0Y7 design_1_i/ldpc_encoder_0/inst/ldpc_encoder_core/codeword_generator/ram_reg[0][0]\_1/CLKBWRCLK
Min Period n/a RAMB36E1/CLKARDCLK n/a 2.944 33.000 30.056 RAMB36_X2Y2 design_1_i/ldpc_encoder_0/inst/ldpc_encoder_core/codeword_generator/ram_reg[1][0]\_0/CLKARDCLK
Min Period n/a RAMB36E1/CLKBWRCLK n/a 2.944 33.000 30.056 RAMB36_X2Y2 design_1_i/ldpc_encoder_0/inst/ldpc_encoder_core/codeword_generator/ram_reg[1][0]\_0/CLKBWRCLK
Min Period n/a RAMB18E1/CLKARDCLK n/a 2.944 33.000 30.056 RAMB18_X0Y8 design_1_i/ldpc_encoder_0/inst/ldpc_encoder_core/codeword_generator/ram_reg[1][0]\_1/CLKARDCLK
Min Period n/a RAMB18E1/CLKBWRCLK n/a 2.944 33.000 30.056 RAMB18_X0Y8 design_1_i/ldpc_encoder_0/inst/ldpc_encoder_core/codeword_generator/ram_reg[1][0]\_1/CLKBWRCLK
Min Period n/a RAMB36E1/CLKARDCLK n/a 2.944 33.000 30.056 RAMB36_X2Y3 design_1_i/ldpc_encoder_0/inst/ldpc_encoder_core/codeword_generator/ram_reg[2][0]\_0/CLKARDCLK
Min Period n/a RAMB36E1/CLKBWRCLK n/a 2.944 33.000 30.056 RAMB36_X2Y3 design_1_i/ldpc_encoder_0/inst/ldpc_encoder_core/codeword_generator/ram_reg[2][0]\_0/CLKBWRCLK
Low Pulse Width Slow RAMD32/CLK n/a 1.250 16.500 15.250 SLICE_X46Y81 design_1_i/axi_dma_0/U0/I_PRMRY_DATAMOVER/GEN_S2MM_FULL.I_S2MM_FULL_WRAPPER/GEN_ENABLE_INDET_BTT_SF.I_INDET_BTT/I_XD_FIFO/NON_BLK_MEM.I_SYNC_FIFOGEN_FIFO/xpm_fifo_instance.xpm_fifo_sync_inst/xpm_fifo_base_inst/gen_sdpram.xpm_memory_base_inst/gen_wr_a.gen_word_narrow.mem_reg_0_15_0_5/RAMA/CLK
Low Pulse Width Fast RAMD32/CLK n/a 1.250 16.500 15.250 SLICE_X46Y81 design_1_i/axi_dma_0/U0/I_PRMRY_DATAMOVER/GEN_S2MM_FULL.I_S2MM_FULL_WRAPPER/GEN_ENABLE_INDET_BTT_SF.I_INDET_BTT/I_XD_FIFO/NON_BLK_MEM.I_SYNC_FIFOGEN_FIFO/xpm_fifo_instance.xpm_fifo_sync_inst/xpm_fifo_base_inst/gen_sdpram.xpm_memory_base_inst/gen_wr_a.gen_word_narrow.mem_reg_0_15_0_5/RAMA/CLK
Low Pulse Width Slow RAMD32/CLK n/a 1.250 16.500 15.250 SLICE_X46Y81 design_1_i/axi_dma_0/U0/I_PRMRY_DATAMOVER/GEN_S2MM_FULL.I_S2MM_FULL_WRAPPER/GEN_ENABLE_INDET_BTT_SF.I_INDET_BTT/I_XD_FIFO/NON_BLK_MEM.I_SYNC_FIFOGEN_FIFO/xpm_fifo_instance.xpm_fifo_sync_inst/xpm_fifo_base_inst/gen_sdpram.xpm_memory_base_inst/gen_wr_a.gen_word_narrow.mem_reg_0_15_0_5/RAMA_D1/CLK
Low Pulse Width Fast RAMD32/CLK n/a 1.250 16.500 15.250 SLICE_X46Y81 design_1_i/axi_dma_0/U0/I_PRMRY_DATAMOVER/GEN_S2MM_FULL.I_S2MM_FULL_WRAPPER/GEN_ENABLE_INDET_BTT_SF.I_INDET_BTT/I_XD_FIFO/NON_BLK_MEM.I_SYNC_FIFOGEN_FIFO/xpm_fifo_instance.xpm_fifo_sync_inst/xpm_fifo_base_inst/gen_sdpram.xpm_memory_base_inst/gen_wr_a.gen_word_narrow.mem_reg_0_15_0_5/RAMA_D1/CLK
Low Pulse Width Slow RAMD32/CLK n/a 1.250 16.500 15.250 SLICE_X46Y81 design_1_i/axi_dma_0/U0/I_PRMRY_DATAMOVER/GEN_S2MM_FULL.I_S2MM_FULL_WRAPPER/GEN_ENABLE_INDET_BTT_SF.I_INDET_BTT/I_XD_FIFO/NON_BLK_MEM.I_SYNC_FIFOGEN_FIFO/xpm_fifo_instance.xpm_fifo_sync_inst/xpm_fifo_base_inst/gen_sdpram.xpm_memory_base_inst/gen_wr_a.gen_word_narrow.mem_reg_0_15_0_5/RAMB/CLK
Low Pulse Width Fast RAMD32/CLK n/a 1.250 16.500 15.250 SLICE_X46Y81 design_1_i/axi_dma_0/U0/I_PRMRY_DATAMOVER/GEN_S2MM_FULL.I_S2MM_FULL_WRAPPER/GEN_ENABLE_INDET_BTT_SF.I_INDET_BTT/I_XD_FIFO/NON_BLK_MEM.I_SYNC_FIFOGEN_FIFO/xpm_fifo_instance.xpm_fifo_sync_inst/xpm_fifo_base_inst/gen_sdpram.xpm_memory_base_inst/gen_wr_a.gen_word_narrow.mem_reg_0_15_0_5/RAMB/CLK
Low Pulse Width Slow RAMD32/CLK n/a 1.250 16.500 15.250 SLICE_X46Y81 design_1_i/axi_dma_0/U0/I_PRMRY_DATAMOVER/GEN_S2MM_FULL.I_S2MM_FULL_WRAPPER/GEN_ENABLE_INDET_BTT_SF.I_INDET_BTT/I_XD_FIFO/NON_BLK_MEM.I_SYNC_FIFOGEN_FIFO/xpm_fifo_instance.xpm_fifo_sync_inst/xpm_fifo_base_inst/gen_sdpram.xpm_memory_base_inst/gen_wr_a.gen_word_narrow.mem_reg_0_15_0_5/RAMB_D1/CLK
Low Pulse Width Fast RAMD32/CLK n/a 1.250 16.500 15.250 SLICE_X46Y81 design_1_i/axi_dma_0/U0/I_PRMRY_DATAMOVER/GEN_S2MM_FULL.I_S2MM_FULL_WRAPPER/GEN_ENABLE_INDET_BTT_SF.I_INDET_BTT/I_XD_FIFO/NON_BLK_MEM.I_SYNC_FIFOGEN_FIFO/xpm_fifo_instance.xpm_fifo_sync_inst/xpm_fifo_base_inst/gen_sdpram.xpm_memory_base_inst/gen_wr_a.gen_word_narrow.mem_reg_0_15_0_5/RAMB_D1/CLK
Low Pulse Width Slow RAMD32/CLK n/a 1.250 16.500 15.250 SLICE_X46Y81 design_1_i/axi_dma_0/U0/I_PRMRY_DATAMOVER/GEN_S2MM_FULL.I_S2MM_FULL_WRAPPER/GEN_ENABLE_INDET_BTT_SF.I_INDET_BTT/I_XD_FIFO/NON_BLK_MEM.I_SYNC_FIFOGEN_FIFO/xpm_fifo_instance.xpm_fifo_sync_inst/xpm_fifo_base_inst/gen_sdpram.xpm_memory_base_inst/gen_wr_a.gen_word_narrow.mem_reg_0_15_0_5/RAMC/CLK
Low Pulse Width Fast RAMD32/CLK n/a 1.250 16.500 15.250 SLICE_X46Y81 design_1_i/axi_dma_0/U0/I_PRMRY_DATAMOVER/GEN_S2MM_FULL.I_S2MM_FULL_WRAPPER/GEN_ENABLE_INDET_BTT_SF.I_INDET_BTT/I_XD_FIFO/NON_BLK_MEM.I_SYNC_FIFOGEN_FIFO/xpm_fifo_instance.xpm_fifo_sync_inst/xpm_fifo_base_inst/gen_sdpram.xpm_memory_base_inst/gen_wr_a.gen_word_narrow.mem_reg_0_15_0_5/RAMC/CLK
High Pulse Width Slow RAMD32/CLK n/a 1.250 16.500 15.250 SLICE_X46Y81 design_1_i/axi_dma_0/U0/I_PRMRY_DATAMOVER/GEN_S2MM_FULL.I_S2MM_FULL_WRAPPER/GEN_ENABLE_INDET_BTT_SF.I_INDET_BTT/I_XD_FIFO/NON_BLK_MEM.I_SYNC_FIFOGEN_FIFO/xpm_fifo_instance.xpm_fifo_sync_inst/xpm_fifo_base_inst/gen_sdpram.xpm_memory_base_inst/gen_wr_a.gen_word_narrow.mem_reg_0_15_0_5/RAMA/CLK
High Pulse Width Fast RAMD32/CLK n/a 1.250 16.500 15.250 SLICE_X46Y81 design_1_i/axi_dma_0/U0/I_PRMRY_DATAMOVER/GEN_S2MM_FULL.I_S2MM_FULL_WRAPPER/GEN_ENABLE_INDET_BTT_SF.I_INDET_BTT/I_XD_FIFO/NON_BLK_MEM.I_SYNC_FIFOGEN_FIFO/xpm_fifo_instance.xpm_fifo_sync_inst/xpm_fifo_base_inst/gen_sdpram.xpm_memory_base_inst/gen_wr_a.gen_word_narrow.mem_reg_0_15_0_5/RAMA/CLK
High Pulse Width Slow RAMD32/CLK n/a 1.250 16.500 15.250 SLICE_X46Y81 design_1_i/axi_dma_0/U0/I_PRMRY_DATAMOVER/GEN_S2MM_FULL.I_S2MM_FULL_WRAPPER/GEN_ENABLE_INDET_BTT_SF.I_INDET_BTT/I_XD_FIFO/NON_BLK_MEM.I_SYNC_FIFOGEN_FIFO/xpm_fifo_instance.xpm_fifo_sync_inst/xpm_fifo_base_inst/gen_sdpram.xpm_memory_base_inst/gen_wr_a.gen_word_narrow.mem_reg_0_15_0_5/RAMA_D1/CLK
High Pulse Width Fast RAMD32/CLK n/a 1.250 16.500 15.250 SLICE_X46Y81 design_1_i/axi_dma_0/U0/I_PRMRY_DATAMOVER/GEN_S2MM_FULL.I_S2MM_FULL_WRAPPER/GEN_ENABLE_INDET_BTT_SF.I_INDET_BTT/I_XD_FIFO/NON_BLK_MEM.I_SYNC_FIFOGEN_FIFO/xpm_fifo_instance.xpm_fifo_sync_inst/xpm_fifo_base_inst/gen_sdpram.xpm_memory_base_inst/gen_wr_a.gen_word_narrow.mem_reg_0_15_0_5/RAMA_D1/CLK
High Pulse Width Slow RAMD32/CLK n/a 1.250 16.500 15.250 SLICE_X46Y81 design_1_i/axi_dma_0/U0/I_PRMRY_DATAMOVER/GEN_S2MM_FULL.I_S2MM_FULL_WRAPPER/GEN_ENABLE_INDET_BTT_SF.I_INDET_BTT/I_XD_FIFO/NON_BLK_MEM.I_SYNC_FIFOGEN_FIFO/xpm_fifo_instance.xpm_fifo_sync_inst/xpm_fifo_base_inst/gen_sdpram.xpm_memory_base_inst/gen_wr_a.gen_word_narrow.mem_reg_0_15_0_5/RAMB/CLK
High Pulse Width Fast RAMD32/CLK n/a 1.250 16.500 15.250 SLICE_X46Y81 design_1_i/axi_dma_0/U0/I_PRMRY_DATAMOVER/GEN_S2MM_FULL.I_S2MM_FULL_WRAPPER/GEN_ENABLE_INDET_BTT_SF.I_INDET_BTT/I_XD_FIFO/NON_BLK_MEM.I_SYNC_FIFOGEN_FIFO/xpm_fifo_instance.xpm_fifo_sync_inst/xpm_fifo_base_inst/gen_sdpram.xpm_memory_base_inst/gen_wr_a.gen_word_narrow.mem_reg_0_15_0_5/RAMB/CLK
High Pulse Width Slow RAMD32/CLK n/a 1.250 16.500 15.250 SLICE_X46Y81 design_1_i/axi_dma_0/U0/I_PRMRY_DATAMOVER/GEN_S2MM_FULL.I_S2MM_FULL_WRAPPER/GEN_ENABLE_INDET_BTT_SF.I_INDET_BTT/I_XD_FIFO/NON_BLK_MEM.I_SYNC_FIFOGEN_FIFO/xpm_fifo_instance.xpm_fifo_sync_inst/xpm_fifo_base_inst/gen_sdpram.xpm_memory_base_inst/gen_wr_a.gen_word_narrow.mem_reg_0_15_0_5/RAMB_D1/CLK
High Pulse Width Fast RAMD32/CLK n/a 1.250 16.500 15.250 SLICE_X46Y81 design_1_i/axi_dma_0/U0/I_PRMRY_DATAMOVER/GEN_S2MM_FULL.I_S2MM_FULL_WRAPPER/GEN_ENABLE_INDET_BTT_SF.I_INDET_BTT/I_XD_FIFO/NON_BLK_MEM.I_SYNC_FIFOGEN_FIFO/xpm_fifo_instance.xpm_fifo_sync_inst/xpm_fifo_base_inst/gen_sdpram.xpm_memory_base_inst/gen_wr_a.gen_word_narrow.mem_reg_0_15_0_5/RAMB_D1/CLK
High Pulse Width Slow RAMD32/CLK n/a 1.250 16.500 15.250 SLICE_X46Y81 design_1_i/axi_dma_0/U0/I_PRMRY_DATAMOVER/GEN_S2MM_FULL.I_S2MM_FULL_WRAPPER/GEN_ENABLE_INDET_BTT_SF.I_INDET_BTT/I_XD_FIFO/NON_BLK_MEM.I_SYNC_FIFOGEN_FIFO/xpm_fifo_instance.xpm_fifo_sync_inst/xpm_fifo_base_inst/gen_sdpram.xpm_memory_base_inst/gen_wr_a.gen_word_narrow.mem_reg_0_15_0_5/RAMC/CLK
High Pulse Width Fast RAMD32/CLK n/a 1.250 16.500 15.250 SLICE_X46Y81 design_1_i/axi_dma_0/U0/I_PRMRY_DATAMOVER/GEN_S2MM_FULL.I_S2MM_FULL_WRAPPER/GEN_ENABLE_INDET_BTT_SF.I_INDET_BTT/I_XD_FIFO/NON_BLK_MEM.I_SYNC_FIFOGEN_FIFO/xpm_fifo_instance.xpm_fifo_sync_inst/xpm_fifo_base_inst/gen_sdpram.xpm_memory_base_inst/gen_wr_a.gen_word_narrow.mem_reg_0_15_0_5/RAMC/CLK

---

Path Group: **async_default**
From Clock: clk_fpga_0
To Clock: clk_fpga_0

Setup : 0 Failing Endpoints, Worst Slack 14.349ns, Total Violation 0.000ns
Hold : 0 Failing Endpoints, Worst Slack 0.519ns, Total Violation 0.000ns

---

## Max Delay Paths

Slack (MET) : 14.349ns (required time - arrival time)
Source: design_1_i/rst_ps7_0_100M/U0/ACTIVE_LOW_PR_OUT_DFF[0].FDRE_PER_N/C
(rising edge-triggered cell FDRE clocked by clk_fpga_0 {rise@0.000ns fall@16.500ns period=33.000ns})
Destination: design_1_i/ldpc_encoder_0/inst/output_buffer/shifter_q_reg[334]/CLR
(recovery check against rising-edge clock clk_fpga_0 {rise@0.000ns fall@16.500ns period=33.000ns})
Path Group: **async_default**
Path Type: Recovery (Max at Slow Process Corner)
Requirement: 33.000ns (clk_fpga_0 rise@33.000ns - clk_fpga_0 rise@0.000ns)
Data Path Delay: 17.554ns (logic 0.573ns (3.264%) route 16.981ns (96.736%))
Logic Levels: 1 (LUT1=1)
Clock Path Skew: 0.012ns (DCD - SCD + CPR)
Destination Clock Delay (DCD): 2.830ns = ( 35.831 - 33.000 )
Source Clock Delay (SCD): 2.933ns
Clock Pessimism Removal (CPR): 0.115ns
Clock Uncertainty: 0.496ns ((TSJ^2 + TIJ^2)^1/2 + DJ) / 2 + PE
Total System Jitter (TSJ): 0.071ns
Total Input Jitter (TIJ): 0.990ns
Discrete Jitter (DJ): 0.000ns
Phase Error (PE): 0.000ns

    Location             Delay type                Incr(ns)  Path(ns)    Netlist Resource(s)

---

                         (clock clk_fpga_0 rise edge)
                                                      0.000     0.000 r
    PS7_X0Y0             PS7                          0.000     0.000 r  design_1_i/processing_system7_0/inst/PS7_i/FCLKCLK[0]
                         net (fo=1, routed)           1.193     1.193    design_1_i/processing_system7_0/inst/FCLK_CLK_unbuffered[0]
    BUFGCTRL_X0Y16       BUFG (Prop_bufg_I_O)         0.101     1.294 r  design_1_i/processing_system7_0/inst/buffer_fclk_clk_0.FCLK_CLK_0_BUFG/O
                         net (fo=9086, routed)        1.639     2.933    design_1_i/rst_ps7_0_100M/U0/slowest_sync_clk
    SLICE_X52Y96         FDRE                                         r  design_1_i/rst_ps7_0_100M/U0/ACTIVE_LOW_PR_OUT_DFF[0].FDRE_PER_N/C

---

    SLICE_X52Y96         FDRE (Prop_fdre_C_Q)         0.456     3.389 r  design_1_i/rst_ps7_0_100M/U0/ACTIVE_LOW_PR_OUT_DFF[0].FDRE_PER_N/Q
                         net (fo=19, routed)          0.564     3.953    design_1_i/ldpc_encoder_0/inst/ldpc_encoder_core/core_parity_bit_calculator/arst_ni
    SLICE_X51Y97         LUT1 (Prop_lut1_I0_O)        0.117     4.070 f  design_1_i/ldpc_encoder_0/inst/ldpc_encoder_core/core_parity_bit_calculator/s_axil_bvalid_i_2/O
                         net (fo=4347, routed)       16.417    20.487    design_1_i/ldpc_encoder_0/inst/output_buffer/gen_spill_reg.a_data_q_reg[tdata][31]
    SLICE_X1Y17          FDCE                                         f  design_1_i/ldpc_encoder_0/inst/output_buffer/shifter_q_reg[334]/CLR

---

                         (clock clk_fpga_0 rise edge)
                                                     33.000    33.000 r
    PS7_X0Y0             PS7                          0.000    33.000 r  design_1_i/processing_system7_0/inst/PS7_i/FCLKCLK[0]
                         net (fo=1, routed)           1.088    34.088    design_1_i/processing_system7_0/inst/FCLK_CLK_unbuffered[0]
    BUFGCTRL_X0Y16       BUFG (Prop_bufg_I_O)         0.091    34.179 r  design_1_i/processing_system7_0/inst/buffer_fclk_clk_0.FCLK_CLK_0_BUFG/O
                         net (fo=9086, routed)        1.651    35.831    design_1_i/ldpc_encoder_0/inst/output_buffer/clk_i
    SLICE_X1Y17          FDCE                                         r  design_1_i/ldpc_encoder_0/inst/output_buffer/shifter_q_reg[334]/C
                         clock pessimism              0.115    35.945
                         clock uncertainty           -0.496    35.449
    SLICE_X1Y17          FDCE (Recov_fdce_C_CLR)     -0.613    34.836    design_1_i/ldpc_encoder_0/inst/output_buffer/shifter_q_reg[334]

---

                         required time                         34.836
                         arrival time                         -20.487

---

                         slack                                 14.349

Slack (MET) : 14.349ns (required time - arrival time)
Source: design_1_i/rst_ps7_0_100M/U0/ACTIVE_LOW_PR_OUT_DFF[0].FDRE_PER_N/C
(rising edge-triggered cell FDRE clocked by clk_fpga_0 {rise@0.000ns fall@16.500ns period=33.000ns})
Destination: design_1_i/ldpc_encoder_0/inst/output_buffer/shifter_q_reg[366]/CLR
(recovery check against rising-edge clock clk_fpga_0 {rise@0.000ns fall@16.500ns period=33.000ns})
Path Group: **async_default**
Path Type: Recovery (Max at Slow Process Corner)
Requirement: 33.000ns (clk_fpga_0 rise@33.000ns - clk_fpga_0 rise@0.000ns)
Data Path Delay: 17.554ns (logic 0.573ns (3.264%) route 16.981ns (96.736%))
Logic Levels: 1 (LUT1=1)
Clock Path Skew: 0.012ns (DCD - SCD + CPR)
Destination Clock Delay (DCD): 2.830ns = ( 35.831 - 33.000 )
Source Clock Delay (SCD): 2.933ns
Clock Pessimism Removal (CPR): 0.115ns
Clock Uncertainty: 0.496ns ((TSJ^2 + TIJ^2)^1/2 + DJ) / 2 + PE
Total System Jitter (TSJ): 0.071ns
Total Input Jitter (TIJ): 0.990ns
Discrete Jitter (DJ): 0.000ns
Phase Error (PE): 0.000ns

    Location             Delay type                Incr(ns)  Path(ns)    Netlist Resource(s)

---

                         (clock clk_fpga_0 rise edge)
                                                      0.000     0.000 r
    PS7_X0Y0             PS7                          0.000     0.000 r  design_1_i/processing_system7_0/inst/PS7_i/FCLKCLK[0]
                         net (fo=1, routed)           1.193     1.193    design_1_i/processing_system7_0/inst/FCLK_CLK_unbuffered[0]
    BUFGCTRL_X0Y16       BUFG (Prop_bufg_I_O)         0.101     1.294 r  design_1_i/processing_system7_0/inst/buffer_fclk_clk_0.FCLK_CLK_0_BUFG/O
                         net (fo=9086, routed)        1.639     2.933    design_1_i/rst_ps7_0_100M/U0/slowest_sync_clk
    SLICE_X52Y96         FDRE                                         r  design_1_i/rst_ps7_0_100M/U0/ACTIVE_LOW_PR_OUT_DFF[0].FDRE_PER_N/C

---

    SLICE_X52Y96         FDRE (Prop_fdre_C_Q)         0.456     3.389 r  design_1_i/rst_ps7_0_100M/U0/ACTIVE_LOW_PR_OUT_DFF[0].FDRE_PER_N/Q
                         net (fo=19, routed)          0.564     3.953    design_1_i/ldpc_encoder_0/inst/ldpc_encoder_core/core_parity_bit_calculator/arst_ni
    SLICE_X51Y97         LUT1 (Prop_lut1_I0_O)        0.117     4.070 f  design_1_i/ldpc_encoder_0/inst/ldpc_encoder_core/core_parity_bit_calculator/s_axil_bvalid_i_2/O
                         net (fo=4347, routed)       16.417    20.487    design_1_i/ldpc_encoder_0/inst/output_buffer/gen_spill_reg.a_data_q_reg[tdata][31]
    SLICE_X1Y17          FDCE                                         f  design_1_i/ldpc_encoder_0/inst/output_buffer/shifter_q_reg[366]/CLR

---

                         (clock clk_fpga_0 rise edge)
                                                     33.000    33.000 r
    PS7_X0Y0             PS7                          0.000    33.000 r  design_1_i/processing_system7_0/inst/PS7_i/FCLKCLK[0]
                         net (fo=1, routed)           1.088    34.088    design_1_i/processing_system7_0/inst/FCLK_CLK_unbuffered[0]
    BUFGCTRL_X0Y16       BUFG (Prop_bufg_I_O)         0.091    34.179 r  design_1_i/processing_system7_0/inst/buffer_fclk_clk_0.FCLK_CLK_0_BUFG/O
                         net (fo=9086, routed)        1.651    35.831    design_1_i/ldpc_encoder_0/inst/output_buffer/clk_i
    SLICE_X1Y17          FDCE                                         r  design_1_i/ldpc_encoder_0/inst/output_buffer/shifter_q_reg[366]/C
                         clock pessimism              0.115    35.945
                         clock uncertainty           -0.496    35.449
    SLICE_X1Y17          FDCE (Recov_fdce_C_CLR)     -0.613    34.836    design_1_i/ldpc_encoder_0/inst/output_buffer/shifter_q_reg[366]

---

                         required time                         34.836
                         arrival time                         -20.487

---

                         slack                                 14.349

Slack (MET) : 14.435ns (required time - arrival time)
Source: design_1_i/rst_ps7_0_100M/U0/ACTIVE_LOW_PR_OUT_DFF[0].FDRE_PER_N/C
(rising edge-triggered cell FDRE clocked by clk_fpga_0 {rise@0.000ns fall@16.500ns period=33.000ns})
Destination: design_1_i/ldpc_encoder_0/inst/output_buffer/shifter_q_reg[279]/CLR
(recovery check against rising-edge clock clk_fpga_0 {rise@0.000ns fall@16.500ns period=33.000ns})
Path Group: **async_default**
Path Type: Recovery (Max at Slow Process Corner)
Requirement: 33.000ns (clk_fpga_0 rise@33.000ns - clk_fpga_0 rise@0.000ns)
Data Path Delay: 17.554ns (logic 0.573ns (3.264%) route 16.981ns (96.736%))
Logic Levels: 1 (LUT1=1)
Clock Path Skew: 0.012ns (DCD - SCD + CPR)
Destination Clock Delay (DCD): 2.830ns = ( 35.831 - 33.000 )
Source Clock Delay (SCD): 2.933ns
Clock Pessimism Removal (CPR): 0.115ns
Clock Uncertainty: 0.496ns ((TSJ^2 + TIJ^2)^1/2 + DJ) / 2 + PE
Total System Jitter (TSJ): 0.071ns
Total Input Jitter (TIJ): 0.990ns
Discrete Jitter (DJ): 0.000ns
Phase Error (PE): 0.000ns

    Location             Delay type                Incr(ns)  Path(ns)    Netlist Resource(s)

---

                         (clock clk_fpga_0 rise edge)
                                                      0.000     0.000 r
    PS7_X0Y0             PS7                          0.000     0.000 r  design_1_i/processing_system7_0/inst/PS7_i/FCLKCLK[0]
                         net (fo=1, routed)           1.193     1.193    design_1_i/processing_system7_0/inst/FCLK_CLK_unbuffered[0]
    BUFGCTRL_X0Y16       BUFG (Prop_bufg_I_O)         0.101     1.294 r  design_1_i/processing_system7_0/inst/buffer_fclk_clk_0.FCLK_CLK_0_BUFG/O
                         net (fo=9086, routed)        1.639     2.933    design_1_i/rst_ps7_0_100M/U0/slowest_sync_clk
    SLICE_X52Y96         FDRE                                         r  design_1_i/rst_ps7_0_100M/U0/ACTIVE_LOW_PR_OUT_DFF[0].FDRE_PER_N/C

---

    SLICE_X52Y96         FDRE (Prop_fdre_C_Q)         0.456     3.389 r  design_1_i/rst_ps7_0_100M/U0/ACTIVE_LOW_PR_OUT_DFF[0].FDRE_PER_N/Q
                         net (fo=19, routed)          0.564     3.953    design_1_i/ldpc_encoder_0/inst/ldpc_encoder_core/core_parity_bit_calculator/arst_ni
    SLICE_X51Y97         LUT1 (Prop_lut1_I0_O)        0.117     4.070 f  design_1_i/ldpc_encoder_0/inst/ldpc_encoder_core/core_parity_bit_calculator/s_axil_bvalid_i_2/O
                         net (fo=4347, routed)       16.417    20.487    design_1_i/ldpc_encoder_0/inst/output_buffer/gen_spill_reg.a_data_q_reg[tdata][31]
    SLICE_X0Y17          FDCE                                         f  design_1_i/ldpc_encoder_0/inst/output_buffer/shifter_q_reg[279]/CLR

---

                         (clock clk_fpga_0 rise edge)
                                                     33.000    33.000 r
    PS7_X0Y0             PS7                          0.000    33.000 r  design_1_i/processing_system7_0/inst/PS7_i/FCLKCLK[0]
                         net (fo=1, routed)           1.088    34.088    design_1_i/processing_system7_0/inst/FCLK_CLK_unbuffered[0]
    BUFGCTRL_X0Y16       BUFG (Prop_bufg_I_O)         0.091    34.179 r  design_1_i/processing_system7_0/inst/buffer_fclk_clk_0.FCLK_CLK_0_BUFG/O
                         net (fo=9086, routed)        1.651    35.831    design_1_i/ldpc_encoder_0/inst/output_buffer/clk_i
    SLICE_X0Y17          FDCE                                         r  design_1_i/ldpc_encoder_0/inst/output_buffer/shifter_q_reg[279]/C
                         clock pessimism              0.115    35.945
                         clock uncertainty           -0.496    35.449
    SLICE_X0Y17          FDCE (Recov_fdce_C_CLR)     -0.527    34.922    design_1_i/ldpc_encoder_0/inst/output_buffer/shifter_q_reg[279]

---

                         required time                         34.922
                         arrival time                         -20.487

---

                         slack                                 14.435

Slack (MET) : 14.435ns (required time - arrival time)
Source: design_1_i/rst_ps7_0_100M/U0/ACTIVE_LOW_PR_OUT_DFF[0].FDRE_PER_N/C
(rising edge-triggered cell FDRE clocked by clk_fpga_0 {rise@0.000ns fall@16.500ns period=33.000ns})
Destination: design_1_i/ldpc_encoder_0/inst/output_buffer/shifter_q_reg[311]/CLR
(recovery check against rising-edge clock clk_fpga_0 {rise@0.000ns fall@16.500ns period=33.000ns})
Path Group: **async_default**
Path Type: Recovery (Max at Slow Process Corner)
Requirement: 33.000ns (clk_fpga_0 rise@33.000ns - clk_fpga_0 rise@0.000ns)
Data Path Delay: 17.554ns (logic 0.573ns (3.264%) route 16.981ns (96.736%))
Logic Levels: 1 (LUT1=1)
Clock Path Skew: 0.012ns (DCD - SCD + CPR)
Destination Clock Delay (DCD): 2.830ns = ( 35.831 - 33.000 )
Source Clock Delay (SCD): 2.933ns
Clock Pessimism Removal (CPR): 0.115ns
Clock Uncertainty: 0.496ns ((TSJ^2 + TIJ^2)^1/2 + DJ) / 2 + PE
Total System Jitter (TSJ): 0.071ns
Total Input Jitter (TIJ): 0.990ns
Discrete Jitter (DJ): 0.000ns
Phase Error (PE): 0.000ns

    Location             Delay type                Incr(ns)  Path(ns)    Netlist Resource(s)

---

                         (clock clk_fpga_0 rise edge)
                                                      0.000     0.000 r
    PS7_X0Y0             PS7                          0.000     0.000 r  design_1_i/processing_system7_0/inst/PS7_i/FCLKCLK[0]
                         net (fo=1, routed)           1.193     1.193    design_1_i/processing_system7_0/inst/FCLK_CLK_unbuffered[0]
    BUFGCTRL_X0Y16       BUFG (Prop_bufg_I_O)         0.101     1.294 r  design_1_i/processing_system7_0/inst/buffer_fclk_clk_0.FCLK_CLK_0_BUFG/O
                         net (fo=9086, routed)        1.639     2.933    design_1_i/rst_ps7_0_100M/U0/slowest_sync_clk
    SLICE_X52Y96         FDRE                                         r  design_1_i/rst_ps7_0_100M/U0/ACTIVE_LOW_PR_OUT_DFF[0].FDRE_PER_N/C

---

    SLICE_X52Y96         FDRE (Prop_fdre_C_Q)         0.456     3.389 r  design_1_i/rst_ps7_0_100M/U0/ACTIVE_LOW_PR_OUT_DFF[0].FDRE_PER_N/Q
                         net (fo=19, routed)          0.564     3.953    design_1_i/ldpc_encoder_0/inst/ldpc_encoder_core/core_parity_bit_calculator/arst_ni
    SLICE_X51Y97         LUT1 (Prop_lut1_I0_O)        0.117     4.070 f  design_1_i/ldpc_encoder_0/inst/ldpc_encoder_core/core_parity_bit_calculator/s_axil_bvalid_i_2/O
                         net (fo=4347, routed)       16.417    20.487    design_1_i/ldpc_encoder_0/inst/output_buffer/gen_spill_reg.a_data_q_reg[tdata][31]
    SLICE_X0Y17          FDCE                                         f  design_1_i/ldpc_encoder_0/inst/output_buffer/shifter_q_reg[311]/CLR

---

                         (clock clk_fpga_0 rise edge)
                                                     33.000    33.000 r
    PS7_X0Y0             PS7                          0.000    33.000 r  design_1_i/processing_system7_0/inst/PS7_i/FCLKCLK[0]
                         net (fo=1, routed)           1.088    34.088    design_1_i/processing_system7_0/inst/FCLK_CLK_unbuffered[0]
    BUFGCTRL_X0Y16       BUFG (Prop_bufg_I_O)         0.091    34.179 r  design_1_i/processing_system7_0/inst/buffer_fclk_clk_0.FCLK_CLK_0_BUFG/O
                         net (fo=9086, routed)        1.651    35.831    design_1_i/ldpc_encoder_0/inst/output_buffer/clk_i
    SLICE_X0Y17          FDCE                                         r  design_1_i/ldpc_encoder_0/inst/output_buffer/shifter_q_reg[311]/C
                         clock pessimism              0.115    35.945
                         clock uncertainty           -0.496    35.449
    SLICE_X0Y17          FDCE (Recov_fdce_C_CLR)     -0.527    34.922    design_1_i/ldpc_encoder_0/inst/output_buffer/shifter_q_reg[311]

---

                         required time                         34.922
                         arrival time                         -20.487

---

                         slack                                 14.435

Slack (MET) : 14.439ns (required time - arrival time)
Source: design_1_i/rst_ps7_0_100M/U0/ACTIVE_LOW_PR_OUT_DFF[0].FDRE_PER_N/C
(rising edge-triggered cell FDRE clocked by clk_fpga_0 {rise@0.000ns fall@16.500ns period=33.000ns})
Destination: design_1_i/ldpc_encoder_0/inst/output_buffer/shifter_q_reg[339]/CLR
(recovery check against rising-edge clock clk_fpga_0 {rise@0.000ns fall@16.500ns period=33.000ns})
Path Group: **async_default**
Path Type: Recovery (Max at Slow Process Corner)
Requirement: 33.000ns (clk_fpga_0 rise@33.000ns - clk_fpga_0 rise@0.000ns)
Data Path Delay: 17.551ns (logic 0.573ns (3.265%) route 16.978ns (96.735%))
Logic Levels: 1 (LUT1=1)
Clock Path Skew: 0.013ns (DCD - SCD + CPR)
Destination Clock Delay (DCD): 2.831ns = ( 35.832 - 33.000 )
Source Clock Delay (SCD): 2.933ns
Clock Pessimism Removal (CPR): 0.115ns
Clock Uncertainty: 0.496ns ((TSJ^2 + TIJ^2)^1/2 + DJ) / 2 + PE
Total System Jitter (TSJ): 0.071ns
Total Input Jitter (TIJ): 0.990ns
Discrete Jitter (DJ): 0.000ns
Phase Error (PE): 0.000ns

    Location             Delay type                Incr(ns)  Path(ns)    Netlist Resource(s)

---

                         (clock clk_fpga_0 rise edge)
                                                      0.000     0.000 r
    PS7_X0Y0             PS7                          0.000     0.000 r  design_1_i/processing_system7_0/inst/PS7_i/FCLKCLK[0]
                         net (fo=1, routed)           1.193     1.193    design_1_i/processing_system7_0/inst/FCLK_CLK_unbuffered[0]
    BUFGCTRL_X0Y16       BUFG (Prop_bufg_I_O)         0.101     1.294 r  design_1_i/processing_system7_0/inst/buffer_fclk_clk_0.FCLK_CLK_0_BUFG/O
                         net (fo=9086, routed)        1.639     2.933    design_1_i/rst_ps7_0_100M/U0/slowest_sync_clk
    SLICE_X52Y96         FDRE                                         r  design_1_i/rst_ps7_0_100M/U0/ACTIVE_LOW_PR_OUT_DFF[0].FDRE_PER_N/C

---

    SLICE_X52Y96         FDRE (Prop_fdre_C_Q)         0.456     3.389 r  design_1_i/rst_ps7_0_100M/U0/ACTIVE_LOW_PR_OUT_DFF[0].FDRE_PER_N/Q
                         net (fo=19, routed)          0.564     3.953    design_1_i/ldpc_encoder_0/inst/ldpc_encoder_core/core_parity_bit_calculator/arst_ni
    SLICE_X51Y97         LUT1 (Prop_lut1_I0_O)        0.117     4.070 f  design_1_i/ldpc_encoder_0/inst/ldpc_encoder_core/core_parity_bit_calculator/s_axil_bvalid_i_2/O
                         net (fo=4347, routed)       16.414    20.484    design_1_i/ldpc_encoder_0/inst/output_buffer/gen_spill_reg.a_data_q_reg[tdata][31]
    SLICE_X2Y16          FDCE                                         f  design_1_i/ldpc_encoder_0/inst/output_buffer/shifter_q_reg[339]/CLR

---

                         (clock clk_fpga_0 rise edge)
                                                     33.000    33.000 r
    PS7_X0Y0             PS7                          0.000    33.000 r  design_1_i/processing_system7_0/inst/PS7_i/FCLKCLK[0]
                         net (fo=1, routed)           1.088    34.088    design_1_i/processing_system7_0/inst/FCLK_CLK_unbuffered[0]
    BUFGCTRL_X0Y16       BUFG (Prop_bufg_I_O)         0.091    34.179 r  design_1_i/processing_system7_0/inst/buffer_fclk_clk_0.FCLK_CLK_0_BUFG/O
                         net (fo=9086, routed)        1.652    35.832    design_1_i/ldpc_encoder_0/inst/output_buffer/clk_i
    SLICE_X2Y16          FDCE                                         r  design_1_i/ldpc_encoder_0/inst/output_buffer/shifter_q_reg[339]/C
                         clock pessimism              0.115    35.946
                         clock uncertainty           -0.496    35.450
    SLICE_X2Y16          FDCE (Recov_fdce_C_CLR)     -0.527    34.923    design_1_i/ldpc_encoder_0/inst/output_buffer/shifter_q_reg[339]

---

                         required time                         34.923
                         arrival time                         -20.484

---

                         slack                                 14.439

Slack (MET) : 14.439ns (required time - arrival time)
Source: design_1_i/rst_ps7_0_100M/U0/ACTIVE_LOW_PR_OUT_DFF[0].FDRE_PER_N/C
(rising edge-triggered cell FDRE clocked by clk_fpga_0 {rise@0.000ns fall@16.500ns period=33.000ns})
Destination: design_1_i/ldpc_encoder_0/inst/output_buffer/shifter_q_reg[371]/CLR
(recovery check against rising-edge clock clk_fpga_0 {rise@0.000ns fall@16.500ns period=33.000ns})
Path Group: **async_default**
Path Type: Recovery (Max at Slow Process Corner)
Requirement: 33.000ns (clk_fpga_0 rise@33.000ns - clk_fpga_0 rise@0.000ns)
Data Path Delay: 17.551ns (logic 0.573ns (3.265%) route 16.978ns (96.735%))
Logic Levels: 1 (LUT1=1)
Clock Path Skew: 0.013ns (DCD - SCD + CPR)
Destination Clock Delay (DCD): 2.831ns = ( 35.832 - 33.000 )
Source Clock Delay (SCD): 2.933ns
Clock Pessimism Removal (CPR): 0.115ns
Clock Uncertainty: 0.496ns ((TSJ^2 + TIJ^2)^1/2 + DJ) / 2 + PE
Total System Jitter (TSJ): 0.071ns
Total Input Jitter (TIJ): 0.990ns
Discrete Jitter (DJ): 0.000ns
Phase Error (PE): 0.000ns

    Location             Delay type                Incr(ns)  Path(ns)    Netlist Resource(s)

---

                         (clock clk_fpga_0 rise edge)
                                                      0.000     0.000 r
    PS7_X0Y0             PS7                          0.000     0.000 r  design_1_i/processing_system7_0/inst/PS7_i/FCLKCLK[0]
                         net (fo=1, routed)           1.193     1.193    design_1_i/processing_system7_0/inst/FCLK_CLK_unbuffered[0]
    BUFGCTRL_X0Y16       BUFG (Prop_bufg_I_O)         0.101     1.294 r  design_1_i/processing_system7_0/inst/buffer_fclk_clk_0.FCLK_CLK_0_BUFG/O
                         net (fo=9086, routed)        1.639     2.933    design_1_i/rst_ps7_0_100M/U0/slowest_sync_clk
    SLICE_X52Y96         FDRE                                         r  design_1_i/rst_ps7_0_100M/U0/ACTIVE_LOW_PR_OUT_DFF[0].FDRE_PER_N/C

---

    SLICE_X52Y96         FDRE (Prop_fdre_C_Q)         0.456     3.389 r  design_1_i/rst_ps7_0_100M/U0/ACTIVE_LOW_PR_OUT_DFF[0].FDRE_PER_N/Q
                         net (fo=19, routed)          0.564     3.953    design_1_i/ldpc_encoder_0/inst/ldpc_encoder_core/core_parity_bit_calculator/arst_ni
    SLICE_X51Y97         LUT1 (Prop_lut1_I0_O)        0.117     4.070 f  design_1_i/ldpc_encoder_0/inst/ldpc_encoder_core/core_parity_bit_calculator/s_axil_bvalid_i_2/O
                         net (fo=4347, routed)       16.414    20.484    design_1_i/ldpc_encoder_0/inst/output_buffer/gen_spill_reg.a_data_q_reg[tdata][31]
    SLICE_X2Y16          FDCE                                         f  design_1_i/ldpc_encoder_0/inst/output_buffer/shifter_q_reg[371]/CLR

---

                         (clock clk_fpga_0 rise edge)
                                                     33.000    33.000 r
    PS7_X0Y0             PS7                          0.000    33.000 r  design_1_i/processing_system7_0/inst/PS7_i/FCLKCLK[0]
                         net (fo=1, routed)           1.088    34.088    design_1_i/processing_system7_0/inst/FCLK_CLK_unbuffered[0]
    BUFGCTRL_X0Y16       BUFG (Prop_bufg_I_O)         0.091    34.179 r  design_1_i/processing_system7_0/inst/buffer_fclk_clk_0.FCLK_CLK_0_BUFG/O
                         net (fo=9086, routed)        1.652    35.832    design_1_i/ldpc_encoder_0/inst/output_buffer/clk_i
    SLICE_X2Y16          FDCE                                         r  design_1_i/ldpc_encoder_0/inst/output_buffer/shifter_q_reg[371]/C
                         clock pessimism              0.115    35.946
                         clock uncertainty           -0.496    35.450
    SLICE_X2Y16          FDCE (Recov_fdce_C_CLR)     -0.527    34.923    design_1_i/ldpc_encoder_0/inst/output_buffer/shifter_q_reg[371]

---

                         required time                         34.923
                         arrival time                         -20.484

---

                         slack                                 14.439

Slack (MET) : 14.579ns (required time - arrival time)
Source: design_1_i/rst_ps7_0_100M/U0/ACTIVE_LOW_PR_OUT_DFF[0].FDRE_PER_N/C
(rising edge-triggered cell FDRE clocked by clk_fpga_0 {rise@0.000ns fall@16.500ns period=33.000ns})
Destination: design_1_i/ldpc_encoder_0/inst/output_buffer/shifter_q_reg[302]/CLR
(recovery check against rising-edge clock clk_fpga_0 {rise@0.000ns fall@16.500ns period=33.000ns})
Path Group: **async_default**
Path Type: Recovery (Max at Slow Process Corner)
Requirement: 33.000ns (clk_fpga_0 rise@33.000ns - clk_fpga_0 rise@0.000ns)
Data Path Delay: 17.410ns (logic 0.573ns (3.291%) route 16.837ns (96.709%))
Logic Levels: 1 (LUT1=1)
Clock Path Skew: 0.012ns (DCD - SCD + CPR)
Destination Clock Delay (DCD): 2.830ns = ( 35.831 - 33.000 )
Source Clock Delay (SCD): 2.933ns
Clock Pessimism Removal (CPR): 0.115ns
Clock Uncertainty: 0.496ns ((TSJ^2 + TIJ^2)^1/2 + DJ) / 2 + PE
Total System Jitter (TSJ): 0.071ns
Total Input Jitter (TIJ): 0.990ns
Discrete Jitter (DJ): 0.000ns
Phase Error (PE): 0.000ns

    Location             Delay type                Incr(ns)  Path(ns)    Netlist Resource(s)

---

                         (clock clk_fpga_0 rise edge)
                                                      0.000     0.000 r
    PS7_X0Y0             PS7                          0.000     0.000 r  design_1_i/processing_system7_0/inst/PS7_i/FCLKCLK[0]
                         net (fo=1, routed)           1.193     1.193    design_1_i/processing_system7_0/inst/FCLK_CLK_unbuffered[0]
    BUFGCTRL_X0Y16       BUFG (Prop_bufg_I_O)         0.101     1.294 r  design_1_i/processing_system7_0/inst/buffer_fclk_clk_0.FCLK_CLK_0_BUFG/O
                         net (fo=9086, routed)        1.639     2.933    design_1_i/rst_ps7_0_100M/U0/slowest_sync_clk
    SLICE_X52Y96         FDRE                                         r  design_1_i/rst_ps7_0_100M/U0/ACTIVE_LOW_PR_OUT_DFF[0].FDRE_PER_N/C

---

    SLICE_X52Y96         FDRE (Prop_fdre_C_Q)         0.456     3.389 r  design_1_i/rst_ps7_0_100M/U0/ACTIVE_LOW_PR_OUT_DFF[0].FDRE_PER_N/Q
                         net (fo=19, routed)          0.564     3.953    design_1_i/ldpc_encoder_0/inst/ldpc_encoder_core/core_parity_bit_calculator/arst_ni
    SLICE_X51Y97         LUT1 (Prop_lut1_I0_O)        0.117     4.070 f  design_1_i/ldpc_encoder_0/inst/ldpc_encoder_core/core_parity_bit_calculator/s_axil_bvalid_i_2/O
                         net (fo=4347, routed)       16.273    20.343    design_1_i/ldpc_encoder_0/inst/output_buffer/gen_spill_reg.a_data_q_reg[tdata][31]
    SLICE_X2Y17          FDCE                                         f  design_1_i/ldpc_encoder_0/inst/output_buffer/shifter_q_reg[302]/CLR

---

                         (clock clk_fpga_0 rise edge)
                                                     33.000    33.000 r
    PS7_X0Y0             PS7                          0.000    33.000 r  design_1_i/processing_system7_0/inst/PS7_i/FCLKCLK[0]
                         net (fo=1, routed)           1.088    34.088    design_1_i/processing_system7_0/inst/FCLK_CLK_unbuffered[0]
    BUFGCTRL_X0Y16       BUFG (Prop_bufg_I_O)         0.091    34.179 r  design_1_i/processing_system7_0/inst/buffer_fclk_clk_0.FCLK_CLK_0_BUFG/O
                         net (fo=9086, routed)        1.651    35.831    design_1_i/ldpc_encoder_0/inst/output_buffer/clk_i
    SLICE_X2Y17          FDCE                                         r  design_1_i/ldpc_encoder_0/inst/output_buffer/shifter_q_reg[302]/C
                         clock pessimism              0.115    35.945
                         clock uncertainty           -0.496    35.449
    SLICE_X2Y17          FDCE (Recov_fdce_C_CLR)     -0.527    34.922    design_1_i/ldpc_encoder_0/inst/output_buffer/shifter_q_reg[302]

---

                         required time                         34.922
                         arrival time                         -20.343

---

                         slack                                 14.579

Slack (MET) : 14.579ns (required time - arrival time)
Source: design_1_i/rst_ps7_0_100M/U0/ACTIVE_LOW_PR_OUT_DFF[0].FDRE_PER_N/C
(rising edge-triggered cell FDRE clocked by clk_fpga_0 {rise@0.000ns fall@16.500ns period=33.000ns})
Destination: design_1_i/ldpc_encoder_0/inst/output_buffer/shifter_q_reg[307]/CLR
(recovery check against rising-edge clock clk_fpga_0 {rise@0.000ns fall@16.500ns period=33.000ns})
Path Group: **async_default**
Path Type: Recovery (Max at Slow Process Corner)
Requirement: 33.000ns (clk_fpga_0 rise@33.000ns - clk_fpga_0 rise@0.000ns)
Data Path Delay: 17.410ns (logic 0.573ns (3.291%) route 16.837ns (96.709%))
Logic Levels: 1 (LUT1=1)
Clock Path Skew: 0.012ns (DCD - SCD + CPR)
Destination Clock Delay (DCD): 2.830ns = ( 35.831 - 33.000 )
Source Clock Delay (SCD): 2.933ns
Clock Pessimism Removal (CPR): 0.115ns
Clock Uncertainty: 0.496ns ((TSJ^2 + TIJ^2)^1/2 + DJ) / 2 + PE
Total System Jitter (TSJ): 0.071ns
Total Input Jitter (TIJ): 0.990ns
Discrete Jitter (DJ): 0.000ns
Phase Error (PE): 0.000ns

    Location             Delay type                Incr(ns)  Path(ns)    Netlist Resource(s)

---

                         (clock clk_fpga_0 rise edge)
                                                      0.000     0.000 r
    PS7_X0Y0             PS7                          0.000     0.000 r  design_1_i/processing_system7_0/inst/PS7_i/FCLKCLK[0]
                         net (fo=1, routed)           1.193     1.193    design_1_i/processing_system7_0/inst/FCLK_CLK_unbuffered[0]
    BUFGCTRL_X0Y16       BUFG (Prop_bufg_I_O)         0.101     1.294 r  design_1_i/processing_system7_0/inst/buffer_fclk_clk_0.FCLK_CLK_0_BUFG/O
                         net (fo=9086, routed)        1.639     2.933    design_1_i/rst_ps7_0_100M/U0/slowest_sync_clk
    SLICE_X52Y96         FDRE                                         r  design_1_i/rst_ps7_0_100M/U0/ACTIVE_LOW_PR_OUT_DFF[0].FDRE_PER_N/C

---

    SLICE_X52Y96         FDRE (Prop_fdre_C_Q)         0.456     3.389 r  design_1_i/rst_ps7_0_100M/U0/ACTIVE_LOW_PR_OUT_DFF[0].FDRE_PER_N/Q
                         net (fo=19, routed)          0.564     3.953    design_1_i/ldpc_encoder_0/inst/ldpc_encoder_core/core_parity_bit_calculator/arst_ni
    SLICE_X51Y97         LUT1 (Prop_lut1_I0_O)        0.117     4.070 f  design_1_i/ldpc_encoder_0/inst/ldpc_encoder_core/core_parity_bit_calculator/s_axil_bvalid_i_2/O
                         net (fo=4347, routed)       16.273    20.343    design_1_i/ldpc_encoder_0/inst/output_buffer/gen_spill_reg.a_data_q_reg[tdata][31]
    SLICE_X2Y17          FDCE                                         f  design_1_i/ldpc_encoder_0/inst/output_buffer/shifter_q_reg[307]/CLR

---

                         (clock clk_fpga_0 rise edge)
                                                     33.000    33.000 r
    PS7_X0Y0             PS7                          0.000    33.000 r  design_1_i/processing_system7_0/inst/PS7_i/FCLKCLK[0]
                         net (fo=1, routed)           1.088    34.088    design_1_i/processing_system7_0/inst/FCLK_CLK_unbuffered[0]
    BUFGCTRL_X0Y16       BUFG (Prop_bufg_I_O)         0.091    34.179 r  design_1_i/processing_system7_0/inst/buffer_fclk_clk_0.FCLK_CLK_0_BUFG/O
                         net (fo=9086, routed)        1.651    35.831    design_1_i/ldpc_encoder_0/inst/output_buffer/clk_i
    SLICE_X2Y17          FDCE                                         r  design_1_i/ldpc_encoder_0/inst/output_buffer/shifter_q_reg[307]/C
                         clock pessimism              0.115    35.945
                         clock uncertainty           -0.496    35.449
    SLICE_X2Y17          FDCE (Recov_fdce_C_CLR)     -0.527    34.922    design_1_i/ldpc_encoder_0/inst/output_buffer/shifter_q_reg[307]

---

                         required time                         34.922
                         arrival time                         -20.343

---

                         slack                                 14.579

Slack (MET) : 14.580ns (required time - arrival time)
Source: design_1_i/rst_ps7_0_100M/U0/ACTIVE_LOW_PR_OUT_DFF[0].FDRE_PER_N/C
(rising edge-triggered cell FDRE clocked by clk_fpga_0 {rise@0.000ns fall@16.500ns period=33.000ns})
Destination: design_1_i/ldpc_encoder_0/inst/output_buffer/shifter_q_reg[179]/CLR
(recovery check against rising-edge clock clk_fpga_0 {rise@0.000ns fall@16.500ns period=33.000ns})
Path Group: **async_default**
Path Type: Recovery (Max at Slow Process Corner)
Requirement: 33.000ns (clk_fpga_0 rise@33.000ns - clk_fpga_0 rise@0.000ns)
Data Path Delay: 17.406ns (logic 0.573ns (3.292%) route 16.833ns (96.708%))
Logic Levels: 1 (LUT1=1)
Clock Path Skew: 0.009ns (DCD - SCD + CPR)
Destination Clock Delay (DCD): 2.827ns = ( 35.827 - 33.000 )
Source Clock Delay (SCD): 2.933ns
Clock Pessimism Removal (CPR): 0.115ns
Clock Uncertainty: 0.496ns ((TSJ^2 + TIJ^2)^1/2 + DJ) / 2 + PE
Total System Jitter (TSJ): 0.071ns
Total Input Jitter (TIJ): 0.990ns
Discrete Jitter (DJ): 0.000ns
Phase Error (PE): 0.000ns

    Location             Delay type                Incr(ns)  Path(ns)    Netlist Resource(s)

---

                         (clock clk_fpga_0 rise edge)
                                                      0.000     0.000 r
    PS7_X0Y0             PS7                          0.000     0.000 r  design_1_i/processing_system7_0/inst/PS7_i/FCLKCLK[0]
                         net (fo=1, routed)           1.193     1.193    design_1_i/processing_system7_0/inst/FCLK_CLK_unbuffered[0]
    BUFGCTRL_X0Y16       BUFG (Prop_bufg_I_O)         0.101     1.294 r  design_1_i/processing_system7_0/inst/buffer_fclk_clk_0.FCLK_CLK_0_BUFG/O
                         net (fo=9086, routed)        1.639     2.933    design_1_i/rst_ps7_0_100M/U0/slowest_sync_clk
    SLICE_X52Y96         FDRE                                         r  design_1_i/rst_ps7_0_100M/U0/ACTIVE_LOW_PR_OUT_DFF[0].FDRE_PER_N/C

---

    SLICE_X52Y96         FDRE (Prop_fdre_C_Q)         0.456     3.389 r  design_1_i/rst_ps7_0_100M/U0/ACTIVE_LOW_PR_OUT_DFF[0].FDRE_PER_N/Q
                         net (fo=19, routed)          0.564     3.953    design_1_i/ldpc_encoder_0/inst/ldpc_encoder_core/core_parity_bit_calculator/arst_ni
    SLICE_X51Y97         LUT1 (Prop_lut1_I0_O)        0.117     4.070 f  design_1_i/ldpc_encoder_0/inst/ldpc_encoder_core/core_parity_bit_calculator/s_axil_bvalid_i_2/O
                         net (fo=4347, routed)       16.270    20.339    design_1_i/ldpc_encoder_0/inst/output_buffer/gen_spill_reg.a_data_q_reg[tdata][31]
    SLICE_X4Y18          FDCE                                         f  design_1_i/ldpc_encoder_0/inst/output_buffer/shifter_q_reg[179]/CLR

---

                         (clock clk_fpga_0 rise edge)
                                                     33.000    33.000 r
    PS7_X0Y0             PS7                          0.000    33.000 r  design_1_i/processing_system7_0/inst/PS7_i/FCLKCLK[0]
                         net (fo=1, routed)           1.088    34.088    design_1_i/processing_system7_0/inst/FCLK_CLK_unbuffered[0]
    BUFGCTRL_X0Y16       BUFG (Prop_bufg_I_O)         0.091    34.179 r  design_1_i/processing_system7_0/inst/buffer_fclk_clk_0.FCLK_CLK_0_BUFG/O
                         net (fo=9086, routed)        1.648    35.827    design_1_i/ldpc_encoder_0/inst/output_buffer/clk_i
    SLICE_X4Y18          FDCE                                         r  design_1_i/ldpc_encoder_0/inst/output_buffer/shifter_q_reg[179]/C
                         clock pessimism              0.115    35.942
                         clock uncertainty           -0.496    35.446
    SLICE_X4Y18          FDCE (Recov_fdce_C_CLR)     -0.527    34.919    design_1_i/ldpc_encoder_0/inst/output_buffer/shifter_q_reg[179]

---

                         required time                         34.919
                         arrival time                         -20.339

---

                         slack                                 14.580

Slack (MET) : 14.599ns (required time - arrival time)
Source: design_1_i/rst_ps7_0_100M/U0/ACTIVE_LOW_PR_OUT_DFF[0].FDRE_PER_N/C
(rising edge-triggered cell FDRE clocked by clk_fpga_0 {rise@0.000ns fall@16.500ns period=33.000ns})
Destination: design_1_i/ldpc_encoder_0/inst/output_buffer/shifter_q_reg[215]/CLR
(recovery check against rising-edge clock clk_fpga_0 {rise@0.000ns fall@16.500ns period=33.000ns})
Path Group: **async_default**
Path Type: Recovery (Max at Slow Process Corner)
Requirement: 33.000ns (clk_fpga_0 rise@33.000ns - clk_fpga_0 rise@0.000ns)
Data Path Delay: 17.389ns (logic 0.573ns (3.295%) route 16.816ns (96.705%))
Logic Levels: 1 (LUT1=1)
Clock Path Skew: 0.010ns (DCD - SCD + CPR)
Destination Clock Delay (DCD): 2.828ns = ( 35.828 - 33.000 )
Source Clock Delay (SCD): 2.933ns
Clock Pessimism Removal (CPR): 0.115ns
Clock Uncertainty: 0.496ns ((TSJ^2 + TIJ^2)^1/2 + DJ) / 2 + PE
Total System Jitter (TSJ): 0.071ns
Total Input Jitter (TIJ): 0.990ns
Discrete Jitter (DJ): 0.000ns
Phase Error (PE): 0.000ns

    Location             Delay type                Incr(ns)  Path(ns)    Netlist Resource(s)

---

                         (clock clk_fpga_0 rise edge)
                                                      0.000     0.000 r
    PS7_X0Y0             PS7                          0.000     0.000 r  design_1_i/processing_system7_0/inst/PS7_i/FCLKCLK[0]
                         net (fo=1, routed)           1.193     1.193    design_1_i/processing_system7_0/inst/FCLK_CLK_unbuffered[0]
    BUFGCTRL_X0Y16       BUFG (Prop_bufg_I_O)         0.101     1.294 r  design_1_i/processing_system7_0/inst/buffer_fclk_clk_0.FCLK_CLK_0_BUFG/O
                         net (fo=9086, routed)        1.639     2.933    design_1_i/rst_ps7_0_100M/U0/slowest_sync_clk
    SLICE_X52Y96         FDRE                                         r  design_1_i/rst_ps7_0_100M/U0/ACTIVE_LOW_PR_OUT_DFF[0].FDRE_PER_N/C

---

    SLICE_X52Y96         FDRE (Prop_fdre_C_Q)         0.456     3.389 r  design_1_i/rst_ps7_0_100M/U0/ACTIVE_LOW_PR_OUT_DFF[0].FDRE_PER_N/Q
                         net (fo=19, routed)          0.564     3.953    design_1_i/ldpc_encoder_0/inst/ldpc_encoder_core/core_parity_bit_calculator/arst_ni
    SLICE_X51Y97         LUT1 (Prop_lut1_I0_O)        0.117     4.070 f  design_1_i/ldpc_encoder_0/inst/ldpc_encoder_core/core_parity_bit_calculator/s_axil_bvalid_i_2/O
                         net (fo=4347, routed)       16.252    20.322    design_1_i/ldpc_encoder_0/inst/output_buffer/gen_spill_reg.a_data_q_reg[tdata][31]
    SLICE_X0Y18          FDCE                                         f  design_1_i/ldpc_encoder_0/inst/output_buffer/shifter_q_reg[215]/CLR

---

                         (clock clk_fpga_0 rise edge)
                                                     33.000    33.000 r
    PS7_X0Y0             PS7                          0.000    33.000 r  design_1_i/processing_system7_0/inst/PS7_i/FCLKCLK[0]
                         net (fo=1, routed)           1.088    34.088    design_1_i/processing_system7_0/inst/FCLK_CLK_unbuffered[0]
    BUFGCTRL_X0Y16       BUFG (Prop_bufg_I_O)         0.091    34.179 r  design_1_i/processing_system7_0/inst/buffer_fclk_clk_0.FCLK_CLK_0_BUFG/O
                         net (fo=9086, routed)        1.649    35.828    design_1_i/ldpc_encoder_0/inst/output_buffer/clk_i
    SLICE_X0Y18          FDCE                                         r  design_1_i/ldpc_encoder_0/inst/output_buffer/shifter_q_reg[215]/C
                         clock pessimism              0.115    35.943
                         clock uncertainty           -0.496    35.447
    SLICE_X0Y18          FDCE (Recov_fdce_C_CLR)     -0.527    34.920    design_1_i/ldpc_encoder_0/inst/output_buffer/shifter_q_reg[215]

---

                         required time                         34.920
                         arrival time                         -20.322

---

                         slack                                 14.599

## Min Delay Paths

Slack (MET) : 0.519ns (arrival time - required time)
Source: design_1_i/rst_ps7_0_100M/U0/ACTIVE_LOW_PR_OUT_DFF[0].FDRE_PER_N/C
(rising edge-triggered cell FDRE clocked by clk_fpga_0 {rise@0.000ns fall@16.500ns period=33.000ns})
Destination: design_1_i/ldpc_encoder_0/inst/input_buffer/w_cnt_q_reg[0]/CLR
(removal check against rising-edge clock clk_fpga_0 {rise@0.000ns fall@16.500ns period=33.000ns})
Path Group: **async_default**
Path Type: Removal (Min at Fast Process Corner)
Requirement: 0.000ns (clk_fpga_0 rise@0.000ns - clk_fpga_0 rise@0.000ns)
Data Path Delay: 0.627ns (logic 0.190ns (30.295%) route 0.437ns (69.705%))
Logic Levels: 1 (LUT1=1)
Clock Path Skew: 0.267ns (DCD - SCD - CPR)
Destination Clock Delay (DCD): 1.190ns
Source Clock Delay (SCD): 0.888ns
Clock Pessimism Removal (CPR): 0.035ns

    Location             Delay type                Incr(ns)  Path(ns)    Netlist Resource(s)

---

                         (clock clk_fpga_0 rise edge)
                                                      0.000     0.000 r
    PS7_X0Y0             PS7                          0.000     0.000 r  design_1_i/processing_system7_0/inst/PS7_i/FCLKCLK[0]
                         net (fo=1, routed)           0.310     0.310    design_1_i/processing_system7_0/inst/FCLK_CLK_unbuffered[0]
    BUFGCTRL_X0Y16       BUFG (Prop_bufg_I_O)         0.026     0.336 r  design_1_i/processing_system7_0/inst/buffer_fclk_clk_0.FCLK_CLK_0_BUFG/O
                         net (fo=9086, routed)        0.552     0.888    design_1_i/rst_ps7_0_100M/U0/slowest_sync_clk
    SLICE_X52Y96         FDRE                                         r  design_1_i/rst_ps7_0_100M/U0/ACTIVE_LOW_PR_OUT_DFF[0].FDRE_PER_N/C

---

    SLICE_X52Y96         FDRE (Prop_fdre_C_Q)         0.141     1.029 r  design_1_i/rst_ps7_0_100M/U0/ACTIVE_LOW_PR_OUT_DFF[0].FDRE_PER_N/Q
                         net (fo=19, routed)          0.193     1.221    design_1_i/ldpc_encoder_0/inst/ldpc_encoder_core/core_parity_bit_calculator/arst_ni
    SLICE_X51Y97         LUT1 (Prop_lut1_I0_O)        0.049     1.270 f  design_1_i/ldpc_encoder_0/inst/ldpc_encoder_core/core_parity_bit_calculator/s_axil_bvalid_i_2/O
                         net (fo=4347, routed)        0.244     1.515    design_1_i/ldpc_encoder_0/inst/input_buffer/w_addr_q_reg[4]_0
    SLICE_X49Y93         FDCE                                         f  design_1_i/ldpc_encoder_0/inst/input_buffer/w_cnt_q_reg[0]/CLR

---

                         (clock clk_fpga_0 rise edge)
                                                      0.000     0.000 r
    PS7_X0Y0             PS7                          0.000     0.000 r  design_1_i/processing_system7_0/inst/PS7_i/FCLKCLK[0]
                         net (fo=1, routed)           0.337     0.337    design_1_i/processing_system7_0/inst/FCLK_CLK_unbuffered[0]
    BUFGCTRL_X0Y16       BUFG (Prop_bufg_I_O)         0.029     0.366 r  design_1_i/processing_system7_0/inst/buffer_fclk_clk_0.FCLK_CLK_0_BUFG/O
                         net (fo=9086, routed)        0.824     1.190    design_1_i/ldpc_encoder_0/inst/input_buffer/clk_i
    SLICE_X49Y93         FDCE                                         r  design_1_i/ldpc_encoder_0/inst/input_buffer/w_cnt_q_reg[0]/C
                         clock pessimism             -0.035     1.155
    SLICE_X49Y93         FDCE (Remov_fdce_C_CLR)     -0.159     0.996    design_1_i/ldpc_encoder_0/inst/input_buffer/w_cnt_q_reg[0]

---

                         required time                         -0.996
                         arrival time                           1.515

---

                         slack                                  0.519

Slack (MET) : 0.519ns (arrival time - required time)
Source: design_1_i/rst_ps7_0_100M/U0/ACTIVE_LOW_PR_OUT_DFF[0].FDRE_PER_N/C
(rising edge-triggered cell FDRE clocked by clk_fpga_0 {rise@0.000ns fall@16.500ns period=33.000ns})
Destination: design_1_i/ldpc_encoder_0/inst/input_buffer/w_cnt_q_reg[5]/CLR
(removal check against rising-edge clock clk_fpga_0 {rise@0.000ns fall@16.500ns period=33.000ns})
Path Group: **async_default**
Path Type: Removal (Min at Fast Process Corner)
Requirement: 0.000ns (clk_fpga_0 rise@0.000ns - clk_fpga_0 rise@0.000ns)
Data Path Delay: 0.627ns (logic 0.190ns (30.295%) route 0.437ns (69.705%))
Logic Levels: 1 (LUT1=1)
Clock Path Skew: 0.267ns (DCD - SCD - CPR)
Destination Clock Delay (DCD): 1.190ns
Source Clock Delay (SCD): 0.888ns
Clock Pessimism Removal (CPR): 0.035ns

    Location             Delay type                Incr(ns)  Path(ns)    Netlist Resource(s)

---

                         (clock clk_fpga_0 rise edge)
                                                      0.000     0.000 r
    PS7_X0Y0             PS7                          0.000     0.000 r  design_1_i/processing_system7_0/inst/PS7_i/FCLKCLK[0]
                         net (fo=1, routed)           0.310     0.310    design_1_i/processing_system7_0/inst/FCLK_CLK_unbuffered[0]
    BUFGCTRL_X0Y16       BUFG (Prop_bufg_I_O)         0.026     0.336 r  design_1_i/processing_system7_0/inst/buffer_fclk_clk_0.FCLK_CLK_0_BUFG/O
                         net (fo=9086, routed)        0.552     0.888    design_1_i/rst_ps7_0_100M/U0/slowest_sync_clk
    SLICE_X52Y96         FDRE                                         r  design_1_i/rst_ps7_0_100M/U0/ACTIVE_LOW_PR_OUT_DFF[0].FDRE_PER_N/C

---

    SLICE_X52Y96         FDRE (Prop_fdre_C_Q)         0.141     1.029 r  design_1_i/rst_ps7_0_100M/U0/ACTIVE_LOW_PR_OUT_DFF[0].FDRE_PER_N/Q
                         net (fo=19, routed)          0.193     1.221    design_1_i/ldpc_encoder_0/inst/ldpc_encoder_core/core_parity_bit_calculator/arst_ni
    SLICE_X51Y97         LUT1 (Prop_lut1_I0_O)        0.049     1.270 f  design_1_i/ldpc_encoder_0/inst/ldpc_encoder_core/core_parity_bit_calculator/s_axil_bvalid_i_2/O
                         net (fo=4347, routed)        0.244     1.515    design_1_i/ldpc_encoder_0/inst/input_buffer/w_addr_q_reg[4]_0
    SLICE_X49Y93         FDCE                                         f  design_1_i/ldpc_encoder_0/inst/input_buffer/w_cnt_q_reg[5]/CLR

---

                         (clock clk_fpga_0 rise edge)
                                                      0.000     0.000 r
    PS7_X0Y0             PS7                          0.000     0.000 r  design_1_i/processing_system7_0/inst/PS7_i/FCLKCLK[0]
                         net (fo=1, routed)           0.337     0.337    design_1_i/processing_system7_0/inst/FCLK_CLK_unbuffered[0]
    BUFGCTRL_X0Y16       BUFG (Prop_bufg_I_O)         0.029     0.366 r  design_1_i/processing_system7_0/inst/buffer_fclk_clk_0.FCLK_CLK_0_BUFG/O
                         net (fo=9086, routed)        0.824     1.190    design_1_i/ldpc_encoder_0/inst/input_buffer/clk_i
    SLICE_X49Y93         FDCE                                         r  design_1_i/ldpc_encoder_0/inst/input_buffer/w_cnt_q_reg[5]/C
                         clock pessimism             -0.035     1.155
    SLICE_X49Y93         FDCE (Remov_fdce_C_CLR)     -0.159     0.996    design_1_i/ldpc_encoder_0/inst/input_buffer/w_cnt_q_reg[5]

---

                         required time                         -0.996
                         arrival time                           1.515

---

                         slack                                  0.519

Slack (MET) : 0.519ns (arrival time - required time)
Source: design_1_i/rst_ps7_0_100M/U0/ACTIVE_LOW_PR_OUT_DFF[0].FDRE_PER_N/C
(rising edge-triggered cell FDRE clocked by clk_fpga_0 {rise@0.000ns fall@16.500ns period=33.000ns})
Destination: design_1_i/ldpc_encoder_0/inst/input_buffer/w_cnt_q_reg[6]/CLR
(removal check against rising-edge clock clk_fpga_0 {rise@0.000ns fall@16.500ns period=33.000ns})
Path Group: **async_default**
Path Type: Removal (Min at Fast Process Corner)
Requirement: 0.000ns (clk_fpga_0 rise@0.000ns - clk_fpga_0 rise@0.000ns)
Data Path Delay: 0.627ns (logic 0.190ns (30.295%) route 0.437ns (69.705%))
Logic Levels: 1 (LUT1=1)
Clock Path Skew: 0.267ns (DCD - SCD - CPR)
Destination Clock Delay (DCD): 1.190ns
Source Clock Delay (SCD): 0.888ns
Clock Pessimism Removal (CPR): 0.035ns

    Location             Delay type                Incr(ns)  Path(ns)    Netlist Resource(s)

---

                         (clock clk_fpga_0 rise edge)
                                                      0.000     0.000 r
    PS7_X0Y0             PS7                          0.000     0.000 r  design_1_i/processing_system7_0/inst/PS7_i/FCLKCLK[0]
                         net (fo=1, routed)           0.310     0.310    design_1_i/processing_system7_0/inst/FCLK_CLK_unbuffered[0]
    BUFGCTRL_X0Y16       BUFG (Prop_bufg_I_O)         0.026     0.336 r  design_1_i/processing_system7_0/inst/buffer_fclk_clk_0.FCLK_CLK_0_BUFG/O
                         net (fo=9086, routed)        0.552     0.888    design_1_i/rst_ps7_0_100M/U0/slowest_sync_clk
    SLICE_X52Y96         FDRE                                         r  design_1_i/rst_ps7_0_100M/U0/ACTIVE_LOW_PR_OUT_DFF[0].FDRE_PER_N/C

---

    SLICE_X52Y96         FDRE (Prop_fdre_C_Q)         0.141     1.029 r  design_1_i/rst_ps7_0_100M/U0/ACTIVE_LOW_PR_OUT_DFF[0].FDRE_PER_N/Q
                         net (fo=19, routed)          0.193     1.221    design_1_i/ldpc_encoder_0/inst/ldpc_encoder_core/core_parity_bit_calculator/arst_ni
    SLICE_X51Y97         LUT1 (Prop_lut1_I0_O)        0.049     1.270 f  design_1_i/ldpc_encoder_0/inst/ldpc_encoder_core/core_parity_bit_calculator/s_axil_bvalid_i_2/O
                         net (fo=4347, routed)        0.244     1.515    design_1_i/ldpc_encoder_0/inst/input_buffer/w_addr_q_reg[4]_0
    SLICE_X49Y93         FDCE                                         f  design_1_i/ldpc_encoder_0/inst/input_buffer/w_cnt_q_reg[6]/CLR

---

                         (clock clk_fpga_0 rise edge)
                                                      0.000     0.000 r
    PS7_X0Y0             PS7                          0.000     0.000 r  design_1_i/processing_system7_0/inst/PS7_i/FCLKCLK[0]
                         net (fo=1, routed)           0.337     0.337    design_1_i/processing_system7_0/inst/FCLK_CLK_unbuffered[0]
    BUFGCTRL_X0Y16       BUFG (Prop_bufg_I_O)         0.029     0.366 r  design_1_i/processing_system7_0/inst/buffer_fclk_clk_0.FCLK_CLK_0_BUFG/O
                         net (fo=9086, routed)        0.824     1.190    design_1_i/ldpc_encoder_0/inst/input_buffer/clk_i
    SLICE_X49Y93         FDCE                                         r  design_1_i/ldpc_encoder_0/inst/input_buffer/w_cnt_q_reg[6]/C
                         clock pessimism             -0.035     1.155
    SLICE_X49Y93         FDCE (Remov_fdce_C_CLR)     -0.159     0.996    design_1_i/ldpc_encoder_0/inst/input_buffer/w_cnt_q_reg[6]

---

                         required time                         -0.996
                         arrival time                           1.515

---

                         slack                                  0.519

Slack (MET) : 0.519ns (arrival time - required time)
Source: design_1_i/rst_ps7_0_100M/U0/ACTIVE_LOW_PR_OUT_DFF[0].FDRE_PER_N/C
(rising edge-triggered cell FDRE clocked by clk_fpga_0 {rise@0.000ns fall@16.500ns period=33.000ns})
Destination: design_1_i/ldpc_encoder_0/inst/input_buffer/w_cnt_q_reg[7]/CLR
(removal check against rising-edge clock clk_fpga_0 {rise@0.000ns fall@16.500ns period=33.000ns})
Path Group: **async_default**
Path Type: Removal (Min at Fast Process Corner)
Requirement: 0.000ns (clk_fpga_0 rise@0.000ns - clk_fpga_0 rise@0.000ns)
Data Path Delay: 0.627ns (logic 0.190ns (30.295%) route 0.437ns (69.705%))
Logic Levels: 1 (LUT1=1)
Clock Path Skew: 0.267ns (DCD - SCD - CPR)
Destination Clock Delay (DCD): 1.190ns
Source Clock Delay (SCD): 0.888ns
Clock Pessimism Removal (CPR): 0.035ns

    Location             Delay type                Incr(ns)  Path(ns)    Netlist Resource(s)

---

                         (clock clk_fpga_0 rise edge)
                                                      0.000     0.000 r
    PS7_X0Y0             PS7                          0.000     0.000 r  design_1_i/processing_system7_0/inst/PS7_i/FCLKCLK[0]
                         net (fo=1, routed)           0.310     0.310    design_1_i/processing_system7_0/inst/FCLK_CLK_unbuffered[0]
    BUFGCTRL_X0Y16       BUFG (Prop_bufg_I_O)         0.026     0.336 r  design_1_i/processing_system7_0/inst/buffer_fclk_clk_0.FCLK_CLK_0_BUFG/O
                         net (fo=9086, routed)        0.552     0.888    design_1_i/rst_ps7_0_100M/U0/slowest_sync_clk
    SLICE_X52Y96         FDRE                                         r  design_1_i/rst_ps7_0_100M/U0/ACTIVE_LOW_PR_OUT_DFF[0].FDRE_PER_N/C

---

    SLICE_X52Y96         FDRE (Prop_fdre_C_Q)         0.141     1.029 r  design_1_i/rst_ps7_0_100M/U0/ACTIVE_LOW_PR_OUT_DFF[0].FDRE_PER_N/Q
                         net (fo=19, routed)          0.193     1.221    design_1_i/ldpc_encoder_0/inst/ldpc_encoder_core/core_parity_bit_calculator/arst_ni
    SLICE_X51Y97         LUT1 (Prop_lut1_I0_O)        0.049     1.270 f  design_1_i/ldpc_encoder_0/inst/ldpc_encoder_core/core_parity_bit_calculator/s_axil_bvalid_i_2/O
                         net (fo=4347, routed)        0.244     1.515    design_1_i/ldpc_encoder_0/inst/input_buffer/w_addr_q_reg[4]_0
    SLICE_X49Y93         FDCE                                         f  design_1_i/ldpc_encoder_0/inst/input_buffer/w_cnt_q_reg[7]/CLR

---

                         (clock clk_fpga_0 rise edge)
                                                      0.000     0.000 r
    PS7_X0Y0             PS7                          0.000     0.000 r  design_1_i/processing_system7_0/inst/PS7_i/FCLKCLK[0]
                         net (fo=1, routed)           0.337     0.337    design_1_i/processing_system7_0/inst/FCLK_CLK_unbuffered[0]
    BUFGCTRL_X0Y16       BUFG (Prop_bufg_I_O)         0.029     0.366 r  design_1_i/processing_system7_0/inst/buffer_fclk_clk_0.FCLK_CLK_0_BUFG/O
                         net (fo=9086, routed)        0.824     1.190    design_1_i/ldpc_encoder_0/inst/input_buffer/clk_i
    SLICE_X49Y93         FDCE                                         r  design_1_i/ldpc_encoder_0/inst/input_buffer/w_cnt_q_reg[7]/C
                         clock pessimism             -0.035     1.155
    SLICE_X49Y93         FDCE (Remov_fdce_C_CLR)     -0.159     0.996    design_1_i/ldpc_encoder_0/inst/input_buffer/w_cnt_q_reg[7]

---

                         required time                         -0.996
                         arrival time                           1.515

---

                         slack                                  0.519

Slack (MET) : 0.519ns (arrival time - required time)
Source: design_1_i/rst_ps7_0_100M/U0/ACTIVE_LOW_PR_OUT_DFF[0].FDRE_PER_N/C
(rising edge-triggered cell FDRE clocked by clk_fpga_0 {rise@0.000ns fall@16.500ns period=33.000ns})
Destination: design_1_i/ldpc_encoder_0/inst/input_buffer/w_cnt_q_reg[8]/CLR
(removal check against rising-edge clock clk_fpga_0 {rise@0.000ns fall@16.500ns period=33.000ns})
Path Group: **async_default**
Path Type: Removal (Min at Fast Process Corner)
Requirement: 0.000ns (clk_fpga_0 rise@0.000ns - clk_fpga_0 rise@0.000ns)
Data Path Delay: 0.627ns (logic 0.190ns (30.295%) route 0.437ns (69.705%))
Logic Levels: 1 (LUT1=1)
Clock Path Skew: 0.267ns (DCD - SCD - CPR)
Destination Clock Delay (DCD): 1.190ns
Source Clock Delay (SCD): 0.888ns
Clock Pessimism Removal (CPR): 0.035ns

    Location             Delay type                Incr(ns)  Path(ns)    Netlist Resource(s)

---

                         (clock clk_fpga_0 rise edge)
                                                      0.000     0.000 r
    PS7_X0Y0             PS7                          0.000     0.000 r  design_1_i/processing_system7_0/inst/PS7_i/FCLKCLK[0]
                         net (fo=1, routed)           0.310     0.310    design_1_i/processing_system7_0/inst/FCLK_CLK_unbuffered[0]
    BUFGCTRL_X0Y16       BUFG (Prop_bufg_I_O)         0.026     0.336 r  design_1_i/processing_system7_0/inst/buffer_fclk_clk_0.FCLK_CLK_0_BUFG/O
                         net (fo=9086, routed)        0.552     0.888    design_1_i/rst_ps7_0_100M/U0/slowest_sync_clk
    SLICE_X52Y96         FDRE                                         r  design_1_i/rst_ps7_0_100M/U0/ACTIVE_LOW_PR_OUT_DFF[0].FDRE_PER_N/C

---

    SLICE_X52Y96         FDRE (Prop_fdre_C_Q)         0.141     1.029 r  design_1_i/rst_ps7_0_100M/U0/ACTIVE_LOW_PR_OUT_DFF[0].FDRE_PER_N/Q
                         net (fo=19, routed)          0.193     1.221    design_1_i/ldpc_encoder_0/inst/ldpc_encoder_core/core_parity_bit_calculator/arst_ni
    SLICE_X51Y97         LUT1 (Prop_lut1_I0_O)        0.049     1.270 f  design_1_i/ldpc_encoder_0/inst/ldpc_encoder_core/core_parity_bit_calculator/s_axil_bvalid_i_2/O
                         net (fo=4347, routed)        0.244     1.515    design_1_i/ldpc_encoder_0/inst/input_buffer/w_addr_q_reg[4]_0
    SLICE_X49Y93         FDCE                                         f  design_1_i/ldpc_encoder_0/inst/input_buffer/w_cnt_q_reg[8]/CLR

---

                         (clock clk_fpga_0 rise edge)
                                                      0.000     0.000 r
    PS7_X0Y0             PS7                          0.000     0.000 r  design_1_i/processing_system7_0/inst/PS7_i/FCLKCLK[0]
                         net (fo=1, routed)           0.337     0.337    design_1_i/processing_system7_0/inst/FCLK_CLK_unbuffered[0]
    BUFGCTRL_X0Y16       BUFG (Prop_bufg_I_O)         0.029     0.366 r  design_1_i/processing_system7_0/inst/buffer_fclk_clk_0.FCLK_CLK_0_BUFG/O
                         net (fo=9086, routed)        0.824     1.190    design_1_i/ldpc_encoder_0/inst/input_buffer/clk_i
    SLICE_X49Y93         FDCE                                         r  design_1_i/ldpc_encoder_0/inst/input_buffer/w_cnt_q_reg[8]/C
                         clock pessimism             -0.035     1.155
    SLICE_X49Y93         FDCE (Remov_fdce_C_CLR)     -0.159     0.996    design_1_i/ldpc_encoder_0/inst/input_buffer/w_cnt_q_reg[8]

---

                         required time                         -0.996
                         arrival time                           1.515

---

                         slack                                  0.519

Slack (MET) : 0.523ns (arrival time - required time)
Source: design_1_i/rst_ps7_0_100M/U0/ACTIVE_LOW_PR_OUT_DFF[0].FDRE_PER_N/C
(rising edge-triggered cell FDRE clocked by clk_fpga_0 {rise@0.000ns fall@16.500ns period=33.000ns})
Destination: design_1_i/ldpc_encoder_0/inst/input_buffer/w_cnt_q_reg[1]/CLR
(removal check against rising-edge clock clk_fpga_0 {rise@0.000ns fall@16.500ns period=33.000ns})
Path Group: **async_default**
Path Type: Removal (Min at Fast Process Corner)
Requirement: 0.000ns (clk_fpga_0 rise@0.000ns - clk_fpga_0 rise@0.000ns)
Data Path Delay: 0.632ns (logic 0.190ns (30.087%) route 0.442ns (69.913%))
Logic Levels: 1 (LUT1=1)
Clock Path Skew: 0.267ns (DCD - SCD - CPR)
Destination Clock Delay (DCD): 1.190ns
Source Clock Delay (SCD): 0.888ns
Clock Pessimism Removal (CPR): 0.035ns

    Location             Delay type                Incr(ns)  Path(ns)    Netlist Resource(s)

---

                         (clock clk_fpga_0 rise edge)
                                                      0.000     0.000 r
    PS7_X0Y0             PS7                          0.000     0.000 r  design_1_i/processing_system7_0/inst/PS7_i/FCLKCLK[0]
                         net (fo=1, routed)           0.310     0.310    design_1_i/processing_system7_0/inst/FCLK_CLK_unbuffered[0]
    BUFGCTRL_X0Y16       BUFG (Prop_bufg_I_O)         0.026     0.336 r  design_1_i/processing_system7_0/inst/buffer_fclk_clk_0.FCLK_CLK_0_BUFG/O
                         net (fo=9086, routed)        0.552     0.888    design_1_i/rst_ps7_0_100M/U0/slowest_sync_clk
    SLICE_X52Y96         FDRE                                         r  design_1_i/rst_ps7_0_100M/U0/ACTIVE_LOW_PR_OUT_DFF[0].FDRE_PER_N/C

---

    SLICE_X52Y96         FDRE (Prop_fdre_C_Q)         0.141     1.029 r  design_1_i/rst_ps7_0_100M/U0/ACTIVE_LOW_PR_OUT_DFF[0].FDRE_PER_N/Q
                         net (fo=19, routed)          0.193     1.221    design_1_i/ldpc_encoder_0/inst/ldpc_encoder_core/core_parity_bit_calculator/arst_ni
    SLICE_X51Y97         LUT1 (Prop_lut1_I0_O)        0.049     1.270 f  design_1_i/ldpc_encoder_0/inst/ldpc_encoder_core/core_parity_bit_calculator/s_axil_bvalid_i_2/O
                         net (fo=4347, routed)        0.249     1.519    design_1_i/ldpc_encoder_0/inst/input_buffer/w_addr_q_reg[4]_0
    SLICE_X48Y93         FDCE                                         f  design_1_i/ldpc_encoder_0/inst/input_buffer/w_cnt_q_reg[1]/CLR

---

                         (clock clk_fpga_0 rise edge)
                                                      0.000     0.000 r
    PS7_X0Y0             PS7                          0.000     0.000 r  design_1_i/processing_system7_0/inst/PS7_i/FCLKCLK[0]
                         net (fo=1, routed)           0.337     0.337    design_1_i/processing_system7_0/inst/FCLK_CLK_unbuffered[0]
    BUFGCTRL_X0Y16       BUFG (Prop_bufg_I_O)         0.029     0.366 r  design_1_i/processing_system7_0/inst/buffer_fclk_clk_0.FCLK_CLK_0_BUFG/O
                         net (fo=9086, routed)        0.824     1.190    design_1_i/ldpc_encoder_0/inst/input_buffer/clk_i
    SLICE_X48Y93         FDCE                                         r  design_1_i/ldpc_encoder_0/inst/input_buffer/w_cnt_q_reg[1]/C
                         clock pessimism             -0.035     1.155
    SLICE_X48Y93         FDCE (Remov_fdce_C_CLR)     -0.159     0.996    design_1_i/ldpc_encoder_0/inst/input_buffer/w_cnt_q_reg[1]

---

                         required time                         -0.996
                         arrival time                           1.519

---

                         slack                                  0.523

Slack (MET) : 0.523ns (arrival time - required time)
Source: design_1_i/rst_ps7_0_100M/U0/ACTIVE_LOW_PR_OUT_DFF[0].FDRE_PER_N/C
(rising edge-triggered cell FDRE clocked by clk_fpga_0 {rise@0.000ns fall@16.500ns period=33.000ns})
Destination: design_1_i/ldpc_encoder_0/inst/input_buffer/w_cnt_q_reg[2]/CLR
(removal check against rising-edge clock clk_fpga_0 {rise@0.000ns fall@16.500ns period=33.000ns})
Path Group: **async_default**
Path Type: Removal (Min at Fast Process Corner)
Requirement: 0.000ns (clk_fpga_0 rise@0.000ns - clk_fpga_0 rise@0.000ns)
Data Path Delay: 0.632ns (logic 0.190ns (30.087%) route 0.442ns (69.913%))
Logic Levels: 1 (LUT1=1)
Clock Path Skew: 0.267ns (DCD - SCD - CPR)
Destination Clock Delay (DCD): 1.190ns
Source Clock Delay (SCD): 0.888ns
Clock Pessimism Removal (CPR): 0.035ns

    Location             Delay type                Incr(ns)  Path(ns)    Netlist Resource(s)

---

                         (clock clk_fpga_0 rise edge)
                                                      0.000     0.000 r
    PS7_X0Y0             PS7                          0.000     0.000 r  design_1_i/processing_system7_0/inst/PS7_i/FCLKCLK[0]
                         net (fo=1, routed)           0.310     0.310    design_1_i/processing_system7_0/inst/FCLK_CLK_unbuffered[0]
    BUFGCTRL_X0Y16       BUFG (Prop_bufg_I_O)         0.026     0.336 r  design_1_i/processing_system7_0/inst/buffer_fclk_clk_0.FCLK_CLK_0_BUFG/O
                         net (fo=9086, routed)        0.552     0.888    design_1_i/rst_ps7_0_100M/U0/slowest_sync_clk
    SLICE_X52Y96         FDRE                                         r  design_1_i/rst_ps7_0_100M/U0/ACTIVE_LOW_PR_OUT_DFF[0].FDRE_PER_N/C

---

    SLICE_X52Y96         FDRE (Prop_fdre_C_Q)         0.141     1.029 r  design_1_i/rst_ps7_0_100M/U0/ACTIVE_LOW_PR_OUT_DFF[0].FDRE_PER_N/Q
                         net (fo=19, routed)          0.193     1.221    design_1_i/ldpc_encoder_0/inst/ldpc_encoder_core/core_parity_bit_calculator/arst_ni
    SLICE_X51Y97         LUT1 (Prop_lut1_I0_O)        0.049     1.270 f  design_1_i/ldpc_encoder_0/inst/ldpc_encoder_core/core_parity_bit_calculator/s_axil_bvalid_i_2/O
                         net (fo=4347, routed)        0.249     1.519    design_1_i/ldpc_encoder_0/inst/input_buffer/w_addr_q_reg[4]_0
    SLICE_X48Y93         FDCE                                         f  design_1_i/ldpc_encoder_0/inst/input_buffer/w_cnt_q_reg[2]/CLR

---

                         (clock clk_fpga_0 rise edge)
                                                      0.000     0.000 r
    PS7_X0Y0             PS7                          0.000     0.000 r  design_1_i/processing_system7_0/inst/PS7_i/FCLKCLK[0]
                         net (fo=1, routed)           0.337     0.337    design_1_i/processing_system7_0/inst/FCLK_CLK_unbuffered[0]
    BUFGCTRL_X0Y16       BUFG (Prop_bufg_I_O)         0.029     0.366 r  design_1_i/processing_system7_0/inst/buffer_fclk_clk_0.FCLK_CLK_0_BUFG/O
                         net (fo=9086, routed)        0.824     1.190    design_1_i/ldpc_encoder_0/inst/input_buffer/clk_i
    SLICE_X48Y93         FDCE                                         r  design_1_i/ldpc_encoder_0/inst/input_buffer/w_cnt_q_reg[2]/C
                         clock pessimism             -0.035     1.155
    SLICE_X48Y93         FDCE (Remov_fdce_C_CLR)     -0.159     0.996    design_1_i/ldpc_encoder_0/inst/input_buffer/w_cnt_q_reg[2]

---

                         required time                         -0.996
                         arrival time                           1.519

---

                         slack                                  0.523

Slack (MET) : 0.523ns (arrival time - required time)
Source: design_1_i/rst_ps7_0_100M/U0/ACTIVE_LOW_PR_OUT_DFF[0].FDRE_PER_N/C
(rising edge-triggered cell FDRE clocked by clk_fpga_0 {rise@0.000ns fall@16.500ns period=33.000ns})
Destination: design_1_i/ldpc_encoder_0/inst/input_buffer/w_cnt_q_reg[3]/CLR
(removal check against rising-edge clock clk_fpga_0 {rise@0.000ns fall@16.500ns period=33.000ns})
Path Group: **async_default**
Path Type: Removal (Min at Fast Process Corner)
Requirement: 0.000ns (clk_fpga_0 rise@0.000ns - clk_fpga_0 rise@0.000ns)
Data Path Delay: 0.632ns (logic 0.190ns (30.087%) route 0.442ns (69.913%))
Logic Levels: 1 (LUT1=1)
Clock Path Skew: 0.267ns (DCD - SCD - CPR)
Destination Clock Delay (DCD): 1.190ns
Source Clock Delay (SCD): 0.888ns
Clock Pessimism Removal (CPR): 0.035ns

    Location             Delay type                Incr(ns)  Path(ns)    Netlist Resource(s)

---

                         (clock clk_fpga_0 rise edge)
                                                      0.000     0.000 r
    PS7_X0Y0             PS7                          0.000     0.000 r  design_1_i/processing_system7_0/inst/PS7_i/FCLKCLK[0]
                         net (fo=1, routed)           0.310     0.310    design_1_i/processing_system7_0/inst/FCLK_CLK_unbuffered[0]
    BUFGCTRL_X0Y16       BUFG (Prop_bufg_I_O)         0.026     0.336 r  design_1_i/processing_system7_0/inst/buffer_fclk_clk_0.FCLK_CLK_0_BUFG/O
                         net (fo=9086, routed)        0.552     0.888    design_1_i/rst_ps7_0_100M/U0/slowest_sync_clk
    SLICE_X52Y96         FDRE                                         r  design_1_i/rst_ps7_0_100M/U0/ACTIVE_LOW_PR_OUT_DFF[0].FDRE_PER_N/C

---

    SLICE_X52Y96         FDRE (Prop_fdre_C_Q)         0.141     1.029 r  design_1_i/rst_ps7_0_100M/U0/ACTIVE_LOW_PR_OUT_DFF[0].FDRE_PER_N/Q
                         net (fo=19, routed)          0.193     1.221    design_1_i/ldpc_encoder_0/inst/ldpc_encoder_core/core_parity_bit_calculator/arst_ni
    SLICE_X51Y97         LUT1 (Prop_lut1_I0_O)        0.049     1.270 f  design_1_i/ldpc_encoder_0/inst/ldpc_encoder_core/core_parity_bit_calculator/s_axil_bvalid_i_2/O
                         net (fo=4347, routed)        0.249     1.519    design_1_i/ldpc_encoder_0/inst/input_buffer/w_addr_q_reg[4]_0
    SLICE_X48Y93         FDCE                                         f  design_1_i/ldpc_encoder_0/inst/input_buffer/w_cnt_q_reg[3]/CLR

---

                         (clock clk_fpga_0 rise edge)
                                                      0.000     0.000 r
    PS7_X0Y0             PS7                          0.000     0.000 r  design_1_i/processing_system7_0/inst/PS7_i/FCLKCLK[0]
                         net (fo=1, routed)           0.337     0.337    design_1_i/processing_system7_0/inst/FCLK_CLK_unbuffered[0]
    BUFGCTRL_X0Y16       BUFG (Prop_bufg_I_O)         0.029     0.366 r  design_1_i/processing_system7_0/inst/buffer_fclk_clk_0.FCLK_CLK_0_BUFG/O
                         net (fo=9086, routed)        0.824     1.190    design_1_i/ldpc_encoder_0/inst/input_buffer/clk_i
    SLICE_X48Y93         FDCE                                         r  design_1_i/ldpc_encoder_0/inst/input_buffer/w_cnt_q_reg[3]/C
                         clock pessimism             -0.035     1.155
    SLICE_X48Y93         FDCE (Remov_fdce_C_CLR)     -0.159     0.996    design_1_i/ldpc_encoder_0/inst/input_buffer/w_cnt_q_reg[3]

---

                         required time                         -0.996
                         arrival time                           1.519

---

                         slack                                  0.523

Slack (MET) : 0.523ns (arrival time - required time)
Source: design_1_i/rst_ps7_0_100M/U0/ACTIVE_LOW_PR_OUT_DFF[0].FDRE_PER_N/C
(rising edge-triggered cell FDRE clocked by clk_fpga_0 {rise@0.000ns fall@16.500ns period=33.000ns})
Destination: design_1_i/ldpc_encoder_0/inst/input_buffer/w_cnt_q_reg[4]/CLR
(removal check against rising-edge clock clk_fpga_0 {rise@0.000ns fall@16.500ns period=33.000ns})
Path Group: **async_default**
Path Type: Removal (Min at Fast Process Corner)
Requirement: 0.000ns (clk_fpga_0 rise@0.000ns - clk_fpga_0 rise@0.000ns)
Data Path Delay: 0.632ns (logic 0.190ns (30.087%) route 0.442ns (69.913%))
Logic Levels: 1 (LUT1=1)
Clock Path Skew: 0.267ns (DCD - SCD - CPR)
Destination Clock Delay (DCD): 1.190ns
Source Clock Delay (SCD): 0.888ns
Clock Pessimism Removal (CPR): 0.035ns

    Location             Delay type                Incr(ns)  Path(ns)    Netlist Resource(s)

---

                         (clock clk_fpga_0 rise edge)
                                                      0.000     0.000 r
    PS7_X0Y0             PS7                          0.000     0.000 r  design_1_i/processing_system7_0/inst/PS7_i/FCLKCLK[0]
                         net (fo=1, routed)           0.310     0.310    design_1_i/processing_system7_0/inst/FCLK_CLK_unbuffered[0]
    BUFGCTRL_X0Y16       BUFG (Prop_bufg_I_O)         0.026     0.336 r  design_1_i/processing_system7_0/inst/buffer_fclk_clk_0.FCLK_CLK_0_BUFG/O
                         net (fo=9086, routed)        0.552     0.888    design_1_i/rst_ps7_0_100M/U0/slowest_sync_clk
    SLICE_X52Y96         FDRE                                         r  design_1_i/rst_ps7_0_100M/U0/ACTIVE_LOW_PR_OUT_DFF[0].FDRE_PER_N/C

---

    SLICE_X52Y96         FDRE (Prop_fdre_C_Q)         0.141     1.029 r  design_1_i/rst_ps7_0_100M/U0/ACTIVE_LOW_PR_OUT_DFF[0].FDRE_PER_N/Q
                         net (fo=19, routed)          0.193     1.221    design_1_i/ldpc_encoder_0/inst/ldpc_encoder_core/core_parity_bit_calculator/arst_ni
    SLICE_X51Y97         LUT1 (Prop_lut1_I0_O)        0.049     1.270 f  design_1_i/ldpc_encoder_0/inst/ldpc_encoder_core/core_parity_bit_calculator/s_axil_bvalid_i_2/O
                         net (fo=4347, routed)        0.249     1.519    design_1_i/ldpc_encoder_0/inst/input_buffer/w_addr_q_reg[4]_0
    SLICE_X48Y93         FDCE                                         f  design_1_i/ldpc_encoder_0/inst/input_buffer/w_cnt_q_reg[4]/CLR

---

                         (clock clk_fpga_0 rise edge)
                                                      0.000     0.000 r
    PS7_X0Y0             PS7                          0.000     0.000 r  design_1_i/processing_system7_0/inst/PS7_i/FCLKCLK[0]
                         net (fo=1, routed)           0.337     0.337    design_1_i/processing_system7_0/inst/FCLK_CLK_unbuffered[0]
    BUFGCTRL_X0Y16       BUFG (Prop_bufg_I_O)         0.029     0.366 r  design_1_i/processing_system7_0/inst/buffer_fclk_clk_0.FCLK_CLK_0_BUFG/O
                         net (fo=9086, routed)        0.824     1.190    design_1_i/ldpc_encoder_0/inst/input_buffer/clk_i
    SLICE_X48Y93         FDCE                                         r  design_1_i/ldpc_encoder_0/inst/input_buffer/w_cnt_q_reg[4]/C
                         clock pessimism             -0.035     1.155
    SLICE_X48Y93         FDCE (Remov_fdce_C_CLR)     -0.159     0.996    design_1_i/ldpc_encoder_0/inst/input_buffer/w_cnt_q_reg[4]

---

                         required time                         -0.996
                         arrival time                           1.519

---

                         slack                                  0.523

Slack (MET) : 0.591ns (arrival time - required time)
Source: <hidden>
(rising edge-triggered cell FDPE clocked by clk_fpga_0 {rise@0.000ns fall@16.500ns period=33.000ns})
Destination: <hidden>
(removal check against rising-edge clock clk_fpga_0 {rise@0.000ns fall@16.500ns period=33.000ns})
Path Group: **async_default**
Path Type: Removal (Min at Fast Process Corner)
Requirement: 0.000ns (clk_fpga_0 rise@0.000ns - clk_fpga_0 rise@0.000ns)
Data Path Delay: 0.563ns (logic 0.227ns (40.294%) route 0.336ns (59.706%))
Logic Levels: 1 (LUT3=1)
Clock Path Skew: 0.039ns (DCD - SCD - CPR)
Destination Clock Delay (DCD): 1.208ns
Source Clock Delay (SCD): 0.905ns
Clock Pessimism Removal (CPR): 0.264ns

    Location             Delay type                Incr(ns)  Path(ns)    Netlist Resource(s)

---

                         (clock clk_fpga_0 rise edge)
                                                      0.000     0.000 r
    PS7_X0Y0             PS7                          0.000     0.000 r  design_1_i/processing_system7_0/inst/PS7_i/FCLKCLK[0]
                         net (fo=1, routed)           0.310     0.310    design_1_i/processing_system7_0/inst/FCLK_CLK_unbuffered[0]
    BUFGCTRL_X0Y16       BUFG (Prop_bufg_I_O)         0.026     0.336 r  design_1_i/processing_system7_0/inst/buffer_fclk_clk_0.FCLK_CLK_0_BUFG/O
                         net (fo=9086, routed)        0.569     0.905    <hidden>
    SLICE_X27Y86         FDPE                                         r  <hidden>

---

    SLICE_X27Y86         FDPE (Prop_fdpe_C_Q)         0.128     1.033 f  <hidden>
                         net (fo=3, routed)           0.135     1.168    <hidden>
    SLICE_X26Y88         LUT3 (Prop_lut3_I2_O)        0.099     1.267 f  <hidden>
                         net (fo=32, routed)          0.201     1.468    <hidden>
    SLICE_X30Y88         FDCE                                         f  <hidden>

---

                         (clock clk_fpga_0 rise edge)
                                                      0.000     0.000 r
    PS7_X0Y0             PS7                          0.000     0.000 r  design_1_i/processing_system7_0/inst/PS7_i/FCLKCLK[0]
                         net (fo=1, routed)           0.337     0.337    design_1_i/processing_system7_0/inst/FCLK_CLK_unbuffered[0]
    BUFGCTRL_X0Y16       BUFG (Prop_bufg_I_O)         0.029     0.366 r  design_1_i/processing_system7_0/inst/buffer_fclk_clk_0.FCLK_CLK_0_BUFG/O
                         net (fo=9086, routed)        0.842     1.208    <hidden>
    SLICE_X30Y88         FDCE                                         r  <hidden>
                         clock pessimism             -0.264     0.944
    SLICE_X30Y88         FDCE (Remov_fdce_C_CLR)     -0.067     0.877    <hidden>

---

                         required time                         -0.877
                         arrival time                           1.468

---

                         slack                                  0.591

---

Path Group: (none)
From Clock:  
 To Clock: clk_fpga_0

Max Delay 1 Endpoint
Min Delay 1 Endpoint

---

## Max Delay Paths

Slack: inf
Source: design_1_i/processing_system7_0/inst/PS7_i/FCLKRESETN[0]
(internal pin)
Destination: design_1_i/rst_ps7_0_100M/U0/EXT_LPF/ACTIVE_LOW_EXT.ACT_LO_EXT/GENERATE_LEVEL_P_S_CDC.SINGLE_BIT.CROSS_PLEVEL_IN2SCNDRY_IN_cdc_to/D
(rising edge-triggered cell FDRE clocked by clk_fpga_0 {rise@0.000ns fall@16.500ns period=33.000ns})
Path Group: (none)
Path Type: Setup (Max at Slow Process Corner)
Data Path Delay: 2.257ns (logic 0.124ns (5.493%) route 2.133ns (94.507%))
Logic Levels: 1 (LUT1=1)
Clock Uncertainty: 0.496ns ((TSJ^2 + TIJ^2)^1/2 + DJ) / 2 + PE
Total System Jitter (TSJ): 0.050ns
Total Input Jitter (TIJ): 0.990ns
Discrete Jitter (DJ): 0.000ns
Phase Error (PE): 0.000ns
Timing Exception: False Path

    Location             Delay type                Incr(ns)  Path(ns)    Netlist Resource(s)

---

    PS7_X0Y0             PS7                          0.000     0.000 f  design_1_i/processing_system7_0/inst/PS7_i/FCLKRESETN[0]
                         net (fo=1, routed)           1.641     1.641    design_1_i/rst_ps7_0_100M/U0/EXT_LPF/ACTIVE_LOW_EXT.ACT_LO_EXT/ext_reset_in
    SLICE_X52Y90         LUT1 (Prop_lut1_I0_O)        0.124     1.765 r  design_1_i/rst_ps7_0_100M/U0/EXT_LPF/ACTIVE_LOW_EXT.ACT_LO_EXT/GENERATE_LEVEL_P_S_CDC.SINGLE_BIT.CROSS_PLEVEL_IN2SCNDRY_IN_cdc_to_i_1/O
                         net (fo=1, routed)           0.492     2.257    design_1_i/rst_ps7_0_100M/U0/EXT_LPF/ACTIVE_LOW_EXT.ACT_LO_EXT/exr_d1
    SLICE_X52Y92         FDRE                                         r  design_1_i/rst_ps7_0_100M/U0/EXT_LPF/ACTIVE_LOW_EXT.ACT_LO_EXT/GENERATE_LEVEL_P_S_CDC.SINGLE_BIT.CROSS_PLEVEL_IN2SCNDRY_IN_cdc_to/D

---

                         (clock clk_fpga_0 rise edge)
                                                      0.000     0.000 r
    PS7_X0Y0             PS7                          0.000     0.000 r  design_1_i/processing_system7_0/inst/PS7_i/FCLKCLK[0]
                         net (fo=1, routed)           1.088     1.088    design_1_i/processing_system7_0/inst/FCLK_CLK_unbuffered[0]
    BUFGCTRL_X0Y16       BUFG (Prop_bufg_I_O)         0.091     1.179 r  design_1_i/processing_system7_0/inst/buffer_fclk_clk_0.FCLK_CLK_0_BUFG/O
                         net (fo=9086, routed)        1.465     2.644    design_1_i/rst_ps7_0_100M/U0/EXT_LPF/ACTIVE_LOW_EXT.ACT_LO_EXT/slowest_sync_clk
    SLICE_X52Y92         FDRE                                         r  design_1_i/rst_ps7_0_100M/U0/EXT_LPF/ACTIVE_LOW_EXT.ACT_LO_EXT/GENERATE_LEVEL_P_S_CDC.SINGLE_BIT.CROSS_PLEVEL_IN2SCNDRY_IN_cdc_to/C

## Min Delay Paths

Slack: inf
Source: design_1_i/processing_system7_0/inst/PS7_i/FCLKRESETN[0]
(internal pin)
Destination: design_1_i/rst_ps7_0_100M/U0/EXT_LPF/ACTIVE_LOW_EXT.ACT_LO_EXT/GENERATE_LEVEL_P_S_CDC.SINGLE_BIT.CROSS_PLEVEL_IN2SCNDRY_IN_cdc_to/D
(rising edge-triggered cell FDRE clocked by clk_fpga_0 {rise@0.000ns fall@16.500ns period=33.000ns})
Path Group: (none)
Path Type: Hold (Min at Fast Process Corner)
Data Path Delay: 0.878ns (logic 0.045ns (5.124%) route 0.833ns (94.876%))
Logic Levels: 1 (LUT1=1)
Clock Uncertainty: 0.496ns ((TSJ^2 + TIJ^2)^1/2 + DJ) / 2 + PE
Total System Jitter (TSJ): 0.050ns
Total Input Jitter (TIJ): 0.990ns
Discrete Jitter (DJ): 0.000ns
Phase Error (PE): 0.000ns
Timing Exception: False Path

    Location             Delay type                Incr(ns)  Path(ns)    Netlist Resource(s)

---

    PS7_X0Y0             PS7                          0.000     0.000 f  design_1_i/processing_system7_0/inst/PS7_i/FCLKRESETN[0]
                         net (fo=1, routed)           0.655     0.655    design_1_i/rst_ps7_0_100M/U0/EXT_LPF/ACTIVE_LOW_EXT.ACT_LO_EXT/ext_reset_in
    SLICE_X52Y90         LUT1 (Prop_lut1_I0_O)        0.045     0.700 r  design_1_i/rst_ps7_0_100M/U0/EXT_LPF/ACTIVE_LOW_EXT.ACT_LO_EXT/GENERATE_LEVEL_P_S_CDC.SINGLE_BIT.CROSS_PLEVEL_IN2SCNDRY_IN_cdc_to_i_1/O
                         net (fo=1, routed)           0.178     0.878    design_1_i/rst_ps7_0_100M/U0/EXT_LPF/ACTIVE_LOW_EXT.ACT_LO_EXT/exr_d1
    SLICE_X52Y92         FDRE                                         r  design_1_i/rst_ps7_0_100M/U0/EXT_LPF/ACTIVE_LOW_EXT.ACT_LO_EXT/GENERATE_LEVEL_P_S_CDC.SINGLE_BIT.CROSS_PLEVEL_IN2SCNDRY_IN_cdc_to/D

---

                         (clock clk_fpga_0 rise edge)
                                                      0.000     0.000 r
    PS7_X0Y0             PS7                          0.000     0.000 r  design_1_i/processing_system7_0/inst/PS7_i/FCLKCLK[0]
                         net (fo=1, routed)           0.337     0.337    design_1_i/processing_system7_0/inst/FCLK_CLK_unbuffered[0]
    BUFGCTRL_X0Y16       BUFG (Prop_bufg_I_O)         0.029     0.366 r  design_1_i/processing_system7_0/inst/buffer_fclk_clk_0.FCLK_CLK_0_BUFG/O
                         net (fo=9086, routed)        0.819     1.185    design_1_i/rst_ps7_0_100M/U0/EXT_LPF/ACTIVE_LOW_EXT.ACT_LO_EXT/slowest_sync_clk
    SLICE_X52Y92         FDRE                                         r  design_1_i/rst_ps7_0_100M/U0/EXT_LPF/ACTIVE_LOW_EXT.ACT_LO_EXT/GENERATE_LEVEL_P_S_CDC.SINGLE_BIT.CROSS_PLEVEL_IN2SCNDRY_IN_cdc_to/C

---

Path Group: (none)
From Clock: clk_fpga_0
To Clock: clk_fpga_0

Max Delay 84 Endpoints
Min Delay 84 Endpoints

---

## Max Delay Paths

Slack: inf
Source: design_1_i/rst_ps7_0_100M/U0/ACTIVE_LOW_PR_OUT_DFF[0].FDRE_PER_N/C
(rising edge-triggered cell FDRE clocked by clk_fpga_0 {rise@0.000ns fall@16.500ns period=33.000ns})
Destination: <hidden>
(recovery check against rising-edge clock clk_fpga_0 {rise@0.000ns fall@16.500ns period=33.000ns})
Path Group: (none)
Path Type: Recovery (Max at Slow Process Corner)
Data Path Delay: 4.692ns (logic 0.580ns (12.361%) route 4.112ns (87.639%))
Logic Levels: 1 (LUT1=1)
Clock Path Skew: -0.239ns (DCD - SCD + CPR)
Destination Clock Delay (DCD): 2.694ns
Source Clock Delay (SCD): 2.933ns
Clock Pessimism Removal (CPR): 0.000ns
Clock Uncertainty: 0.496ns ((TSJ^2 + TIJ^2)^1/2 + DJ) / 2 + PE
Total System Jitter (TSJ): 0.071ns
Total Input Jitter (TIJ): 0.990ns
Discrete Jitter (DJ): 0.000ns
Phase Error (PE): 0.000ns
Timing Exception: False Path

    Location             Delay type                Incr(ns)  Path(ns)    Netlist Resource(s)

---

                         (clock clk_fpga_0 rise edge)
                                                      0.000     0.000 r
    PS7_X0Y0             PS7                          0.000     0.000 r  design_1_i/processing_system7_0/inst/PS7_i/FCLKCLK[0]
                         net (fo=1, routed)           1.193     1.193    design_1_i/processing_system7_0/inst/FCLK_CLK_unbuffered[0]
    BUFGCTRL_X0Y16       BUFG (Prop_bufg_I_O)         0.101     1.294 r  design_1_i/processing_system7_0/inst/buffer_fclk_clk_0.FCLK_CLK_0_BUFG/O
                         net (fo=9086, routed)        1.639     2.933    design_1_i/rst_ps7_0_100M/U0/slowest_sync_clk
    SLICE_X52Y96         FDRE                                         r  design_1_i/rst_ps7_0_100M/U0/ACTIVE_LOW_PR_OUT_DFF[0].FDRE_PER_N/C

---

    SLICE_X52Y96         FDRE (Prop_fdre_C_Q)         0.456     3.389 r  design_1_i/rst_ps7_0_100M/U0/ACTIVE_LOW_PR_OUT_DFF[0].FDRE_PER_N/Q
                         net (fo=19, routed)          3.585     6.974    design_1_i/axi_mem_intercon/s00_couplers/auto_pc/inst/gen_axi4_axi3.axi3_conv_inst/USE_READ.USE_SPLIT_R.read_addr_inst/USE_R_CHANNEL.cmd_queue/inst/aresetn
    SLICE_X26Y67         LUT1 (Prop_lut1_I0_O)        0.124     7.098 f  design_1_i/axi_mem_intercon/s00_couplers/auto_pc/inst/gen_axi4_axi3.axi3_conv_inst/USE_READ.USE_SPLIT_R.read_addr_inst/USE_R_CHANNEL.cmd_queue/inst/S_AXI_ASIZE_Q[2]_i_1/O
                         net (fo=44, routed)          0.527     7.625    <hidden>
    SLICE_X26Y65         FDPE                                         f  <hidden>

---

                         (clock clk_fpga_0 rise edge)
                                                      0.000     0.000 r
    PS7_X0Y0             PS7                          0.000     0.000 r  design_1_i/processing_system7_0/inst/PS7_i/FCLKCLK[0]
                         net (fo=1, routed)           1.088     1.088    design_1_i/processing_system7_0/inst/FCLK_CLK_unbuffered[0]
    BUFGCTRL_X0Y16       BUFG (Prop_bufg_I_O)         0.091     1.179 r  design_1_i/processing_system7_0/inst/buffer_fclk_clk_0.FCLK_CLK_0_BUFG/O
                         net (fo=9086, routed)        1.515     2.694    <hidden>
    SLICE_X26Y65         FDPE                                         r  <hidden>

Slack: inf
Source: design_1_i/rst_ps7_0_100M/U0/ACTIVE_LOW_PR_OUT_DFF[0].FDRE_PER_N/C
(rising edge-triggered cell FDRE clocked by clk_fpga_0 {rise@0.000ns fall@16.500ns period=33.000ns})
Destination: <hidden>
(recovery check against rising-edge clock clk_fpga_0 {rise@0.000ns fall@16.500ns period=33.000ns})
Path Group: (none)
Path Type: Recovery (Max at Slow Process Corner)
Data Path Delay: 4.692ns (logic 0.580ns (12.361%) route 4.112ns (87.639%))
Logic Levels: 1 (LUT1=1)
Clock Path Skew: -0.239ns (DCD - SCD + CPR)
Destination Clock Delay (DCD): 2.694ns
Source Clock Delay (SCD): 2.933ns
Clock Pessimism Removal (CPR): 0.000ns
Clock Uncertainty: 0.496ns ((TSJ^2 + TIJ^2)^1/2 + DJ) / 2 + PE
Total System Jitter (TSJ): 0.071ns
Total Input Jitter (TIJ): 0.990ns
Discrete Jitter (DJ): 0.000ns
Phase Error (PE): 0.000ns
Timing Exception: False Path

    Location             Delay type                Incr(ns)  Path(ns)    Netlist Resource(s)

---

                         (clock clk_fpga_0 rise edge)
                                                      0.000     0.000 r
    PS7_X0Y0             PS7                          0.000     0.000 r  design_1_i/processing_system7_0/inst/PS7_i/FCLKCLK[0]
                         net (fo=1, routed)           1.193     1.193    design_1_i/processing_system7_0/inst/FCLK_CLK_unbuffered[0]
    BUFGCTRL_X0Y16       BUFG (Prop_bufg_I_O)         0.101     1.294 r  design_1_i/processing_system7_0/inst/buffer_fclk_clk_0.FCLK_CLK_0_BUFG/O
                         net (fo=9086, routed)        1.639     2.933    design_1_i/rst_ps7_0_100M/U0/slowest_sync_clk
    SLICE_X52Y96         FDRE                                         r  design_1_i/rst_ps7_0_100M/U0/ACTIVE_LOW_PR_OUT_DFF[0].FDRE_PER_N/C

---

    SLICE_X52Y96         FDRE (Prop_fdre_C_Q)         0.456     3.389 r  design_1_i/rst_ps7_0_100M/U0/ACTIVE_LOW_PR_OUT_DFF[0].FDRE_PER_N/Q
                         net (fo=19, routed)          3.585     6.974    design_1_i/axi_mem_intercon/s00_couplers/auto_pc/inst/gen_axi4_axi3.axi3_conv_inst/USE_READ.USE_SPLIT_R.read_addr_inst/USE_R_CHANNEL.cmd_queue/inst/aresetn
    SLICE_X26Y67         LUT1 (Prop_lut1_I0_O)        0.124     7.098 f  design_1_i/axi_mem_intercon/s00_couplers/auto_pc/inst/gen_axi4_axi3.axi3_conv_inst/USE_READ.USE_SPLIT_R.read_addr_inst/USE_R_CHANNEL.cmd_queue/inst/S_AXI_ASIZE_Q[2]_i_1/O
                         net (fo=44, routed)          0.527     7.625    <hidden>
    SLICE_X26Y65         FDPE                                         f  <hidden>

---

                         (clock clk_fpga_0 rise edge)
                                                      0.000     0.000 r
    PS7_X0Y0             PS7                          0.000     0.000 r  design_1_i/processing_system7_0/inst/PS7_i/FCLKCLK[0]
                         net (fo=1, routed)           1.088     1.088    design_1_i/processing_system7_0/inst/FCLK_CLK_unbuffered[0]
    BUFGCTRL_X0Y16       BUFG (Prop_bufg_I_O)         0.091     1.179 r  design_1_i/processing_system7_0/inst/buffer_fclk_clk_0.FCLK_CLK_0_BUFG/O
                         net (fo=9086, routed)        1.515     2.694    <hidden>
    SLICE_X26Y65         FDPE                                         r  <hidden>

Slack: inf
Source: design_1_i/rst_ps7_0_100M/U0/ACTIVE_LOW_PR_OUT_DFF[0].FDRE_PER_N/C
(rising edge-triggered cell FDRE clocked by clk_fpga_0 {rise@0.000ns fall@16.500ns period=33.000ns})
Destination: <hidden>
(recovery check against rising-edge clock clk_fpga_0 {rise@0.000ns fall@16.500ns period=33.000ns})
Path Group: (none)
Path Type: Recovery (Max at Slow Process Corner)
Data Path Delay: 4.094ns (logic 0.580ns (14.166%) route 3.514ns (85.834%))
Logic Levels: 1 (LUT1=1)
Clock Path Skew: -0.280ns (DCD - SCD + CPR)
Destination Clock Delay (DCD): 2.653ns
Source Clock Delay (SCD): 2.933ns
Clock Pessimism Removal (CPR): 0.000ns
Clock Uncertainty: 0.496ns ((TSJ^2 + TIJ^2)^1/2 + DJ) / 2 + PE
Total System Jitter (TSJ): 0.071ns
Total Input Jitter (TIJ): 0.990ns
Discrete Jitter (DJ): 0.000ns
Phase Error (PE): 0.000ns
Timing Exception: False Path

    Location             Delay type                Incr(ns)  Path(ns)    Netlist Resource(s)

---

                         (clock clk_fpga_0 rise edge)
                                                      0.000     0.000 r
    PS7_X0Y0             PS7                          0.000     0.000 r  design_1_i/processing_system7_0/inst/PS7_i/FCLKCLK[0]
                         net (fo=1, routed)           1.193     1.193    design_1_i/processing_system7_0/inst/FCLK_CLK_unbuffered[0]
    BUFGCTRL_X0Y16       BUFG (Prop_bufg_I_O)         0.101     1.294 r  design_1_i/processing_system7_0/inst/buffer_fclk_clk_0.FCLK_CLK_0_BUFG/O
                         net (fo=9086, routed)        1.639     2.933    design_1_i/rst_ps7_0_100M/U0/slowest_sync_clk
    SLICE_X52Y96         FDRE                                         r  design_1_i/rst_ps7_0_100M/U0/ACTIVE_LOW_PR_OUT_DFF[0].FDRE_PER_N/C

---

    SLICE_X52Y96         FDRE (Prop_fdre_C_Q)         0.456     3.389 r  design_1_i/rst_ps7_0_100M/U0/ACTIVE_LOW_PR_OUT_DFF[0].FDRE_PER_N/Q
                         net (fo=19, routed)          2.626     6.015    design_1_i/axi_mem_intercon_1/s00_couplers/auto_pc/inst/gen_axi4_axi3.axi3_conv_inst/USE_WRITE.write_addr_inst/USE_BURSTS.cmd_queue/inst/aresetn
    SLICE_X29Y84         LUT1 (Prop_lut1_I0_O)        0.124     6.139 f  design_1_i/axi_mem_intercon_1/s00_couplers/auto_pc/inst/gen_axi4_axi3.axi3_conv_inst/USE_WRITE.write_addr_inst/USE_BURSTS.cmd_queue/inst/S_AXI_AREADY_I_i_1/O
                         net (fo=115, routed)         0.888     7.027    <hidden>
    SLICE_X33Y85         FDPE                                         f  <hidden>

---

                         (clock clk_fpga_0 rise edge)
                                                      0.000     0.000 r
    PS7_X0Y0             PS7                          0.000     0.000 r  design_1_i/processing_system7_0/inst/PS7_i/FCLKCLK[0]
                         net (fo=1, routed)           1.088     1.088    design_1_i/processing_system7_0/inst/FCLK_CLK_unbuffered[0]
    BUFGCTRL_X0Y16       BUFG (Prop_bufg_I_O)         0.091     1.179 r  design_1_i/processing_system7_0/inst/buffer_fclk_clk_0.FCLK_CLK_0_BUFG/O
                         net (fo=9086, routed)        1.474     2.653    <hidden>
    SLICE_X33Y85         FDPE                                         r  <hidden>

Slack: inf
Source: design_1_i/rst_ps7_0_100M/U0/ACTIVE_LOW_PR_OUT_DFF[0].FDRE_PER_N/C
(rising edge-triggered cell FDRE clocked by clk_fpga_0 {rise@0.000ns fall@16.500ns period=33.000ns})
Destination: <hidden>
(recovery check against rising-edge clock clk_fpga_0 {rise@0.000ns fall@16.500ns period=33.000ns})
Path Group: (none)
Path Type: Recovery (Max at Slow Process Corner)
Data Path Delay: 4.094ns (logic 0.580ns (14.166%) route 3.514ns (85.834%))
Logic Levels: 1 (LUT1=1)
Clock Path Skew: -0.280ns (DCD - SCD + CPR)
Destination Clock Delay (DCD): 2.653ns
Source Clock Delay (SCD): 2.933ns
Clock Pessimism Removal (CPR): 0.000ns
Clock Uncertainty: 0.496ns ((TSJ^2 + TIJ^2)^1/2 + DJ) / 2 + PE
Total System Jitter (TSJ): 0.071ns
Total Input Jitter (TIJ): 0.990ns
Discrete Jitter (DJ): 0.000ns
Phase Error (PE): 0.000ns
Timing Exception: False Path

    Location             Delay type                Incr(ns)  Path(ns)    Netlist Resource(s)

---

                         (clock clk_fpga_0 rise edge)
                                                      0.000     0.000 r
    PS7_X0Y0             PS7                          0.000     0.000 r  design_1_i/processing_system7_0/inst/PS7_i/FCLKCLK[0]
                         net (fo=1, routed)           1.193     1.193    design_1_i/processing_system7_0/inst/FCLK_CLK_unbuffered[0]
    BUFGCTRL_X0Y16       BUFG (Prop_bufg_I_O)         0.101     1.294 r  design_1_i/processing_system7_0/inst/buffer_fclk_clk_0.FCLK_CLK_0_BUFG/O
                         net (fo=9086, routed)        1.639     2.933    design_1_i/rst_ps7_0_100M/U0/slowest_sync_clk
    SLICE_X52Y96         FDRE                                         r  design_1_i/rst_ps7_0_100M/U0/ACTIVE_LOW_PR_OUT_DFF[0].FDRE_PER_N/C

---

    SLICE_X52Y96         FDRE (Prop_fdre_C_Q)         0.456     3.389 r  design_1_i/rst_ps7_0_100M/U0/ACTIVE_LOW_PR_OUT_DFF[0].FDRE_PER_N/Q
                         net (fo=19, routed)          2.626     6.015    design_1_i/axi_mem_intercon_1/s00_couplers/auto_pc/inst/gen_axi4_axi3.axi3_conv_inst/USE_WRITE.write_addr_inst/USE_BURSTS.cmd_queue/inst/aresetn
    SLICE_X29Y84         LUT1 (Prop_lut1_I0_O)        0.124     6.139 f  design_1_i/axi_mem_intercon_1/s00_couplers/auto_pc/inst/gen_axi4_axi3.axi3_conv_inst/USE_WRITE.write_addr_inst/USE_BURSTS.cmd_queue/inst/S_AXI_AREADY_I_i_1/O
                         net (fo=115, routed)         0.888     7.027    <hidden>
    SLICE_X33Y85         FDPE                                         f  <hidden>

---

                         (clock clk_fpga_0 rise edge)
                                                      0.000     0.000 r
    PS7_X0Y0             PS7                          0.000     0.000 r  design_1_i/processing_system7_0/inst/PS7_i/FCLKCLK[0]
                         net (fo=1, routed)           1.088     1.088    design_1_i/processing_system7_0/inst/FCLK_CLK_unbuffered[0]
    BUFGCTRL_X0Y16       BUFG (Prop_bufg_I_O)         0.091     1.179 r  design_1_i/processing_system7_0/inst/buffer_fclk_clk_0.FCLK_CLK_0_BUFG/O
                         net (fo=9086, routed)        1.474     2.653    <hidden>
    SLICE_X33Y85         FDPE                                         r  <hidden>

Slack: inf
Source: design_1_i/axi_smc/inst/clk_map/psr_aclk/U0/ACTIVE_LOW_BSR_OUT_DFF[0].FDRE_BSR_N/C
(rising edge-triggered cell FDRE clocked by clk_fpga_0 {rise@0.000ns fall@16.500ns period=33.000ns})
Destination: <hidden>
(recovery check against rising-edge clock clk_fpga_0 {rise@0.000ns fall@16.500ns period=33.000ns})
Path Group: (none)
Path Type: Recovery (Max at Slow Process Corner)
Data Path Delay: 4.042ns (logic 0.609ns (15.068%) route 3.433ns (84.932%))
Logic Levels: 1 (LUT1=1)
Clock Path Skew: -0.273ns (DCD - SCD + CPR)
Destination Clock Delay (DCD): 2.660ns
Source Clock Delay (SCD): 2.933ns
Clock Pessimism Removal (CPR): 0.000ns
Clock Uncertainty: 0.496ns ((TSJ^2 + TIJ^2)^1/2 + DJ) / 2 + PE
Total System Jitter (TSJ): 0.071ns
Total Input Jitter (TIJ): 0.990ns
Discrete Jitter (DJ): 0.000ns
Phase Error (PE): 0.000ns
Timing Exception: False Path

    Location             Delay type                Incr(ns)  Path(ns)    Netlist Resource(s)

---

                         (clock clk_fpga_0 rise edge)
                                                      0.000     0.000 r
    PS7_X0Y0             PS7                          0.000     0.000 r  design_1_i/processing_system7_0/inst/PS7_i/FCLKCLK[0]
                         net (fo=1, routed)           1.193     1.193    design_1_i/processing_system7_0/inst/FCLK_CLK_unbuffered[0]
    BUFGCTRL_X0Y16       BUFG (Prop_bufg_I_O)         0.101     1.294 r  design_1_i/processing_system7_0/inst/buffer_fclk_clk_0.FCLK_CLK_0_BUFG/O
                         net (fo=9086, routed)        1.639     2.933    design_1_i/axi_smc/inst/clk_map/psr_aclk/U0/aclk
    SLICE_X51Y95         FDRE                                         r  design_1_i/axi_smc/inst/clk_map/psr_aclk/U0/ACTIVE_LOW_BSR_OUT_DFF[0].FDRE_BSR_N/C

---

    SLICE_X51Y95         FDRE (Prop_fdre_C_Q)         0.456     3.389 r  design_1_i/axi_smc/inst/clk_map/psr_aclk/U0/ACTIVE_LOW_BSR_OUT_DFF[0].FDRE_BSR_N/Q
                         net (fo=25, routed)          2.797     6.186    <hidden>
    SLICE_X34Y98         LUT1 (Prop_lut1_I0_O)        0.153     6.339 f  <hidden>
                         net (fo=3, routed)           0.636     6.975    <hidden>
    SLICE_X34Y98         FDCE                                         f  <hidden>

---

                         (clock clk_fpga_0 rise edge)
                                                      0.000     0.000 r
    PS7_X0Y0             PS7                          0.000     0.000 r  design_1_i/processing_system7_0/inst/PS7_i/FCLKCLK[0]
                         net (fo=1, routed)           1.088     1.088    design_1_i/processing_system7_0/inst/FCLK_CLK_unbuffered[0]
    BUFGCTRL_X0Y16       BUFG (Prop_bufg_I_O)         0.091     1.179 r  design_1_i/processing_system7_0/inst/buffer_fclk_clk_0.FCLK_CLK_0_BUFG/O
                         net (fo=9086, routed)        1.481     2.660    <hidden>
    SLICE_X34Y98         FDCE                                         r  <hidden>

Slack: inf
Source: design_1_i/axi_smc/inst/clk_map/psr_aclk/U0/ACTIVE_LOW_BSR_OUT_DFF[0].FDRE_BSR_N/C
(rising edge-triggered cell FDRE clocked by clk_fpga_0 {rise@0.000ns fall@16.500ns period=33.000ns})
Destination: <hidden>
(recovery check against rising-edge clock clk_fpga_0 {rise@0.000ns fall@16.500ns period=33.000ns})
Path Group: (none)
Path Type: Recovery (Max at Slow Process Corner)
Data Path Delay: 4.042ns (logic 0.609ns (15.068%) route 3.433ns (84.932%))
Logic Levels: 1 (LUT1=1)
Clock Path Skew: -0.273ns (DCD - SCD + CPR)
Destination Clock Delay (DCD): 2.660ns
Source Clock Delay (SCD): 2.933ns
Clock Pessimism Removal (CPR): 0.000ns
Clock Uncertainty: 0.496ns ((TSJ^2 + TIJ^2)^1/2 + DJ) / 2 + PE
Total System Jitter (TSJ): 0.071ns
Total Input Jitter (TIJ): 0.990ns
Discrete Jitter (DJ): 0.000ns
Phase Error (PE): 0.000ns
Timing Exception: False Path

    Location             Delay type                Incr(ns)  Path(ns)    Netlist Resource(s)

---

                         (clock clk_fpga_0 rise edge)
                                                      0.000     0.000 r
    PS7_X0Y0             PS7                          0.000     0.000 r  design_1_i/processing_system7_0/inst/PS7_i/FCLKCLK[0]
                         net (fo=1, routed)           1.193     1.193    design_1_i/processing_system7_0/inst/FCLK_CLK_unbuffered[0]
    BUFGCTRL_X0Y16       BUFG (Prop_bufg_I_O)         0.101     1.294 r  design_1_i/processing_system7_0/inst/buffer_fclk_clk_0.FCLK_CLK_0_BUFG/O
                         net (fo=9086, routed)        1.639     2.933    design_1_i/axi_smc/inst/clk_map/psr_aclk/U0/aclk
    SLICE_X51Y95         FDRE                                         r  design_1_i/axi_smc/inst/clk_map/psr_aclk/U0/ACTIVE_LOW_BSR_OUT_DFF[0].FDRE_BSR_N/C

---

    SLICE_X51Y95         FDRE (Prop_fdre_C_Q)         0.456     3.389 r  design_1_i/axi_smc/inst/clk_map/psr_aclk/U0/ACTIVE_LOW_BSR_OUT_DFF[0].FDRE_BSR_N/Q
                         net (fo=25, routed)          2.797     6.186    <hidden>
    SLICE_X34Y98         LUT1 (Prop_lut1_I0_O)        0.153     6.339 f  <hidden>
                         net (fo=3, routed)           0.636     6.975    <hidden>
    SLICE_X34Y98         FDCE                                         f  <hidden>

---

                         (clock clk_fpga_0 rise edge)
                                                      0.000     0.000 r
    PS7_X0Y0             PS7                          0.000     0.000 r  design_1_i/processing_system7_0/inst/PS7_i/FCLKCLK[0]
                         net (fo=1, routed)           1.088     1.088    design_1_i/processing_system7_0/inst/FCLK_CLK_unbuffered[0]
    BUFGCTRL_X0Y16       BUFG (Prop_bufg_I_O)         0.091     1.179 r  design_1_i/processing_system7_0/inst/buffer_fclk_clk_0.FCLK_CLK_0_BUFG/O
                         net (fo=9086, routed)        1.481     2.660    <hidden>
    SLICE_X34Y98         FDCE                                         r  <hidden>

Slack: inf
Source: design_1_i/axi_smc/inst/clk_map/psr_aclk/U0/ACTIVE_LOW_BSR_OUT_DFF[0].FDRE_BSR_N/C
(rising edge-triggered cell FDRE clocked by clk_fpga_0 {rise@0.000ns fall@16.500ns period=33.000ns})
Destination: <hidden>
(recovery check against rising-edge clock clk_fpga_0 {rise@0.000ns fall@16.500ns period=33.000ns})
Path Group: (none)
Path Type: Recovery (Max at Slow Process Corner)
Data Path Delay: 4.042ns (logic 0.609ns (15.068%) route 3.433ns (84.932%))
Logic Levels: 1 (LUT1=1)
Clock Path Skew: -0.273ns (DCD - SCD + CPR)
Destination Clock Delay (DCD): 2.660ns
Source Clock Delay (SCD): 2.933ns
Clock Pessimism Removal (CPR): 0.000ns
Clock Uncertainty: 0.496ns ((TSJ^2 + TIJ^2)^1/2 + DJ) / 2 + PE
Total System Jitter (TSJ): 0.071ns
Total Input Jitter (TIJ): 0.990ns
Discrete Jitter (DJ): 0.000ns
Phase Error (PE): 0.000ns
Timing Exception: False Path

    Location             Delay type                Incr(ns)  Path(ns)    Netlist Resource(s)

---

                         (clock clk_fpga_0 rise edge)
                                                      0.000     0.000 r
    PS7_X0Y0             PS7                          0.000     0.000 r  design_1_i/processing_system7_0/inst/PS7_i/FCLKCLK[0]
                         net (fo=1, routed)           1.193     1.193    design_1_i/processing_system7_0/inst/FCLK_CLK_unbuffered[0]
    BUFGCTRL_X0Y16       BUFG (Prop_bufg_I_O)         0.101     1.294 r  design_1_i/processing_system7_0/inst/buffer_fclk_clk_0.FCLK_CLK_0_BUFG/O
                         net (fo=9086, routed)        1.639     2.933    design_1_i/axi_smc/inst/clk_map/psr_aclk/U0/aclk
    SLICE_X51Y95         FDRE                                         r  design_1_i/axi_smc/inst/clk_map/psr_aclk/U0/ACTIVE_LOW_BSR_OUT_DFF[0].FDRE_BSR_N/C

---

    SLICE_X51Y95         FDRE (Prop_fdre_C_Q)         0.456     3.389 r  design_1_i/axi_smc/inst/clk_map/psr_aclk/U0/ACTIVE_LOW_BSR_OUT_DFF[0].FDRE_BSR_N/Q
                         net (fo=25, routed)          2.797     6.186    <hidden>
    SLICE_X34Y98         LUT1 (Prop_lut1_I0_O)        0.153     6.339 f  <hidden>
                         net (fo=3, routed)           0.636     6.975    <hidden>
    SLICE_X34Y98         FDCE                                         f  <hidden>

---

                         (clock clk_fpga_0 rise edge)
                                                      0.000     0.000 r
    PS7_X0Y0             PS7                          0.000     0.000 r  design_1_i/processing_system7_0/inst/PS7_i/FCLKCLK[0]
                         net (fo=1, routed)           1.088     1.088    design_1_i/processing_system7_0/inst/FCLK_CLK_unbuffered[0]
    BUFGCTRL_X0Y16       BUFG (Prop_bufg_I_O)         0.091     1.179 r  design_1_i/processing_system7_0/inst/buffer_fclk_clk_0.FCLK_CLK_0_BUFG/O
                         net (fo=9086, routed)        1.481     2.660    <hidden>
    SLICE_X34Y98         FDCE                                         r  <hidden>

Slack: inf
Source: design_1_i/axi_smc/inst/clk_map/psr_aclk/U0/ACTIVE_LOW_BSR_OUT_DFF[0].FDRE_BSR_N/C
(rising edge-triggered cell FDRE clocked by clk_fpga_0 {rise@0.000ns fall@16.500ns period=33.000ns})
Destination: <hidden>
(recovery check against rising-edge clock clk_fpga_0 {rise@0.000ns fall@16.500ns period=33.000ns})
Path Group: (none)
Path Type: Recovery (Max at Slow Process Corner)
Data Path Delay: 3.891ns (logic 0.580ns (14.905%) route 3.311ns (85.095%))
Logic Levels: 1 (LUT1=1)
Clock Path Skew: -0.274ns (DCD - SCD + CPR)
Destination Clock Delay (DCD): 2.659ns
Source Clock Delay (SCD): 2.933ns
Clock Pessimism Removal (CPR): 0.000ns
Clock Uncertainty: 0.496ns ((TSJ^2 + TIJ^2)^1/2 + DJ) / 2 + PE
Total System Jitter (TSJ): 0.071ns
Total Input Jitter (TIJ): 0.990ns
Discrete Jitter (DJ): 0.000ns
Phase Error (PE): 0.000ns
Timing Exception: False Path

    Location             Delay type                Incr(ns)  Path(ns)    Netlist Resource(s)

---

                         (clock clk_fpga_0 rise edge)
                                                      0.000     0.000 r
    PS7_X0Y0             PS7                          0.000     0.000 r  design_1_i/processing_system7_0/inst/PS7_i/FCLKCLK[0]
                         net (fo=1, routed)           1.193     1.193    design_1_i/processing_system7_0/inst/FCLK_CLK_unbuffered[0]
    BUFGCTRL_X0Y16       BUFG (Prop_bufg_I_O)         0.101     1.294 r  design_1_i/processing_system7_0/inst/buffer_fclk_clk_0.FCLK_CLK_0_BUFG/O
                         net (fo=9086, routed)        1.639     2.933    design_1_i/axi_smc/inst/clk_map/psr_aclk/U0/aclk
    SLICE_X51Y95         FDRE                                         r  design_1_i/axi_smc/inst/clk_map/psr_aclk/U0/ACTIVE_LOW_BSR_OUT_DFF[0].FDRE_BSR_N/C

---

    SLICE_X51Y95         FDRE (Prop_fdre_C_Q)         0.456     3.389 r  design_1_i/axi_smc/inst/clk_map/psr_aclk/U0/ACTIVE_LOW_BSR_OUT_DFF[0].FDRE_BSR_N/Q
                         net (fo=25, routed)          2.797     6.186    <hidden>
    SLICE_X34Y98         LUT1 (Prop_lut1_I0_O)        0.124     6.310 f  <hidden>
                         net (fo=3, routed)           0.514     6.824    <hidden>
    SLICE_X33Y98         FDCE                                         f  <hidden>

---

                         (clock clk_fpga_0 rise edge)
                                                      0.000     0.000 r
    PS7_X0Y0             PS7                          0.000     0.000 r  design_1_i/processing_system7_0/inst/PS7_i/FCLKCLK[0]
                         net (fo=1, routed)           1.088     1.088    design_1_i/processing_system7_0/inst/FCLK_CLK_unbuffered[0]
    BUFGCTRL_X0Y16       BUFG (Prop_bufg_I_O)         0.091     1.179 r  design_1_i/processing_system7_0/inst/buffer_fclk_clk_0.FCLK_CLK_0_BUFG/O
                         net (fo=9086, routed)        1.480     2.659    <hidden>
    SLICE_X33Y98         FDCE                                         r  <hidden>

Slack: inf
Source: design_1_i/axi_smc/inst/clk_map/psr_aclk/U0/ACTIVE_LOW_BSR_OUT_DFF[0].FDRE_BSR_N/C
(rising edge-triggered cell FDRE clocked by clk_fpga_0 {rise@0.000ns fall@16.500ns period=33.000ns})
Destination: <hidden>
(recovery check against rising-edge clock clk_fpga_0 {rise@0.000ns fall@16.500ns period=33.000ns})
Path Group: (none)
Path Type: Recovery (Max at Slow Process Corner)
Data Path Delay: 3.891ns (logic 0.580ns (14.905%) route 3.311ns (85.095%))
Logic Levels: 1 (LUT1=1)
Clock Path Skew: -0.274ns (DCD - SCD + CPR)
Destination Clock Delay (DCD): 2.659ns
Source Clock Delay (SCD): 2.933ns
Clock Pessimism Removal (CPR): 0.000ns
Clock Uncertainty: 0.496ns ((TSJ^2 + TIJ^2)^1/2 + DJ) / 2 + PE
Total System Jitter (TSJ): 0.071ns
Total Input Jitter (TIJ): 0.990ns
Discrete Jitter (DJ): 0.000ns
Phase Error (PE): 0.000ns
Timing Exception: False Path

    Location             Delay type                Incr(ns)  Path(ns)    Netlist Resource(s)

---

                         (clock clk_fpga_0 rise edge)
                                                      0.000     0.000 r
    PS7_X0Y0             PS7                          0.000     0.000 r  design_1_i/processing_system7_0/inst/PS7_i/FCLKCLK[0]
                         net (fo=1, routed)           1.193     1.193    design_1_i/processing_system7_0/inst/FCLK_CLK_unbuffered[0]
    BUFGCTRL_X0Y16       BUFG (Prop_bufg_I_O)         0.101     1.294 r  design_1_i/processing_system7_0/inst/buffer_fclk_clk_0.FCLK_CLK_0_BUFG/O
                         net (fo=9086, routed)        1.639     2.933    design_1_i/axi_smc/inst/clk_map/psr_aclk/U0/aclk
    SLICE_X51Y95         FDRE                                         r  design_1_i/axi_smc/inst/clk_map/psr_aclk/U0/ACTIVE_LOW_BSR_OUT_DFF[0].FDRE_BSR_N/C

---

    SLICE_X51Y95         FDRE (Prop_fdre_C_Q)         0.456     3.389 r  design_1_i/axi_smc/inst/clk_map/psr_aclk/U0/ACTIVE_LOW_BSR_OUT_DFF[0].FDRE_BSR_N/Q
                         net (fo=25, routed)          2.797     6.186    <hidden>
    SLICE_X34Y98         LUT1 (Prop_lut1_I0_O)        0.124     6.310 f  <hidden>
                         net (fo=3, routed)           0.514     6.824    <hidden>
    SLICE_X33Y98         FDCE                                         f  <hidden>

---

                         (clock clk_fpga_0 rise edge)
                                                      0.000     0.000 r
    PS7_X0Y0             PS7                          0.000     0.000 r  design_1_i/processing_system7_0/inst/PS7_i/FCLKCLK[0]
                         net (fo=1, routed)           1.088     1.088    design_1_i/processing_system7_0/inst/FCLK_CLK_unbuffered[0]
    BUFGCTRL_X0Y16       BUFG (Prop_bufg_I_O)         0.091     1.179 r  design_1_i/processing_system7_0/inst/buffer_fclk_clk_0.FCLK_CLK_0_BUFG/O
                         net (fo=9086, routed)        1.480     2.659    <hidden>
    SLICE_X33Y98         FDCE                                         r  <hidden>

Slack: inf
Source: design_1_i/axi_smc/inst/clk_map/psr_aclk/U0/ACTIVE_LOW_BSR_OUT_DFF[0].FDRE_BSR_N/C
(rising edge-triggered cell FDRE clocked by clk_fpga_0 {rise@0.000ns fall@16.500ns period=33.000ns})
Destination: <hidden>
(recovery check against rising-edge clock clk_fpga_0 {rise@0.000ns fall@16.500ns period=33.000ns})
Path Group: (none)
Path Type: Recovery (Max at Slow Process Corner)
Data Path Delay: 3.891ns (logic 0.580ns (14.905%) route 3.311ns (85.095%))
Logic Levels: 1 (LUT1=1)
Clock Path Skew: -0.274ns (DCD - SCD + CPR)
Destination Clock Delay (DCD): 2.659ns
Source Clock Delay (SCD): 2.933ns
Clock Pessimism Removal (CPR): 0.000ns
Clock Uncertainty: 0.496ns ((TSJ^2 + TIJ^2)^1/2 + DJ) / 2 + PE
Total System Jitter (TSJ): 0.071ns
Total Input Jitter (TIJ): 0.990ns
Discrete Jitter (DJ): 0.000ns
Phase Error (PE): 0.000ns
Timing Exception: False Path

    Location             Delay type                Incr(ns)  Path(ns)    Netlist Resource(s)

---

                         (clock clk_fpga_0 rise edge)
                                                      0.000     0.000 r
    PS7_X0Y0             PS7                          0.000     0.000 r  design_1_i/processing_system7_0/inst/PS7_i/FCLKCLK[0]
                         net (fo=1, routed)           1.193     1.193    design_1_i/processing_system7_0/inst/FCLK_CLK_unbuffered[0]
    BUFGCTRL_X0Y16       BUFG (Prop_bufg_I_O)         0.101     1.294 r  design_1_i/processing_system7_0/inst/buffer_fclk_clk_0.FCLK_CLK_0_BUFG/O
                         net (fo=9086, routed)        1.639     2.933    design_1_i/axi_smc/inst/clk_map/psr_aclk/U0/aclk
    SLICE_X51Y95         FDRE                                         r  design_1_i/axi_smc/inst/clk_map/psr_aclk/U0/ACTIVE_LOW_BSR_OUT_DFF[0].FDRE_BSR_N/C

---

    SLICE_X51Y95         FDRE (Prop_fdre_C_Q)         0.456     3.389 r  design_1_i/axi_smc/inst/clk_map/psr_aclk/U0/ACTIVE_LOW_BSR_OUT_DFF[0].FDRE_BSR_N/Q
                         net (fo=25, routed)          2.797     6.186    <hidden>
    SLICE_X34Y98         LUT1 (Prop_lut1_I0_O)        0.124     6.310 f  <hidden>
                         net (fo=3, routed)           0.514     6.824    <hidden>
    SLICE_X33Y98         FDCE                                         f  <hidden>

---

                         (clock clk_fpga_0 rise edge)
                                                      0.000     0.000 r
    PS7_X0Y0             PS7                          0.000     0.000 r  design_1_i/processing_system7_0/inst/PS7_i/FCLKCLK[0]
                         net (fo=1, routed)           1.088     1.088    design_1_i/processing_system7_0/inst/FCLK_CLK_unbuffered[0]
    BUFGCTRL_X0Y16       BUFG (Prop_bufg_I_O)         0.091     1.179 r  design_1_i/processing_system7_0/inst/buffer_fclk_clk_0.FCLK_CLK_0_BUFG/O
                         net (fo=9086, routed)        1.480     2.659    <hidden>
    SLICE_X33Y98         FDCE                                         r  <hidden>

## Min Delay Paths

Slack: inf
Source: design_1_i/rst_ps7_0_100M/U0/ACTIVE_LOW_PR_OUT_DFF[0].FDRE_PER_N/C
(rising edge-triggered cell FDRE clocked by clk_fpga_0 {rise@0.000ns fall@16.500ns period=33.000ns})
Destination: design_1_i/axi_dma_0/U0/I_RST_MODULE/REG_HRD_RST_OUT/GENERATE_LEVEL_P_S_CDC.SINGLE_BIT.CROSS_PLEVEL_IN2SCNDRY_IN_cdc_to/D
(rising edge-triggered cell FDRE clocked by clk_fpga_0 {rise@0.000ns fall@16.500ns period=33.000ns})
Path Group: (none)
Path Type: Hold (Min at Fast Process Corner)
Data Path Delay: 0.494ns (logic 0.141ns (28.565%) route 0.353ns (71.435%))
Logic Levels: 0  
 Clock Path Skew: 0.303ns (DCD - SCD - CPR)
Destination Clock Delay (DCD): 1.191ns
Source Clock Delay (SCD): 0.888ns
Clock Pessimism Removal (CPR): -0.000ns
Clock Uncertainty: 0.496ns ((TSJ^2 + TIJ^2)^1/2 + DJ) / 2 + PE
Total System Jitter (TSJ): 0.071ns
Total Input Jitter (TIJ): 0.990ns
Discrete Jitter (DJ): 0.000ns
Phase Error (PE): 0.000ns
Timing Exception: False Path

    Location             Delay type                Incr(ns)  Path(ns)    Netlist Resource(s)

---

                         (clock clk_fpga_0 rise edge)
                                                      0.000     0.000 r
    PS7_X0Y0             PS7                          0.000     0.000 r  design_1_i/processing_system7_0/inst/PS7_i/FCLKCLK[0]
                         net (fo=1, routed)           0.310     0.310    design_1_i/processing_system7_0/inst/FCLK_CLK_unbuffered[0]
    BUFGCTRL_X0Y16       BUFG (Prop_bufg_I_O)         0.026     0.336 r  design_1_i/processing_system7_0/inst/buffer_fclk_clk_0.FCLK_CLK_0_BUFG/O
                         net (fo=9086, routed)        0.552     0.888    design_1_i/rst_ps7_0_100M/U0/slowest_sync_clk
    SLICE_X52Y96         FDRE                                         r  design_1_i/rst_ps7_0_100M/U0/ACTIVE_LOW_PR_OUT_DFF[0].FDRE_PER_N/C

---

    SLICE_X52Y96         FDRE (Prop_fdre_C_Q)         0.141     1.029 r  design_1_i/rst_ps7_0_100M/U0/ACTIVE_LOW_PR_OUT_DFF[0].FDRE_PER_N/Q
                         net (fo=19, routed)          0.353     1.381    design_1_i/axi_dma_0/U0/I_RST_MODULE/REG_HRD_RST_OUT/axi_resetn
    SLICE_X40Y98         FDRE                                         r  design_1_i/axi_dma_0/U0/I_RST_MODULE/REG_HRD_RST_OUT/GENERATE_LEVEL_P_S_CDC.SINGLE_BIT.CROSS_PLEVEL_IN2SCNDRY_IN_cdc_to/D

---

                         (clock clk_fpga_0 rise edge)
                                                      0.000     0.000 r
    PS7_X0Y0             PS7                          0.000     0.000 r  design_1_i/processing_system7_0/inst/PS7_i/FCLKCLK[0]
                         net (fo=1, routed)           0.337     0.337    design_1_i/processing_system7_0/inst/FCLK_CLK_unbuffered[0]
    BUFGCTRL_X0Y16       BUFG (Prop_bufg_I_O)         0.029     0.366 r  design_1_i/processing_system7_0/inst/buffer_fclk_clk_0.FCLK_CLK_0_BUFG/O
                         net (fo=9086, routed)        0.825     1.191    design_1_i/axi_dma_0/U0/I_RST_MODULE/REG_HRD_RST_OUT/s_axi_lite_aclk
    SLICE_X40Y98         FDRE                                         r  design_1_i/axi_dma_0/U0/I_RST_MODULE/REG_HRD_RST_OUT/GENERATE_LEVEL_P_S_CDC.SINGLE_BIT.CROSS_PLEVEL_IN2SCNDRY_IN_cdc_to/C

Slack: inf
Source: design_1_i/rst_ps7_0_100M/U0/ACTIVE_LOW_PR_OUT_DFF[0].FDRE_PER_N/C
(rising edge-triggered cell FDRE clocked by clk_fpga_0 {rise@0.000ns fall@16.500ns period=33.000ns})
Destination: design_1_i/axi_smc/inst/clk_map/psr_aclk/U0/EXT_LPF/ACTIVE_LOW_AUX.ACT_LO_AUX/GENERATE_LEVEL_P_S_CDC.SINGLE_BIT.CROSS_PLEVEL_IN2SCNDRY_IN_cdc_to/D
(rising edge-triggered cell FDRE clocked by clk_fpga_0 {rise@0.000ns fall@16.500ns period=33.000ns})
Path Group: (none)
Path Type: Hold (Min at Fast Process Corner)
Data Path Delay: 0.590ns (logic 0.186ns (31.544%) route 0.404ns (68.456%))
Logic Levels: 1 (LUT1=1)
Clock Path Skew: 0.299ns (DCD - SCD - CPR)
Destination Clock Delay (DCD): 1.187ns
Source Clock Delay (SCD): 0.888ns
Clock Pessimism Removal (CPR): -0.000ns
Clock Uncertainty: 0.496ns ((TSJ^2 + TIJ^2)^1/2 + DJ) / 2 + PE
Total System Jitter (TSJ): 0.071ns
Total Input Jitter (TIJ): 0.990ns
Discrete Jitter (DJ): 0.000ns
Phase Error (PE): 0.000ns
Timing Exception: False Path

    Location             Delay type                Incr(ns)  Path(ns)    Netlist Resource(s)

---

                         (clock clk_fpga_0 rise edge)
                                                      0.000     0.000 r
    PS7_X0Y0             PS7                          0.000     0.000 r  design_1_i/processing_system7_0/inst/PS7_i/FCLKCLK[0]
                         net (fo=1, routed)           0.310     0.310    design_1_i/processing_system7_0/inst/FCLK_CLK_unbuffered[0]
    BUFGCTRL_X0Y16       BUFG (Prop_bufg_I_O)         0.026     0.336 r  design_1_i/processing_system7_0/inst/buffer_fclk_clk_0.FCLK_CLK_0_BUFG/O
                         net (fo=9086, routed)        0.552     0.888    design_1_i/rst_ps7_0_100M/U0/slowest_sync_clk
    SLICE_X52Y96         FDRE                                         r  design_1_i/rst_ps7_0_100M/U0/ACTIVE_LOW_PR_OUT_DFF[0].FDRE_PER_N/C

---

    SLICE_X52Y96         FDRE (Prop_fdre_C_Q)         0.141     1.029 f  design_1_i/rst_ps7_0_100M/U0/ACTIVE_LOW_PR_OUT_DFF[0].FDRE_PER_N/Q
                         net (fo=19, routed)          0.193     1.221    design_1_i/axi_smc/inst/clk_map/psr_aclk/U0/EXT_LPF/ACTIVE_LOW_AUX.ACT_LO_AUX/aresetn
    SLICE_X51Y97         LUT1 (Prop_lut1_I0_O)        0.045     1.266 r  design_1_i/axi_smc/inst/clk_map/psr_aclk/U0/EXT_LPF/ACTIVE_LOW_AUX.ACT_LO_AUX/GENERATE_LEVEL_P_S_CDC.SINGLE_BIT.CROSS_PLEVEL_IN2SCNDRY_IN_cdc_to_i_1/O
                         net (fo=1, routed)           0.211     1.477    design_1_i/axi_smc/inst/clk_map/psr_aclk/U0/EXT_LPF/ACTIVE_LOW_AUX.ACT_LO_AUX/asr_d1
    SLICE_X51Y97         FDRE                                         r  design_1_i/axi_smc/inst/clk_map/psr_aclk/U0/EXT_LPF/ACTIVE_LOW_AUX.ACT_LO_AUX/GENERATE_LEVEL_P_S_CDC.SINGLE_BIT.CROSS_PLEVEL_IN2SCNDRY_IN_cdc_to/D

---

                         (clock clk_fpga_0 rise edge)
                                                      0.000     0.000 r
    PS7_X0Y0             PS7                          0.000     0.000 r  design_1_i/processing_system7_0/inst/PS7_i/FCLKCLK[0]
                         net (fo=1, routed)           0.337     0.337    design_1_i/processing_system7_0/inst/FCLK_CLK_unbuffered[0]
    BUFGCTRL_X0Y16       BUFG (Prop_bufg_I_O)         0.029     0.366 r  design_1_i/processing_system7_0/inst/buffer_fclk_clk_0.FCLK_CLK_0_BUFG/O
                         net (fo=9086, routed)        0.821     1.187    design_1_i/axi_smc/inst/clk_map/psr_aclk/U0/EXT_LPF/ACTIVE_LOW_AUX.ACT_LO_AUX/aclk
    SLICE_X51Y97         FDRE                                         r  design_1_i/axi_smc/inst/clk_map/psr_aclk/U0/EXT_LPF/ACTIVE_LOW_AUX.ACT_LO_AUX/GENERATE_LEVEL_P_S_CDC.SINGLE_BIT.CROSS_PLEVEL_IN2SCNDRY_IN_cdc_to/C

Slack: inf
Source: design_1_i/rst_ps7_0_100M/U0/ACTIVE_LOW_PR_OUT_DFF[0].FDRE_PER_N/C
(rising edge-triggered cell FDRE clocked by clk_fpga_0 {rise@0.000ns fall@16.500ns period=33.000ns})
Destination: design_1_i/axi_dma_0/U0/I_RST_MODULE/REG_HRD_RST/GENERATE_LEVEL_P_S_CDC.SINGLE_BIT.CROSS_PLEVEL_IN2SCNDRY_IN_cdc_to/D
(rising edge-triggered cell FDRE clocked by clk_fpga_0 {rise@0.000ns fall@16.500ns period=33.000ns})
Path Group: (none)
Path Type: Hold (Min at Fast Process Corner)
Data Path Delay: 0.675ns (logic 0.141ns (20.891%) route 0.534ns (79.109%))
Logic Levels: 0  
 Clock Path Skew: 0.297ns (DCD - SCD - CPR)
Destination Clock Delay (DCD): 1.185ns
Source Clock Delay (SCD): 0.888ns
Clock Pessimism Removal (CPR): -0.000ns
Clock Uncertainty: 0.496ns ((TSJ^2 + TIJ^2)^1/2 + DJ) / 2 + PE
Total System Jitter (TSJ): 0.071ns
Total Input Jitter (TIJ): 0.990ns
Discrete Jitter (DJ): 0.000ns
Phase Error (PE): 0.000ns
Timing Exception: False Path

    Location             Delay type                Incr(ns)  Path(ns)    Netlist Resource(s)

---

                         (clock clk_fpga_0 rise edge)
                                                      0.000     0.000 r
    PS7_X0Y0             PS7                          0.000     0.000 r  design_1_i/processing_system7_0/inst/PS7_i/FCLKCLK[0]
                         net (fo=1, routed)           0.310     0.310    design_1_i/processing_system7_0/inst/FCLK_CLK_unbuffered[0]
    BUFGCTRL_X0Y16       BUFG (Prop_bufg_I_O)         0.026     0.336 r  design_1_i/processing_system7_0/inst/buffer_fclk_clk_0.FCLK_CLK_0_BUFG/O
                         net (fo=9086, routed)        0.552     0.888    design_1_i/rst_ps7_0_100M/U0/slowest_sync_clk
    SLICE_X52Y96         FDRE                                         r  design_1_i/rst_ps7_0_100M/U0/ACTIVE_LOW_PR_OUT_DFF[0].FDRE_PER_N/C

---

    SLICE_X52Y96         FDRE (Prop_fdre_C_Q)         0.141     1.029 r  design_1_i/rst_ps7_0_100M/U0/ACTIVE_LOW_PR_OUT_DFF[0].FDRE_PER_N/Q
                         net (fo=19, routed)          0.534     1.563    design_1_i/axi_dma_0/U0/I_RST_MODULE/REG_HRD_RST/axi_resetn
    SLICE_X40Y86         FDRE                                         r  design_1_i/axi_dma_0/U0/I_RST_MODULE/REG_HRD_RST/GENERATE_LEVEL_P_S_CDC.SINGLE_BIT.CROSS_PLEVEL_IN2SCNDRY_IN_cdc_to/D

---

                         (clock clk_fpga_0 rise edge)
                                                      0.000     0.000 r
    PS7_X0Y0             PS7                          0.000     0.000 r  design_1_i/processing_system7_0/inst/PS7_i/FCLKCLK[0]
                         net (fo=1, routed)           0.337     0.337    design_1_i/processing_system7_0/inst/FCLK_CLK_unbuffered[0]
    BUFGCTRL_X0Y16       BUFG (Prop_bufg_I_O)         0.029     0.366 r  design_1_i/processing_system7_0/inst/buffer_fclk_clk_0.FCLK_CLK_0_BUFG/O
                         net (fo=9086, routed)        0.819     1.185    design_1_i/axi_dma_0/U0/I_RST_MODULE/REG_HRD_RST/s_axi_lite_aclk
    SLICE_X40Y86         FDRE                                         r  design_1_i/axi_dma_0/U0/I_RST_MODULE/REG_HRD_RST/GENERATE_LEVEL_P_S_CDC.SINGLE_BIT.CROSS_PLEVEL_IN2SCNDRY_IN_cdc_to/C

Slack: inf
Source: design_1_i/axi_smc/inst/clk_map/psr_aclk/U0/ACTIVE_LOW_BSR_OUT_DFF[0].FDRE_BSR_N/C
(rising edge-triggered cell FDRE clocked by clk_fpga_0 {rise@0.000ns fall@16.500ns period=33.000ns})
Destination: <hidden>
(removal check against rising-edge clock clk_fpga_0 {rise@0.000ns fall@16.500ns period=33.000ns})
Path Group: (none)
Path Type: Removal (Min at Fast Process Corner)
Data Path Delay: 0.729ns (logic 0.185ns (25.393%) route 0.544ns (74.607%))
Logic Levels: 1 (LUT1=1)
Clock Path Skew: 0.303ns (DCD - SCD - CPR)
Destination Clock Delay (DCD): 1.191ns
Source Clock Delay (SCD): 0.888ns
Clock Pessimism Removal (CPR): -0.000ns
Clock Uncertainty: 0.496ns ((TSJ^2 + TIJ^2)^1/2 + DJ) / 2 + PE
Total System Jitter (TSJ): 0.071ns
Total Input Jitter (TIJ): 0.990ns
Discrete Jitter (DJ): 0.000ns
Phase Error (PE): 0.000ns
Timing Exception: False Path

    Location             Delay type                Incr(ns)  Path(ns)    Netlist Resource(s)

---

                         (clock clk_fpga_0 rise edge)
                                                      0.000     0.000 r
    PS7_X0Y0             PS7                          0.000     0.000 r  design_1_i/processing_system7_0/inst/PS7_i/FCLKCLK[0]
                         net (fo=1, routed)           0.310     0.310    design_1_i/processing_system7_0/inst/FCLK_CLK_unbuffered[0]
    BUFGCTRL_X0Y16       BUFG (Prop_bufg_I_O)         0.026     0.336 r  design_1_i/processing_system7_0/inst/buffer_fclk_clk_0.FCLK_CLK_0_BUFG/O
                         net (fo=9086, routed)        0.552     0.888    design_1_i/axi_smc/inst/clk_map/psr_aclk/U0/aclk
    SLICE_X51Y95         FDRE                                         r  design_1_i/axi_smc/inst/clk_map/psr_aclk/U0/ACTIVE_LOW_BSR_OUT_DFF[0].FDRE_BSR_N/C

---

    SLICE_X51Y95         FDRE (Prop_fdre_C_Q)         0.141     1.029 r  design_1_i/axi_smc/inst/clk_map/psr_aclk/U0/ACTIVE_LOW_BSR_OUT_DFF[0].FDRE_BSR_N/Q
                         net (fo=25, routed)          0.367     1.395    <hidden>
    SLICE_X49Y97         LUT1 (Prop_lut1_I0_O)        0.044     1.439 f  <hidden>
                         net (fo=3, routed)           0.177     1.616    <hidden>
    SLICE_X49Y97         FDCE                                         f  <hidden>

---

                         (clock clk_fpga_0 rise edge)
                                                      0.000     0.000 r
    PS7_X0Y0             PS7                          0.000     0.000 r  design_1_i/processing_system7_0/inst/PS7_i/FCLKCLK[0]
                         net (fo=1, routed)           0.337     0.337    design_1_i/processing_system7_0/inst/FCLK_CLK_unbuffered[0]
    BUFGCTRL_X0Y16       BUFG (Prop_bufg_I_O)         0.029     0.366 r  design_1_i/processing_system7_0/inst/buffer_fclk_clk_0.FCLK_CLK_0_BUFG/O
                         net (fo=9086, routed)        0.825     1.191    <hidden>
    SLICE_X49Y97         FDCE                                         r  <hidden>

Slack: inf
Source: design_1_i/axi_smc/inst/clk_map/psr_aclk/U0/ACTIVE_LOW_BSR_OUT_DFF[0].FDRE_BSR_N/C
(rising edge-triggered cell FDRE clocked by clk_fpga_0 {rise@0.000ns fall@16.500ns period=33.000ns})
Destination: <hidden>
(removal check against rising-edge clock clk_fpga_0 {rise@0.000ns fall@16.500ns period=33.000ns})
Path Group: (none)
Path Type: Removal (Min at Fast Process Corner)
Data Path Delay: 0.729ns (logic 0.185ns (25.393%) route 0.544ns (74.607%))
Logic Levels: 1 (LUT1=1)
Clock Path Skew: 0.303ns (DCD - SCD - CPR)
Destination Clock Delay (DCD): 1.191ns
Source Clock Delay (SCD): 0.888ns
Clock Pessimism Removal (CPR): -0.000ns
Clock Uncertainty: 0.496ns ((TSJ^2 + TIJ^2)^1/2 + DJ) / 2 + PE
Total System Jitter (TSJ): 0.071ns
Total Input Jitter (TIJ): 0.990ns
Discrete Jitter (DJ): 0.000ns
Phase Error (PE): 0.000ns
Timing Exception: False Path

    Location             Delay type                Incr(ns)  Path(ns)    Netlist Resource(s)

---

                         (clock clk_fpga_0 rise edge)
                                                      0.000     0.000 r
    PS7_X0Y0             PS7                          0.000     0.000 r  design_1_i/processing_system7_0/inst/PS7_i/FCLKCLK[0]
                         net (fo=1, routed)           0.310     0.310    design_1_i/processing_system7_0/inst/FCLK_CLK_unbuffered[0]
    BUFGCTRL_X0Y16       BUFG (Prop_bufg_I_O)         0.026     0.336 r  design_1_i/processing_system7_0/inst/buffer_fclk_clk_0.FCLK_CLK_0_BUFG/O
                         net (fo=9086, routed)        0.552     0.888    design_1_i/axi_smc/inst/clk_map/psr_aclk/U0/aclk
    SLICE_X51Y95         FDRE                                         r  design_1_i/axi_smc/inst/clk_map/psr_aclk/U0/ACTIVE_LOW_BSR_OUT_DFF[0].FDRE_BSR_N/C

---

    SLICE_X51Y95         FDRE (Prop_fdre_C_Q)         0.141     1.029 r  design_1_i/axi_smc/inst/clk_map/psr_aclk/U0/ACTIVE_LOW_BSR_OUT_DFF[0].FDRE_BSR_N/Q
                         net (fo=25, routed)          0.367     1.395    <hidden>
    SLICE_X49Y97         LUT1 (Prop_lut1_I0_O)        0.044     1.439 f  <hidden>
                         net (fo=3, routed)           0.177     1.616    <hidden>
    SLICE_X49Y97         FDCE                                         f  <hidden>

---

                         (clock clk_fpga_0 rise edge)
                                                      0.000     0.000 r
    PS7_X0Y0             PS7                          0.000     0.000 r  design_1_i/processing_system7_0/inst/PS7_i/FCLKCLK[0]
                         net (fo=1, routed)           0.337     0.337    design_1_i/processing_system7_0/inst/FCLK_CLK_unbuffered[0]
    BUFGCTRL_X0Y16       BUFG (Prop_bufg_I_O)         0.029     0.366 r  design_1_i/processing_system7_0/inst/buffer_fclk_clk_0.FCLK_CLK_0_BUFG/O
                         net (fo=9086, routed)        0.825     1.191    <hidden>
    SLICE_X49Y97         FDCE                                         r  <hidden>

Slack: inf
Source: design_1_i/axi_smc/inst/clk_map/psr_aclk/U0/ACTIVE_LOW_BSR_OUT_DFF[0].FDRE_BSR_N/C
(rising edge-triggered cell FDRE clocked by clk_fpga_0 {rise@0.000ns fall@16.500ns period=33.000ns})
Destination: <hidden>
(removal check against rising-edge clock clk_fpga_0 {rise@0.000ns fall@16.500ns period=33.000ns})
Path Group: (none)
Path Type: Removal (Min at Fast Process Corner)
Data Path Delay: 0.729ns (logic 0.185ns (25.393%) route 0.544ns (74.607%))
Logic Levels: 1 (LUT1=1)
Clock Path Skew: 0.303ns (DCD - SCD - CPR)
Destination Clock Delay (DCD): 1.191ns
Source Clock Delay (SCD): 0.888ns
Clock Pessimism Removal (CPR): -0.000ns
Clock Uncertainty: 0.496ns ((TSJ^2 + TIJ^2)^1/2 + DJ) / 2 + PE
Total System Jitter (TSJ): 0.071ns
Total Input Jitter (TIJ): 0.990ns
Discrete Jitter (DJ): 0.000ns
Phase Error (PE): 0.000ns
Timing Exception: False Path

    Location             Delay type                Incr(ns)  Path(ns)    Netlist Resource(s)

---

                         (clock clk_fpga_0 rise edge)
                                                      0.000     0.000 r
    PS7_X0Y0             PS7                          0.000     0.000 r  design_1_i/processing_system7_0/inst/PS7_i/FCLKCLK[0]
                         net (fo=1, routed)           0.310     0.310    design_1_i/processing_system7_0/inst/FCLK_CLK_unbuffered[0]
    BUFGCTRL_X0Y16       BUFG (Prop_bufg_I_O)         0.026     0.336 r  design_1_i/processing_system7_0/inst/buffer_fclk_clk_0.FCLK_CLK_0_BUFG/O
                         net (fo=9086, routed)        0.552     0.888    design_1_i/axi_smc/inst/clk_map/psr_aclk/U0/aclk
    SLICE_X51Y95         FDRE                                         r  design_1_i/axi_smc/inst/clk_map/psr_aclk/U0/ACTIVE_LOW_BSR_OUT_DFF[0].FDRE_BSR_N/C

---

    SLICE_X51Y95         FDRE (Prop_fdre_C_Q)         0.141     1.029 r  design_1_i/axi_smc/inst/clk_map/psr_aclk/U0/ACTIVE_LOW_BSR_OUT_DFF[0].FDRE_BSR_N/Q
                         net (fo=25, routed)          0.367     1.395    <hidden>
    SLICE_X49Y97         LUT1 (Prop_lut1_I0_O)        0.044     1.439 f  <hidden>
                         net (fo=3, routed)           0.177     1.616    <hidden>
    SLICE_X49Y97         FDCE                                         f  <hidden>

---

                         (clock clk_fpga_0 rise edge)
                                                      0.000     0.000 r
    PS7_X0Y0             PS7                          0.000     0.000 r  design_1_i/processing_system7_0/inst/PS7_i/FCLKCLK[0]
                         net (fo=1, routed)           0.337     0.337    design_1_i/processing_system7_0/inst/FCLK_CLK_unbuffered[0]
    BUFGCTRL_X0Y16       BUFG (Prop_bufg_I_O)         0.029     0.366 r  design_1_i/processing_system7_0/inst/buffer_fclk_clk_0.FCLK_CLK_0_BUFG/O
                         net (fo=9086, routed)        0.825     1.191    <hidden>
    SLICE_X49Y97         FDCE                                         r  <hidden>

Slack: inf
Source: design_1_i/axi_smc/inst/clk_map/psr_aclk/U0/ACTIVE_LOW_BSR_OUT_DFF[0].FDRE_BSR_N/C
(rising edge-triggered cell FDRE clocked by clk_fpga_0 {rise@0.000ns fall@16.500ns period=33.000ns})
Destination: <hidden>
(removal check against rising-edge clock clk_fpga_0 {rise@0.000ns fall@16.500ns period=33.000ns})
Path Group: (none)
Path Type: Removal (Min at Fast Process Corner)
Data Path Delay: 0.788ns (logic 0.186ns (23.608%) route 0.602ns (76.392%))
Logic Levels: 1 (LUT1=1)
Clock Path Skew: 0.303ns (DCD - SCD - CPR)
Destination Clock Delay (DCD): 1.191ns
Source Clock Delay (SCD): 0.888ns
Clock Pessimism Removal (CPR): -0.000ns
Clock Uncertainty: 0.496ns ((TSJ^2 + TIJ^2)^1/2 + DJ) / 2 + PE
Total System Jitter (TSJ): 0.071ns
Total Input Jitter (TIJ): 0.990ns
Discrete Jitter (DJ): 0.000ns
Phase Error (PE): 0.000ns
Timing Exception: False Path

    Location             Delay type                Incr(ns)  Path(ns)    Netlist Resource(s)

---

                         (clock clk_fpga_0 rise edge)
                                                      0.000     0.000 r
    PS7_X0Y0             PS7                          0.000     0.000 r  design_1_i/processing_system7_0/inst/PS7_i/FCLKCLK[0]
                         net (fo=1, routed)           0.310     0.310    design_1_i/processing_system7_0/inst/FCLK_CLK_unbuffered[0]
    BUFGCTRL_X0Y16       BUFG (Prop_bufg_I_O)         0.026     0.336 r  design_1_i/processing_system7_0/inst/buffer_fclk_clk_0.FCLK_CLK_0_BUFG/O
                         net (fo=9086, routed)        0.552     0.888    design_1_i/axi_smc/inst/clk_map/psr_aclk/U0/aclk
    SLICE_X51Y95         FDRE                                         r  design_1_i/axi_smc/inst/clk_map/psr_aclk/U0/ACTIVE_LOW_BSR_OUT_DFF[0].FDRE_BSR_N/C

---

    SLICE_X51Y95         FDRE (Prop_fdre_C_Q)         0.141     1.029 r  design_1_i/axi_smc/inst/clk_map/psr_aclk/U0/ACTIVE_LOW_BSR_OUT_DFF[0].FDRE_BSR_N/Q
                         net (fo=25, routed)          0.367     1.395    <hidden>
    SLICE_X49Y97         LUT1 (Prop_lut1_I0_O)        0.045     1.440 f  <hidden>
                         net (fo=3, routed)           0.235     1.675    <hidden>
    SLICE_X48Y97         FDCE                                         f  <hidden>

---

                         (clock clk_fpga_0 rise edge)
                                                      0.000     0.000 r
    PS7_X0Y0             PS7                          0.000     0.000 r  design_1_i/processing_system7_0/inst/PS7_i/FCLKCLK[0]
                         net (fo=1, routed)           0.337     0.337    design_1_i/processing_system7_0/inst/FCLK_CLK_unbuffered[0]
    BUFGCTRL_X0Y16       BUFG (Prop_bufg_I_O)         0.029     0.366 r  design_1_i/processing_system7_0/inst/buffer_fclk_clk_0.FCLK_CLK_0_BUFG/O
                         net (fo=9086, routed)        0.825     1.191    <hidden>
    SLICE_X48Y97         FDCE                                         r  <hidden>

Slack: inf
Source: design_1_i/axi_smc/inst/clk_map/psr_aclk/U0/ACTIVE_LOW_BSR_OUT_DFF[0].FDRE_BSR_N/C
(rising edge-triggered cell FDRE clocked by clk_fpga_0 {rise@0.000ns fall@16.500ns period=33.000ns})
Destination: <hidden>
(removal check against rising-edge clock clk_fpga_0 {rise@0.000ns fall@16.500ns period=33.000ns})
Path Group: (none)
Path Type: Removal (Min at Fast Process Corner)
Data Path Delay: 0.788ns (logic 0.186ns (23.608%) route 0.602ns (76.392%))
Logic Levels: 1 (LUT1=1)
Clock Path Skew: 0.303ns (DCD - SCD - CPR)
Destination Clock Delay (DCD): 1.191ns
Source Clock Delay (SCD): 0.888ns
Clock Pessimism Removal (CPR): -0.000ns
Clock Uncertainty: 0.496ns ((TSJ^2 + TIJ^2)^1/2 + DJ) / 2 + PE
Total System Jitter (TSJ): 0.071ns
Total Input Jitter (TIJ): 0.990ns
Discrete Jitter (DJ): 0.000ns
Phase Error (PE): 0.000ns
Timing Exception: False Path

    Location             Delay type                Incr(ns)  Path(ns)    Netlist Resource(s)

---

                         (clock clk_fpga_0 rise edge)
                                                      0.000     0.000 r
    PS7_X0Y0             PS7                          0.000     0.000 r  design_1_i/processing_system7_0/inst/PS7_i/FCLKCLK[0]
                         net (fo=1, routed)           0.310     0.310    design_1_i/processing_system7_0/inst/FCLK_CLK_unbuffered[0]
    BUFGCTRL_X0Y16       BUFG (Prop_bufg_I_O)         0.026     0.336 r  design_1_i/processing_system7_0/inst/buffer_fclk_clk_0.FCLK_CLK_0_BUFG/O
                         net (fo=9086, routed)        0.552     0.888    design_1_i/axi_smc/inst/clk_map/psr_aclk/U0/aclk
    SLICE_X51Y95         FDRE                                         r  design_1_i/axi_smc/inst/clk_map/psr_aclk/U0/ACTIVE_LOW_BSR_OUT_DFF[0].FDRE_BSR_N/C

---

    SLICE_X51Y95         FDRE (Prop_fdre_C_Q)         0.141     1.029 r  design_1_i/axi_smc/inst/clk_map/psr_aclk/U0/ACTIVE_LOW_BSR_OUT_DFF[0].FDRE_BSR_N/Q
                         net (fo=25, routed)          0.367     1.395    <hidden>
    SLICE_X49Y97         LUT1 (Prop_lut1_I0_O)        0.045     1.440 f  <hidden>
                         net (fo=3, routed)           0.235     1.675    <hidden>
    SLICE_X48Y97         FDCE                                         f  <hidden>

---

                         (clock clk_fpga_0 rise edge)
                                                      0.000     0.000 r
    PS7_X0Y0             PS7                          0.000     0.000 r  design_1_i/processing_system7_0/inst/PS7_i/FCLKCLK[0]
                         net (fo=1, routed)           0.337     0.337    design_1_i/processing_system7_0/inst/FCLK_CLK_unbuffered[0]
    BUFGCTRL_X0Y16       BUFG (Prop_bufg_I_O)         0.029     0.366 r  design_1_i/processing_system7_0/inst/buffer_fclk_clk_0.FCLK_CLK_0_BUFG/O
                         net (fo=9086, routed)        0.825     1.191    <hidden>
    SLICE_X48Y97         FDCE                                         r  <hidden>

Slack: inf
Source: design_1_i/axi_smc/inst/clk_map/psr_aclk/U0/ACTIVE_LOW_BSR_OUT_DFF[0].FDRE_BSR_N/C
(rising edge-triggered cell FDRE clocked by clk_fpga_0 {rise@0.000ns fall@16.500ns period=33.000ns})
Destination: <hidden>
(removal check against rising-edge clock clk_fpga_0 {rise@0.000ns fall@16.500ns period=33.000ns})
Path Group: (none)
Path Type: Removal (Min at Fast Process Corner)
Data Path Delay: 0.788ns (logic 0.186ns (23.608%) route 0.602ns (76.392%))
Logic Levels: 1 (LUT1=1)
Clock Path Skew: 0.303ns (DCD - SCD - CPR)
Destination Clock Delay (DCD): 1.191ns
Source Clock Delay (SCD): 0.888ns
Clock Pessimism Removal (CPR): -0.000ns
Clock Uncertainty: 0.496ns ((TSJ^2 + TIJ^2)^1/2 + DJ) / 2 + PE
Total System Jitter (TSJ): 0.071ns
Total Input Jitter (TIJ): 0.990ns
Discrete Jitter (DJ): 0.000ns
Phase Error (PE): 0.000ns
Timing Exception: False Path

    Location             Delay type                Incr(ns)  Path(ns)    Netlist Resource(s)

---

                         (clock clk_fpga_0 rise edge)
                                                      0.000     0.000 r
    PS7_X0Y0             PS7                          0.000     0.000 r  design_1_i/processing_system7_0/inst/PS7_i/FCLKCLK[0]
                         net (fo=1, routed)           0.310     0.310    design_1_i/processing_system7_0/inst/FCLK_CLK_unbuffered[0]
    BUFGCTRL_X0Y16       BUFG (Prop_bufg_I_O)         0.026     0.336 r  design_1_i/processing_system7_0/inst/buffer_fclk_clk_0.FCLK_CLK_0_BUFG/O
                         net (fo=9086, routed)        0.552     0.888    design_1_i/axi_smc/inst/clk_map/psr_aclk/U0/aclk
    SLICE_X51Y95         FDRE                                         r  design_1_i/axi_smc/inst/clk_map/psr_aclk/U0/ACTIVE_LOW_BSR_OUT_DFF[0].FDRE_BSR_N/C

---

    SLICE_X51Y95         FDRE (Prop_fdre_C_Q)         0.141     1.029 r  design_1_i/axi_smc/inst/clk_map/psr_aclk/U0/ACTIVE_LOW_BSR_OUT_DFF[0].FDRE_BSR_N/Q
                         net (fo=25, routed)          0.367     1.395    <hidden>
    SLICE_X49Y97         LUT1 (Prop_lut1_I0_O)        0.045     1.440 f  <hidden>
                         net (fo=3, routed)           0.235     1.675    <hidden>
    SLICE_X48Y97         FDCE                                         f  <hidden>

---

                         (clock clk_fpga_0 rise edge)
                                                      0.000     0.000 r
    PS7_X0Y0             PS7                          0.000     0.000 r  design_1_i/processing_system7_0/inst/PS7_i/FCLKCLK[0]
                         net (fo=1, routed)           0.337     0.337    design_1_i/processing_system7_0/inst/FCLK_CLK_unbuffered[0]
    BUFGCTRL_X0Y16       BUFG (Prop_bufg_I_O)         0.029     0.366 r  design_1_i/processing_system7_0/inst/buffer_fclk_clk_0.FCLK_CLK_0_BUFG/O
                         net (fo=9086, routed)        0.825     1.191    <hidden>
    SLICE_X48Y97         FDCE                                         r  <hidden>

Slack: inf
Source: design_1_i/axi_smc/inst/clk_map/psr_aclk/U0/ACTIVE_LOW_BSR_OUT_DFF[0].FDRE_BSR_N/C
(rising edge-triggered cell FDRE clocked by clk_fpga_0 {rise@0.000ns fall@16.500ns period=33.000ns})
Destination: <hidden>
(removal check against rising-edge clock clk_fpga_0 {rise@0.000ns fall@16.500ns period=33.000ns})
Path Group: (none)
Path Type: Removal (Min at Fast Process Corner)
Data Path Delay: 0.844ns (logic 0.186ns (22.045%) route 0.658ns (77.955%))
Logic Levels: 1 (LUT1=1)
Clock Path Skew: 0.303ns (DCD - SCD - CPR)
Destination Clock Delay (DCD): 1.191ns
Source Clock Delay (SCD): 0.888ns
Clock Pessimism Removal (CPR): -0.000ns
Clock Uncertainty: 0.496ns ((TSJ^2 + TIJ^2)^1/2 + DJ) / 2 + PE
Total System Jitter (TSJ): 0.071ns
Total Input Jitter (TIJ): 0.990ns
Discrete Jitter (DJ): 0.000ns
Phase Error (PE): 0.000ns
Timing Exception: False Path

    Location             Delay type                Incr(ns)  Path(ns)    Netlist Resource(s)

---

                         (clock clk_fpga_0 rise edge)
                                                      0.000     0.000 r
    PS7_X0Y0             PS7                          0.000     0.000 r  design_1_i/processing_system7_0/inst/PS7_i/FCLKCLK[0]
                         net (fo=1, routed)           0.310     0.310    design_1_i/processing_system7_0/inst/FCLK_CLK_unbuffered[0]
    BUFGCTRL_X0Y16       BUFG (Prop_bufg_I_O)         0.026     0.336 r  design_1_i/processing_system7_0/inst/buffer_fclk_clk_0.FCLK_CLK_0_BUFG/O
                         net (fo=9086, routed)        0.552     0.888    design_1_i/axi_smc/inst/clk_map/psr_aclk/U0/aclk
    SLICE_X51Y95         FDRE                                         r  design_1_i/axi_smc/inst/clk_map/psr_aclk/U0/ACTIVE_LOW_BSR_OUT_DFF[0].FDRE_BSR_N/C

---

    SLICE_X51Y95         FDRE (Prop_fdre_C_Q)         0.141     1.029 r  design_1_i/axi_smc/inst/clk_map/psr_aclk/U0/ACTIVE_LOW_BSR_OUT_DFF[0].FDRE_BSR_N/Q
                         net (fo=25, routed)          0.427     1.456    <hidden>
    SLICE_X47Y98         LUT1 (Prop_lut1_I0_O)        0.045     1.501 f  <hidden>
                         net (fo=3, routed)           0.231     1.731    <hidden>
    SLICE_X47Y98         FDCE                                         f  <hidden>

---

                         (clock clk_fpga_0 rise edge)
                                                      0.000     0.000 r
    PS7_X0Y0             PS7                          0.000     0.000 r  design_1_i/processing_system7_0/inst/PS7_i/FCLKCLK[0]
                         net (fo=1, routed)           0.337     0.337    design_1_i/processing_system7_0/inst/FCLK_CLK_unbuffered[0]
    BUFGCTRL_X0Y16       BUFG (Prop_bufg_I_O)         0.029     0.366 r  design_1_i/processing_system7_0/inst/buffer_fclk_clk_0.FCLK_CLK_0_BUFG/O
                         net (fo=9086, routed)        0.825     1.191    <hidden>
    SLICE_X47Y98         FDCE                                         r  <hidden>
